Id,Player Rating
M00001_P00055,5.28
M00001_P00057,0.0
M00001_P00059,5.67
M00001_P00064,0.0
M00001_P00066,8.14
M00001_P00071,6.65
M00001_P00077,0.0
M00001_P01223,0.0
M00001_P01234,0.0
M00001_P01236,0.0
M00001_P01241,7.39
M00001_P01242,0.0
M00002_P00136,7.1
M00002_P00141,6.54
M00002_P00148,0.0
M00002_P00156,5.94
M00002_P00625,0.0
M00002_P00630,6.78
M00002_P00632,5.64
M00002_P00635,7.28
M00002_P00644,0.0
M00002_P00645,0.0
M00002_P00650,5.9
M00003_P01020,7.36
M00003_P01034,5.03
M00003_P01037,6.74
M00003_P01038,5.86
M00003_P01041,5.9
M00003_P01042,0.0
M00003_P01048,6.12
M00003_P01049,0.0
M00003_P01051,0.0
M00003_P01055,0.0
M00003_P01063,6.03
M00003_P01064,5.52
M00004_P00108,0.0
M00004_P00110,0.0
M00004_P00114,6.47
M00004_P00124,7.26
M00004_P00129,5.22
M00004_P01177,6.56
M00004_P01182,5.36
M00004_P01184,0.0
M00004_P01193,5.88
M00004_P01196,6.9
M00005_P00136,6.68
M00005_P00141,7.18
M00005_P00148,0.0
M00005_P00156,0.0
M00005_P00478,5.93
M00005_P00479,8.28
M00005_P00486,0.0
M00005_P00491,0.0
M00006_P00443,0.0
M00006_P00448,5.56
M00006_P00452,0.0
M00006_P00462,6.18
M00006_P00463,5.59
M00006_P00465,6.55
M00006_P00468,6.17
M00006_P00625,0.0
M00006_P00630,0.0
M00006_P00632,5.45
M00006_P00635,6.69
M00006_P00644,7.66
M00006_P00645,0.0
M00006_P00650,7.14
M00007_P00266,6.53
M00007_P00271,6.88
M00007_P00278,5.48
M00007_P00286,0.0
M00007_P00625,0.0
M00007_P00630,0.0
M00007_P00632,6.15
M00007_P00635,7.28
M00007_P00644,0.0
M00007_P00645,6.71
M00007_P00650,6.46
M00008_P00443,6.8
M00008_P00448,0.0
M00008_P00452,0.0
M00008_P00462,6.86
M00008_P00463,0.0
M00008_P00465,6.01
M00008_P00468,6.99
M00008_P01099,6.61
M00008_P01107,5.2
M00008_P01108,0.0
M00008_P01109,0.0
M00008_P01114,5.48
M00008_P01118,6.07
M00009_P00991,0.0
M00009_P00993,6.22
M00009_P00997,6.14
M00009_P01000,0.0
M00009_P01010,5.54
M00009_P01070,0.0
M00009_P01074,0.0
M00009_P01082,0.0
M00010_P00266,0.0
M00010_P00271,5.46
M00010_P00278,0.0
M00010_P00286,0.0
M00010_P00782,0.0
M00010_P00786,0.0
M00010_P00788,6.04
M00010_P00797,6.79
M00010_P00803,7.52
M00011_P01041,0.0
M00011_P01042,0.0
M00011_P01048,0.0
M00011_P01049,7.04
M00011_P01051,6.14
M00011_P01055,6.02
M00011_P01063,7.25
M00011_P01064,0.0
M00011_P01177,0.0
M00011_P01182,5.31
M00011_P01184,6.09
M00011_P01193,6.77
M00011_P01196,0.0
M00012_P00529,5.62
M00012_P00535,5.8
M00012_P00536,5.62
M00012_P00542,0.0
M00012_P00543,0.0
M00012_P01120,0.0
M00013_P00055,5.78
M00013_P00057,6.19
M00013_P00059,0.0
M00013_P00064,0.0
M00013_P00066,0.0
M00013_P00071,6.02
M00013_P00077,7.29
M00013_P00368,5.59
M00013_P00372,0.0
M00013_P00378,0.0
M00013_P00382,0.0
M00013_P00383,6.32
M00014_P00108,6.22
M00014_P00110,0.0
M00014_P00114,6.46
M00014_P00124,0.0
M00014_P00129,0.0
M00014_P00443,0.0
M00014_P00448,5.08
M00014_P00452,0.0
M00014_P00462,6.31
M00014_P00463,0.0
M00014_P00465,5.36
M00014_P00468,5.84
M00015_P00345,6.71
M00015_P00347,6.58
M00015_P00351,0.0
M00015_P00353,6.24
M00015_P00359,5.56
M00015_P00362,5.76
M00015_P01099,6.46
M00015_P01107,6.51
M00015_P01108,0.0
M00015_P01109,6.54
M00015_P01114,0.0
M00015_P01118,0.0
M00016_P00761,0.0
M00016_P00772,6.17
M00016_P01070,6.76
M00016_P01074,6.62
M00016_P01082,0.0
M00017_P00209,0.0
M00017_P00210,0.0
M00017_P00211,5.8
M00017_P00219,0.0
M00017_P00221,0.0
M00017_P00222,6.54
M00017_P00232,5.63
M00017_P00234,8.27
M00017_P00423,6.07
M00017_P00424,0.0
M00017_P00425,0.0
M00017_P00426,6.37
M00017_P00431,0.0
M00017_P00436,0.0
M00017_P00440,6.84
M00018_P00965,0.0
M00018_P00966,0.0
M00018_P00975,0.0
M00018_P00978,6.86
M00018_P00980,6.0
M00018_P00986,6.93
M00018_P01223,6.14
M00018_P01234,5.44
M00018_P01236,0.0
M00018_P01241,6.67
M00018_P01242,6.2
M00019_P00368,5.52
M00019_P00372,7.14
M00019_P00378,5.44
M00019_P00382,0.0
M00019_P00383,6.13
M00019_P00611,5.52
M00019_P00618,7.4
M00019_P00619,0.0
M00019_P00622,7.11
M00020_P00079,7.2
M00020_P00082,6.37
M00020_P00087,5.59
M00020_P00097,5.65
M00020_P00102,0.0
M00020_P00136,6.36
M00020_P00141,7.69
M00020_P00148,5.36
M00020_P00156,6.66
M00021_P00266,0.0
M00021_P00271,0.0
M00021_P00278,7.12
M00021_P00286,5.18
M00021_P01041,6.47
M00021_P01042,0.0
M00021_P01048,0.0
M00021_P01049,8.11
M00021_P01051,5.78
M00021_P01055,0.0
M00021_P01063,6.54
M00021_P01064,0.0
M00022_P00108,5.94
M00022_P00110,5.54
M00022_P00114,0.0
M00022_P00124,0.0
M00022_P00129,5.54
M00022_P00991,0.0
M00022_P00993,5.12
M00022_P00997,0.0
M00022_P01000,6.08
M00022_P01010,6.37
M00023_P00761,0.0
M00023_P00772,5.64
M00023_P00991,0.0
M00023_P00993,5.3
M00023_P00997,0.0
M00023_P01000,6.31
M00023_P01010,6.56
M00024_P00011,6.94
M00024_P00024,5.8
M00024_P00922,5.88
M00024_P00927,6.44
M00024_P00931,0.0
M00024_P00935,7.5
M00025_P00888,5.6
M00025_P00889,5.82
M00025_P00893,4.36
M00025_P00894,0.0
M00025_P00895,5.81
M00025_P00901,7.72
M00025_P00909,7.18
M00025_P01120,6.3
M00026_P00549,0.0
M00026_P00552,7.54
M00026_P00554,6.58
M00026_P00561,6.8
M00026_P00562,7.04
M00026_P00568,0.0
M00026_P01070,0.0
M00026_P01074,5.98
M00026_P01082,0.0
M00027_P00266,0.0
M00027_P00271,0.0
M00027_P00278,0.0
M00027_P00286,6.62
M00027_P00705,5.67
M00027_P00707,5.79
M00027_P00716,6.38
M00027_P00718,0.0
M00027_P00724,5.6
M00027_P00728,5.92
M00028_P01201,5.11
M00028_P01209,0.0
M00028_P01210,6.28
M00028_P01211,7.36
M00028_P01214,5.7
M00028_P01223,0.0
M00028_P01234,6.64
M00028_P01236,6.06
M00028_P01241,6.56
M00028_P01242,0.0
M00029_P00157,5.42
M00029_P00159,0.0
M00029_P00164,5.94
M00029_P00169,5.04
M00029_P00171,0.0
M00029_P00175,0.0
M00029_P00835,0.0
M00029_P00840,5.68
M00029_P00844,5.82
M00029_P00847,0.0
M00029_P00848,6.21
M00029_P00856,0.0
M00030_P00835,0.0
M00030_P00840,5.39
M00030_P00844,0.0
M00030_P00847,6.32
M00030_P00848,6.04
M00030_P00856,0.0
M00030_P01041,6.29
M00030_P01042,0.0
M00030_P01048,0.0
M00030_P01049,0.0
M00030_P01051,0.0
M00030_P01055,6.4
M00030_P01063,7.06
M00030_P01064,0.0
M00031_P00241,0.0
M00031_P00244,0.0
M00031_P00245,6.32
M00031_P00248,5.86
M00031_P00255,8.02
M00031_P00260,0.0
M00031_P00625,0.0
M00031_P00630,0.0
M00031_P00632,5.79
M00031_P00635,5.88
M00031_P00644,6.26
M00031_P00645,7.5
M00031_P00650,7.11
M00032_P00863,6.58
M00032_P00880,0.0
M00032_P00882,0.0
M00032_P00888,0.0
M00032_P00889,6.22
M00032_P00893,5.68
M00032_P00894,6.1
M00032_P00895,0.0
M00032_P00901,7.54
M00032_P00909,6.25
M00033_P00032,0.0
M00033_P00044,6.54
M00033_P00045,5.69
M00033_P00050,6.28
M00033_P00052,0.0
M00033_P00807,5.96
M00033_P00812,0.0
M00033_P00819,0.0
M00033_P00826,6.26
M00033_P00827,7.06
M00034_P00391,0.0
M00034_P00399,6.25
M00034_P00410,5.3
M00034_P00416,5.85
M00034_P00515,4.8
M00035_P00136,0.0
M00035_P00141,6.18
M00035_P00148,0.0
M00035_P00156,6.09
M00035_P00940,0.0
M00035_P00948,0.0
M00035_P00950,5.64
M00035_P00951,7.3
M00035_P00959,6.29
M00035_P00962,0.0
M00036_P00108,0.0
M00036_P00110,6.05
M00036_P00114,0.0
M00036_P00124,6.48
M00036_P00129,6.44
M00036_P00922,6.58
M00036_P00927,0.0
M00036_P00931,0.0
M00036_P00935,0.0
M00037_P00209,6.26
M00037_P00210,0.0
M00037_P00211,0.0
M00037_P00219,5.76
M00037_P00221,6.1
M00037_P00222,0.0
M00037_P00232,6.13
M00037_P00234,7.69
M00037_P01120,0.0
M00038_P00423,0.0
M00038_P00424,5.42
M00038_P00425,0.0
M00038_P00426,0.0
M00038_P00431,0.0
M00038_P00436,5.8
M00038_P00440,0.0
M00038_P00888,5.95
M00038_P00889,6.2
M00038_P00893,5.24
M00038_P00894,0.0
M00038_P00895,7.16
M00038_P00901,7.32
M00038_P00909,0.0
M00039_P00345,6.24
M00039_P00347,6.63
M00039_P00351,6.48
M00039_P00353,6.86
M00039_P00359,7.67
M00039_P00362,5.46
M00039_P00922,0.0
M00039_P00927,6.18
M00039_P00931,6.22
M00039_P00935,0.0
M00040_P00515,0.0
M00040_P01177,0.0
M00040_P01182,6.4
M00040_P01184,6.26
M00040_P01193,5.5
M00040_P01196,7.47
M00041_P00732,6.06
M00041_P00738,0.0
M00041_P00742,0.0
M00041_P00744,0.0
M00041_P00747,6.44
M00041_P00753,6.4
M00041_P00888,5.71
M00041_P00889,5.12
M00041_P00893,5.44
M00041_P00894,7.0
M00041_P00895,6.44
M00041_P00901,8.11
M00041_P00909,0.0
M00042_P00368,0.0
M00042_P00372,6.56
M00042_P00378,5.44
M00042_P00382,0.0
M00042_P00383,6.14
M00042_P00391,0.0
M00042_P00399,0.0
M00042_P00410,6.49
M00042_P00416,5.86
M00043_P00032,6.8
M00043_P00044,6.88
M00043_P00045,0.0
M00043_P00050,0.0
M00043_P00052,6.27
M00043_P00991,0.0
M00043_P00993,0.0
M00043_P00997,0.0
M00043_P01000,6.14
M00043_P01010,6.82
M00044_P00368,5.91
M00044_P00372,7.16
M00044_P00378,5.71
M00044_P00382,0.0
M00044_P00383,6.18
M00044_P00965,0.0
M00044_P00966,0.0
M00044_P00975,0.0
M00044_P00978,6.52
M00044_P00980,0.0
M00044_P00986,6.38
M00045_P01041,5.7
M00045_P01042,0.0
M00045_P01048,5.94
M00045_P01049,7.53
M00045_P01051,0.0
M00045_P01055,5.11
M00045_P01063,0.0
M00045_P01064,5.16
M00045_P01177,6.28
M00045_P01182,0.0
M00045_P01184,5.88
M00045_P01193,6.24
M00045_P01196,0.0
M00046_P00055,0.0
M00046_P00057,5.6
M00046_P00059,0.0
M00046_P00064,0.0
M00046_P00066,0.0
M00046_P00071,0.0
M00046_P00077,0.0
M00046_P00108,5.77
M00046_P00110,0.0
M00046_P00114,7.44
M00046_P00124,6.38
M00046_P00129,6.22
M00047_P00391,0.0
M00047_P00399,6.02
M00047_P00410,6.15
M00047_P00416,6.52
M00047_P00835,5.91
M00047_P00840,0.0
M00047_P00844,0.0
M00047_P00847,0.0
M00047_P00848,0.0
M00047_P00856,5.76
M00048_P00345,5.92
M00048_P00347,0.0
M00048_P00351,5.77
M00048_P00353,0.0
M00048_P00359,4.26
M00048_P00362,6.16
M00048_P00922,0.0
M00048_P00927,0.0
M00048_P00931,6.14
M00048_P00935,0.0
M00049_P00391,0.0
M00049_P00399,6.47
M00049_P00410,6.12
M00049_P00416,5.57
M00049_P00807,0.0
M00049_P00812,6.6
M00049_P00819,5.82
M00049_P00826,0.0
M00049_P00827,7.66
M00050_P00157,6.46
M00050_P00159,0.0
M00050_P00164,0.0
M00050_P00169,0.0
M00050_P00171,5.88
M00050_P00175,6.1
M00050_P00185,5.56
M00050_P00193,5.74
M00050_P00197,6.35
M00050_P00199,0.0
M00050_P00200,5.35
M00051_P00574,0.0
M00051_P00579,6.44
M00051_P00582,0.0
M00051_P00584,5.65
M00051_P00586,0.0
M00051_P00590,6.61
M00051_P00732,0.0
M00051_P00738,6.12
M00051_P00742,6.84
M00051_P00744,5.7
M00051_P00747,0.0
M00051_P00753,5.52
M00052_P00079,6.82
M00052_P00082,5.72
M00052_P00087,0.0
M00052_P00097,6.48
M00052_P00102,6.74
M00052_P01201,5.26
M00052_P01209,0.0
M00052_P01210,0.0
M00052_P01211,7.38
M00052_P01214,0.0
M00053_P00079,0.0
M00053_P00082,6.7
M00053_P00087,5.69
M00053_P00097,0.0
M00053_P00102,4.92
M00053_P00678,0.0
M00053_P00679,0.0
M00053_P00680,0.0
M00053_P00681,6.0
M00053_P00683,0.0
M00053_P00694,0.0
M00054_P00157,0.0
M00054_P00159,0.0
M00054_P00164,6.62
M00054_P00169,0.0
M00054_P00171,6.12
M00054_P00175,6.03
M00054_P00423,0.0
M00054_P00424,0.0
M00054_P00425,6.7
M00054_P00426,6.2
M00054_P00431,6.42
M00054_P00436,7.78
M00054_P00440,6.23
M00055_P00732,6.74
M00055_P00738,6.04
M00055_P00742,0.0
M00055_P00744,0.0
M00055_P00747,0.0
M00055_P00753,6.45
M00055_P00888,0.0
M00055_P00889,6.42
M00055_P00893,5.68
M00055_P00894,0.0
M00055_P00895,6.33
M00055_P00901,7.5
M00055_P00909,6.42
M00056_P00287,0.0
M00056_P00290,5.19
M00056_P00291,0.0
M00056_P00295,7.34
M00056_P00297,6.42
M00056_P00298,0.0
M00056_P00299,0.0
M00056_P00304,6.83
M00056_P00307,6.34
M00056_P00309,6.05
M00056_P00310,6.19
M00056_P00478,0.0
M00056_P00479,6.58
M00056_P00486,0.0
M00056_P00491,0.0
M00057_P00108,6.88
M00057_P00110,6.56
M00057_P00114,0.0
M00057_P00124,6.36
M00057_P00129,5.68
M00057_P00761,0.0
M00057_P00772,6.0
M00058_P00079,0.0
M00058_P00082,6.58
M00058_P00087,6.9
M00058_P00097,6.21
M00058_P00102,5.77
M00058_P01099,5.76
M00058_P01107,5.58
M00058_P01108,6.35
M00058_P01109,0.0
M00058_P01114,6.72
M00058_P01118,0.0
M00059_P00136,0.0
M00059_P00141,6.46
M00059_P00148,6.18
M00059_P00156,0.0
M00059_P00423,0.0
M00059_P00424,0.0
M00059_P00425,6.96
M00059_P00426,5.38
M00059_P00431,4.69
M00059_P00436,0.0
M00059_P00440,6.54
M00060_P00782,0.0
M00060_P00786,0.0
M00060_P00788,6.84
M00060_P00797,6.08
M00060_P00803,6.52
M00060_P00807,5.57
M00060_P00812,7.0
M00060_P00819,6.24
M00060_P00826,0.0
M00060_P00827,7.42
M00061_P00079,0.0
M00061_P00082,6.04
M00061_P00087,6.69
M00061_P00097,0.0
M00061_P00102,6.38
M00061_P00287,6.48
M00061_P00290,0.0
M00061_P00291,6.04
M00061_P00295,6.58
M00061_P00297,5.6
M00061_P00298,0.0
M00061_P00299,5.66
M00061_P00304,6.82
M00061_P00307,0.0
M00061_P00309,0.0
M00061_P00310,6.58
M00062_P00423,0.0
M00062_P00424,5.0
M00062_P00425,6.8
M00062_P00426,6.26
M00062_P00431,0.0
M00062_P00436,6.5
M00062_P00440,7.31
M00062_P00625,0.0
M00062_P00630,0.0
M00062_P00632,7.02
M00062_P00635,5.46
M00062_P00644,5.55
M00062_P00645,7.51
M00062_P00650,6.38
M00063_P00478,5.42
M00063_P00479,7.78
M00063_P00486,6.46
M00063_P00491,0.0
M00063_P00732,5.64
M00063_P00738,5.34
M00063_P00742,7.54
M00063_P00744,0.0
M00063_P00747,7.04
M00063_P00753,5.78
M00064_P00241,6.32
M00064_P00244,5.68
M00064_P00245,0.0
M00064_P00248,0.0
M00064_P00255,6.99
M00064_P00260,7.52
M00064_P00345,6.5
M00064_P00347,0.0
M00064_P00351,7.08
M00064_P00353,6.03
M00064_P00359,6.85
M00064_P00362,5.15
M00065_P00079,7.46
M00065_P00082,0.0
M00065_P00087,6.22
M00065_P00097,5.78
M00065_P00102,6.14
M00065_P00991,0.0
M00065_P00993,5.53
M00065_P00997,5.62
M00065_P01000,0.0
M00065_P01010,6.74
M00066_P00529,0.0
M00066_P00535,0.0
M00066_P00536,5.94
M00066_P00542,6.32
M00066_P00543,0.0
M00066_P01223,0.0
M00066_P01234,7.67
M00066_P01236,5.64
M00066_P01241,0.0
M00066_P01242,6.06
M00067_P00782,0.0
M00067_P00786,0.0
M00067_P00788,6.54
M00067_P00797,0.0
M00067_P00803,5.93
M00067_P00965,0.0
M00067_P00966,6.54
M00067_P00975,6.62
M00067_P00978,0.0
M00067_P00980,6.18
M00067_P00986,0.0
M00068_P00079,6.06
M00068_P00082,5.54
M00068_P00087,5.58
M00068_P00097,5.45
M00068_P00102,0.0
M00068_P00863,6.15
M00068_P00880,5.91
M00068_P00882,8.02
M00069_P00108,0.0
M00069_P00110,0.0
M00069_P00114,0.0
M00069_P00124,5.77
M00069_P00129,5.92
M00069_P01020,6.64
M00069_P01034,5.61
M00069_P01037,5.78
M00069_P01038,5.64
M00070_P00185,6.04
M00070_P00193,0.0
M00070_P00197,5.79
M00070_P00199,6.75
M00070_P00200,5.94
M00070_P00655,0.0
M00070_P00662,6.56
M00070_P00666,0.0
M00070_P00668,5.99
M00070_P00669,0.0
M00070_P00673,6.22
M00070_P00674,6.02
M00071_P00965,0.0
M00071_P00966,5.76
M00071_P00975,0.0
M00071_P00978,6.34
M00071_P00980,6.54
M00071_P00986,6.76
M00071_P01020,0.0
M00071_P01034,6.26
M00071_P01037,6.08
M00071_P01038,0.0
M00072_P00678,0.0
M00072_P00679,0.0
M00072_P00680,6.65
M00072_P00681,0.0
M00072_P00683,0.0
M00072_P00694,6.46
M00072_P01120,6.24
M00073_P00345,5.45
M00073_P00347,6.3
M00073_P00351,6.52
M00073_P00353,6.05
M00073_P00359,5.3
M00073_P00362,6.29
M00073_P00423,7.18
M00073_P00424,6.98
M00073_P00425,6.94
M00073_P00426,5.94
M00073_P00431,5.71
M00073_P00436,0.0
M00073_P00440,0.0
M00074_P00391,0.0
M00074_P00399,5.6
M00074_P00410,5.58
M00074_P00416,5.72
M00074_P00443,6.02
M00074_P00448,0.0
M00074_P00452,5.51
M00074_P00462,5.73
M00074_P00463,0.0
M00074_P00465,5.68
M00074_P00468,6.42
M00075_P01070,6.26
M00075_P01074,0.0
M00075_P01082,0.0
M00075_P01099,6.2
M00075_P01107,4.7
M00075_P01108,6.06
M00075_P01109,6.34
M00075_P01114,5.85
M00075_P01118,0.0
M00076_P00108,0.0
M00076_P00110,6.49
M00076_P00114,8.69
M00076_P00124,0.0
M00076_P00129,6.34
M00076_P00529,6.0
M00076_P00535,0.0
M00076_P00536,6.28
M00076_P00542,0.0
M00076_P00543,5.81
M00077_P00940,6.06
M00077_P00948,6.54
M00077_P00950,6.31
M00077_P00951,6.24
M00077_P00959,0.0
M00077_P00962,5.7
M00077_P01020,0.0
M00077_P01034,0.0
M00077_P01037,5.94
M00077_P01038,5.07
M00078_P00345,5.86
M00078_P00347,5.14
M00078_P00351,6.66
M00078_P00353,5.82
M00078_P00359,6.02
M00078_P00362,0.0
M00078_P00888,4.42
M00078_P00889,0.0
M00078_P00893,5.67
M00078_P00894,0.0
M00078_P00895,0.0
M00078_P00901,0.0
M00078_P00909,6.36
M00079_P00209,5.67
M00079_P00210,0.0
M00079_P00211,0.0
M00079_P00219,6.35
M00079_P00221,6.48
M00079_P00222,6.04
M00079_P00232,0.0
M00079_P00234,0.0
M00079_P00611,6.41
M00079_P00618,0.0
M00079_P00619,0.0
M00079_P00622,0.0
M00080_P00478,0.0
M00080_P00479,6.81
M00080_P00486,6.58
M00080_P00491,6.18
M00080_P00611,6.36
M00080_P00618,7.1
M00080_P00619,4.94
M00080_P00622,5.22
M00081_P00888,6.34
M00081_P00889,5.36
M00081_P00893,6.3
M00081_P00894,5.74
M00081_P00895,0.0
M00081_P00901,7.88
M00081_P00909,0.0
M00081_P01201,5.03
M00081_P01209,0.0
M00081_P01210,0.0
M00081_P01211,6.85
M00081_P01214,0.0
M00082_P00922,0.0
M00082_P00927,0.0
M00082_P00931,0.0
M00082_P00935,0.0
M00082_P01099,6.16
M00082_P01107,0.0
M00082_P01108,0.0
M00082_P01109,6.4
M00082_P01114,7.38
M00082_P01118,6.26
M00083_P00209,5.86
M00083_P00210,0.0
M00083_P00211,0.0
M00083_P00219,0.0
M00083_P00221,0.0
M00083_P00222,6.24
M00083_P00232,6.11
M00083_P00234,0.0
M00083_P00443,0.0
M00083_P00448,5.6
M00083_P00452,0.0
M00083_P00462,0.0
M00083_P00463,5.54
M00083_P00465,6.12
M00083_P00468,6.14
M00084_P00922,7.42
M00084_P00927,6.39
M00084_P00931,0.0
M00084_P00935,5.74
M00084_P01223,0.0
M00084_P01234,6.96
M00084_P01236,6.77
M00084_P01241,0.0
M00084_P01242,6.34
M00085_P00478,5.96
M00085_P00479,6.95
M00085_P00486,6.24
M00085_P00491,6.22
M00085_P01020,5.6
M00085_P01034,5.72
M00085_P01037,5.64
M00085_P01038,6.14
M00086_P00345,0.0
M00086_P00347,6.4
M00086_P00351,0.0
M00086_P00353,6.2
M00086_P00359,0.0
M00086_P00362,0.0
M00086_P01146,0.0
M00086_P01157,5.78
M00086_P01166,6.95
M00086_P01169,6.14
M00087_P00807,0.0
M00087_P00812,6.98
M00087_P00819,6.26
M00087_P00826,0.0
M00087_P00827,6.46
M00087_P00835,0.0
M00087_P00840,0.0
M00087_P00844,0.0
M00087_P00847,5.7
M00087_P00848,0.0
M00087_P00856,0.0
M00088_P00136,0.0
M00088_P00141,7.11
M00088_P00148,6.91
M00088_P00156,5.52
M00088_P01070,5.5
M00088_P01074,0.0
M00088_P01082,6.25
M00089_P00011,0.0
M00089_P00024,0.0
M00089_P00055,0.0
M00089_P00057,0.0
M00089_P00059,5.84
M00089_P00064,5.81
M00089_P00066,0.0
M00089_P00071,6.33
M00089_P00077,0.0
M00090_P00423,0.0
M00090_P00424,5.66
M00090_P00425,7.06
M00090_P00426,5.44
M00090_P00431,5.62
M00090_P00436,5.97
M00090_P00440,7.1
M00090_P01041,0.0
M00090_P01042,5.68
M00090_P01048,5.76
M00090_P01049,0.0
M00090_P01051,6.1
M00090_P01055,0.0
M00090_P01063,5.32
M00090_P01064,6.67
M00091_P00922,6.68
M00091_P00927,6.9
M00091_P00931,6.18
M00091_P00935,5.84
M00091_P01201,0.0
M00091_P01209,5.5
M00091_P01210,0.0
M00091_P01211,7.14
M00091_P01214,0.0
M00092_P00108,5.95
M00092_P00110,0.0
M00092_P00114,7.35
M00092_P00124,5.76
M00092_P00129,0.0
M00092_P00185,0.0
M00092_P00193,6.15
M00092_P00197,0.0
M00092_P00199,5.64
M00092_P00200,5.78
M00093_P00055,0.0
M00093_P00057,5.72
M00093_P00059,0.0
M00093_P00064,0.0
M00093_P00066,8.2
M00093_P00071,0.0
M00093_P00077,6.06
M00093_P00888,6.02
M00093_P00889,6.44
M00093_P00893,6.88
M00093_P00894,6.68
M00093_P00895,6.96
M00093_P00901,0.0
M00093_P00909,0.0
M00094_P00209,0.0
M00094_P00210,7.12
M00094_P00211,0.0
M00094_P00219,0.0
M00094_P00221,0.0
M00094_P00222,6.48
M00094_P00232,0.0
M00094_P00234,0.0
M00094_P00705,0.0
M00094_P00707,6.63
M00094_P00716,5.5
M00094_P00718,7.56
M00094_P00724,0.0
M00094_P00728,6.06
M00095_P00055,0.0
M00095_P00057,0.0
M00095_P00059,0.0
M00095_P00064,0.0
M00095_P00066,0.0
M00095_P00071,0.0
M00095_P00077,0.0
M00095_P00611,6.26
M00095_P00618,0.0
M00095_P00619,5.64
M00095_P00622,0.0
M00096_P00391,0.0
M00096_P00399,6.4
M00096_P00410,0.0
M00096_P00416,5.26
M00096_P01120,0.0
M00097_P00574,0.0
M00097_P00579,7.04
M00097_P00582,0.0
M00097_P00584,0.0
M00097_P00586,5.94
M00097_P00590,7.22
M00097_P00940,6.38
M00097_P00948,0.0
M00097_P00950,6.46
M00097_P00951,0.0
M00097_P00959,0.0
M00097_P00962,6.66
M00098_P00266,6.62
M00098_P00271,5.9
M00098_P00278,0.0
M00098_P00286,0.0
M00098_P00391,6.59
M00098_P00399,5.28
M00098_P00410,0.0
M00098_P00416,5.8
M00099_P00032,7.0
M00099_P00044,0.0
M00099_P00045,0.0
M00099_P00050,5.3
M00099_P00052,0.0
M00099_P00313,0.0
M00099_P00324,0.0
M00099_P00329,6.61
M00099_P00333,6.7
M00099_P00334,5.87
M00100_P00678,0.0
M00100_P00679,0.0
M00100_P00680,4.9
M00100_P00681,0.0
M00100_P00683,0.0
M00100_P00694,0.0
M00100_P01120,0.0
M00101_P00266,6.24
M00101_P00271,5.32
M00101_P00278,0.0
M00101_P00286,5.89
M00101_P00443,0.0
M00101_P00448,6.64
M00101_P00452,5.06
M00101_P00462,6.52
M00101_P00463,5.64
M00101_P00465,0.0
M00101_P00468,6.64
M00102_P00055,0.0
M00102_P00057,5.76
M00102_P00059,4.85
M00102_P00064,5.88
M00102_P00066,0.0
M00102_P00071,0.0
M00102_P00077,6.28
M00102_P00625,0.0
M00102_P00630,5.37
M00102_P00632,6.74
M00102_P00635,0.0
M00102_P00644,0.0
M00102_P00645,0.0
M00102_P00650,6.27
M00103_P00313,7.14
M00103_P00324,7.28
M00103_P00329,5.96
M00103_P00333,6.24
M00103_P00334,6.3
M00103_P00782,6.89
M00103_P00786,0.0
M00103_P00788,0.0
M00103_P00797,0.0
M00103_P00803,5.22
M00104_P00368,5.61
M00104_P00372,6.84
M00104_P00378,0.0
M00104_P00382,6.15
M00104_P00383,5.68
M00104_P00391,0.0
M00104_P00399,0.0
M00104_P00410,6.86
M00104_P00416,6.54
M00105_P00549,0.0
M00105_P00552,6.12
M00105_P00554,5.19
M00105_P00561,0.0
M00105_P00562,5.05
M00105_P00568,5.57
M00105_P00655,0.0
M00105_P00662,5.76
M00105_P00666,0.0
M00105_P00668,5.32
M00105_P00669,5.82
M00105_P00673,5.69
M00105_P00674,0.0
M00106_P00443,0.0
M00106_P00448,0.0
M00106_P00452,0.0
M00106_P00462,7.22
M00106_P00463,6.3
M00106_P00465,0.0
M00106_P00468,5.78
M00106_P00611,5.23
M00106_P00618,6.3
M00106_P00619,5.78
M00106_P00622,6.32
M00107_P00888,6.28
M00107_P00889,5.76
M00107_P00893,6.61
M00107_P00894,0.0
M00107_P00895,0.0
M00107_P00901,6.6
M00107_P00909,6.24
M00107_P01120,0.0
M00108_P00185,0.0
M00108_P00193,5.39
M00108_P00197,0.0
M00108_P00199,0.0
M00108_P00200,6.14
M00108_P00443,0.0
M00108_P00448,0.0
M00108_P00452,0.0
M00108_P00462,5.78
M00108_P00463,5.9
M00108_P00465,7.02
M00108_P00468,0.0
M00109_P00055,6.3
M00109_P00057,0.0
M00109_P00059,6.76
M00109_P00064,6.38
M00109_P00066,0.0
M00109_P00071,6.02
M00109_P00077,5.73
M00109_P00185,6.54
M00109_P00193,7.22
M00109_P00197,0.0
M00109_P00199,0.0
M00109_P00200,6.52
M00110_P00574,6.44
M00110_P00579,0.0
M00110_P00582,5.99
M00110_P00584,6.28
M00110_P00586,6.66
M00110_P00590,7.31
M00110_P01223,0.0
M00110_P01234,7.3
M00110_P01236,5.82
M00110_P01241,6.2
M00110_P01242,5.08
M00111_P00705,5.14
M00111_P00707,0.0
M00111_P00716,4.73
M00111_P00718,6.25
M00111_P00724,6.93
M00111_P00728,6.66
M00111_P01020,6.46
M00111_P01034,6.16
M00111_P01037,6.24
M00111_P01038,0.0
M00112_P00625,6.44
M00112_P00630,5.99
M00112_P00632,7.02
M00112_P00635,6.07
M00112_P00644,0.0
M00112_P00645,0.0
M00112_P00650,5.24
M00112_P00965,0.0
M00112_P00966,0.0
M00112_P00975,6.4
M00112_P00978,6.46
M00112_P00980,0.0
M00112_P00986,0.0
M00113_P00055,0.0
M00113_P00057,0.0
M00113_P00059,6.7
M00113_P00064,0.0
M00113_P00066,7.28
M00113_P00071,0.0
M00113_P00077,6.57
M00113_P01201,5.28
M00113_P01209,8.1
M00113_P01210,5.7
M00113_P01211,6.56
M00113_P01214,6.02
M00114_P00863,5.72
M00114_P00880,5.75
M00114_P00882,0.0
M00114_P00922,6.06
M00114_P00927,5.96
M00114_P00931,6.54
M00114_P00935,0.0
M00115_P00611,6.28
M00115_P00618,6.96
M00115_P00619,0.0
M00115_P00622,0.0
M00115_P00732,0.0
M00115_P00738,0.0
M00115_P00742,7.14
M00115_P00744,0.0
M00115_P00747,7.22
M00115_P00753,6.78
M00116_P00529,0.0
M00116_P00535,5.66
M00116_P00536,6.72
M00116_P00542,0.0
M00116_P00543,0.0
M00116_P01020,0.0
M00116_P01034,5.4
M00116_P01037,0.0
M00116_P01038,6.08
M00117_P00515,0.0
M00117_P01201,6.62
M00117_P01209,6.48
M00117_P01210,0.0
M00117_P01211,7.04
M00117_P01214,0.0
M00118_P00678,0.0
M00118_P00679,0.0
M00118_P00680,5.97
M00118_P00681,5.32
M00118_P00683,6.74
M00118_P00694,0.0
M00118_P01099,5.0
M00118_P01107,0.0
M00118_P01108,7.17
M00118_P01109,0.0
M00118_P01114,0.0
M00118_P01118,0.0
M00119_P00478,0.0
M00119_P00479,0.0
M00119_P00486,6.32
M00119_P00491,6.29
M00119_P01146,7.5
M00119_P01157,0.0
M00119_P01166,6.12
M00119_P01169,5.88
M00120_P00313,7.48
M00120_P00324,6.06
M00120_P00329,6.22
M00120_P00333,6.81
M00120_P00334,0.0
M00120_P00705,0.0
M00120_P00707,6.38
M00120_P00716,5.79
M00120_P00718,0.0
M00120_P00724,5.41
M00120_P00728,6.91
M00121_P00287,0.0
M00121_P00290,0.0
M00121_P00291,4.94
M00121_P00295,7.02
M00121_P00297,6.52
M00121_P00298,0.0
M00121_P00299,0.0
M00121_P00304,0.0
M00121_P00307,5.78
M00121_P00309,6.63
M00121_P00310,6.63
M00121_P01120,0.0
M00122_P00655,0.0
M00122_P00662,6.38
M00122_P00666,6.4
M00122_P00668,0.0
M00122_P00669,6.1
M00122_P00673,0.0
M00122_P00674,0.0
M00122_P00940,5.9
M00122_P00948,5.69
M00122_P00950,0.0
M00122_P00951,5.81
M00122_P00959,0.0
M00122_P00962,0.0
M00123_P00345,0.0
M00123_P00347,0.0
M00123_P00351,0.0
M00123_P00353,0.0
M00123_P00359,5.76
M00123_P00362,6.48
M00123_P00478,4.81
M00123_P00479,0.0
M00123_P00486,5.88
M00123_P00491,6.33
M00124_P00732,5.14
M00124_P00738,0.0
M00124_P00742,0.0
M00124_P00744,6.12
M00124_P00747,8.41
M00124_P00753,5.87
M00124_P00761,5.8
M00124_P00772,5.16
M00125_P00782,0.0
M00125_P00786,5.94
M00125_P00788,6.2
M00125_P00797,5.68
M00125_P00803,0.0
M00125_P00835,0.0
M00125_P00840,5.93
M00125_P00844,6.08
M00125_P00847,0.0
M00125_P00848,0.0
M00125_P00856,0.0
M00126_P00136,0.0
M00126_P00141,6.12
M00126_P00148,5.04
M00126_P00156,0.0
M00126_P01099,7.22
M00126_P01107,5.68
M00126_P01108,0.0
M00126_P01109,6.22
M00126_P01114,0.0
M00126_P01118,6.5
M00127_P00136,0.0
M00127_P00141,7.14
M00127_P00148,0.0
M00127_P00156,5.76
M00127_P00423,0.0
M00127_P00424,0.0
M00127_P00425,7.3
M00127_P00426,6.15
M00127_P00431,0.0
M00127_P00436,6.97
M00127_P00440,0.0
M00128_P00313,0.0
M00128_P00324,6.08
M00128_P00329,5.74
M00128_P00333,6.68
M00128_P00334,6.59
M00128_P00368,0.0
M00128_P00372,7.42
M00128_P00378,5.79
M00128_P00382,5.78
M00128_P00383,0.0
M00129_P00055,0.0
M00129_P00057,0.0
M00129_P00059,0.0
M00129_P00064,0.0
M00129_P00066,7.02
M00129_P00071,0.0
M00129_P00077,0.0
M00129_P00423,0.0
M00129_P00424,0.0
M00129_P00425,6.21
M00129_P00426,0.0
M00129_P00431,5.09
M00129_P00436,5.15
M00129_P00440,0.0
M00130_P00678,0.0
M00130_P00679,0.0
M00130_P00680,0.0
M00130_P00681,6.03
M00130_P00683,5.34
M00130_P00694,6.28
M00130_P00761,5.96
M00130_P00772,5.88
M00131_P01146,0.0
M00131_P01157,6.59
M00131_P01166,6.18
M00131_P01169,0.0
M00131_P01177,0.0
M00131_P01182,0.0
M00131_P01184,6.46
M00131_P01193,5.38
M00131_P01196,6.9
M00132_P00391,0.0
M00132_P00399,5.88
M00132_P00410,0.0
M00132_P00416,0.0
M00132_P00655,0.0
M00132_P00662,5.92
M00132_P00666,0.0
M00132_P00668,5.57
M00132_P00669,6.83
M00132_P00673,0.0
M00132_P00674,7.36
M00133_P00157,0.0
M00133_P00159,5.1
M00133_P00164,5.98
M00133_P00169,6.17
M00133_P00171,6.02
M00133_P00175,0.0
M00133_P00732,0.0
M00133_P00738,5.78
M00133_P00742,6.02
M00133_P00744,4.81
M00133_P00747,0.0
M00133_P00753,0.0
M00134_P00863,0.0
M00134_P00880,5.74
M00134_P00882,6.67
M00134_P01146,0.0
M00134_P01157,4.39
M00134_P01166,5.91
M00134_P01169,7.0
M00135_P00391,0.0
M00135_P00399,0.0
M00135_P00410,5.86
M00135_P00416,0.0
M00135_P00922,6.56
M00135_P00927,6.3
M00135_P00931,6.63
M00135_P00935,6.12
M00136_P00209,0.0
M00136_P00210,0.0
M00136_P00211,6.13
M00136_P00219,5.98
M00136_P00221,6.74
M00136_P00222,5.64
M00136_P00232,0.0
M00136_P00234,6.75
M00136_P00782,0.0
M00136_P00786,6.52
M00136_P00788,6.58
M00136_P00797,6.37
M00136_P00803,6.18
M00137_P00732,0.0
M00137_P00738,6.06
M00137_P00742,0.0
M00137_P00744,0.0
M00137_P00747,7.9
M00137_P00753,5.47
M00137_P01041,0.0
M00137_P01042,0.0
M00137_P01048,5.86
M00137_P01049,5.39
M00137_P01051,0.0
M00137_P01055,5.92
M00137_P01063,0.0
M00137_P01064,0.0
M00138_P00732,6.93
M00138_P00738,0.0
M00138_P00742,6.63
M00138_P00744,0.0
M00138_P00747,7.42
M00138_P00753,0.0
M00138_P00922,0.0
M00138_P00927,5.76
M00138_P00931,5.67
M00138_P00935,0.0
M00139_P00423,7.32
M00139_P00424,5.81
M00139_P00425,5.79
M00139_P00426,6.36
M00139_P00431,0.0
M00139_P00436,0.0
M00139_P00440,5.81
M00139_P00732,5.96
M00139_P00738,5.84
M00139_P00742,0.0
M00139_P00744,5.78
M00139_P00747,6.36
M00139_P00753,6.26
M00140_P00443,0.0
M00140_P00448,0.0
M00140_P00452,5.85
M00140_P00462,6.75
M00140_P00463,0.0
M00140_P00465,6.2
M00140_P00468,0.0
M00140_P01041,0.0
M00140_P01042,5.36
M00140_P01048,5.53
M00140_P01049,0.0
M00140_P01051,0.0
M00140_P01055,5.76
M00140_P01063,6.12
M00140_P01064,7.08
M00141_P00391,0.0
M00141_P00399,0.0
M00141_P00410,6.91
M00141_P00416,5.74
M00141_P01041,0.0
M00141_P01042,0.0
M00141_P01048,6.56
M00141_P01049,8.46
M00141_P01051,0.0
M00141_P01055,5.85
M00141_P01063,7.08
M00141_P01064,0.0
M00142_P00108,6.18
M00142_P00110,5.62
M00142_P00114,0.0
M00142_P00124,6.3
M00142_P00129,5.24
M00142_P01201,6.2
M00142_P01209,0.0
M00142_P01210,5.96
M00142_P01211,0.0
M00142_P01214,5.98
M00143_P00443,0.0
M00143_P00448,4.76
M00143_P00452,7.22
M00143_P00462,6.4
M00143_P00463,5.62
M00143_P00465,6.14
M00143_P00468,0.0
M00143_P00574,0.0
M00143_P00579,6.13
M00143_P00582,0.0
M00143_P00584,0.0
M00143_P00586,6.09
M00143_P00590,7.28
M00144_P00209,5.43
M00144_P00210,0.0
M00144_P00211,0.0
M00144_P00219,0.0
M00144_P00221,6.85
M00144_P00222,5.96
M00144_P00232,5.56
M00144_P00234,6.8
M00144_P00266,0.0
M00144_P00271,6.94
M00144_P00278,7.06
M00144_P00286,8.45
M00145_P00241,0.0
M00145_P00244,0.0
M00145_P00245,5.26
M00145_P00248,6.36
M00145_P00255,7.18
M00145_P00260,6.18
M00145_P01146,0.0
M00145_P01157,4.69
M00145_P01166,6.68
M00145_P01169,5.79
M00146_P00108,6.95
M00146_P00110,0.0
M00146_P00114,0.0
M00146_P00124,0.0
M00146_P00129,6.7
M00146_P00705,0.0
M00146_P00707,6.95
M00146_P00716,0.0
M00146_P00718,0.0
M00146_P00724,6.22
M00146_P00728,6.6
M00147_P00761,0.0
M00147_P00772,4.61
M00147_P00888,6.58
M00147_P00889,0.0
M00147_P00893,6.16
M00147_P00894,0.0
M00147_P00895,0.0
M00147_P00901,0.0
M00147_P00909,6.35
M00148_P00345,6.16
M00148_P00347,5.74
M00148_P00351,0.0
M00148_P00353,6.92
M00148_P00359,5.39
M00148_P00362,0.0
M00148_P00705,5.75
M00148_P00707,6.36
M00148_P00716,6.23
M00148_P00718,0.0
M00148_P00724,7.0
M00148_P00728,0.0
M00149_P00625,6.32
M00149_P00630,0.0
M00149_P00632,7.12
M00149_P00635,6.67
M00149_P00644,6.78
M00149_P00645,0.0
M00149_P00650,7.15
M00149_P00940,0.0
M00149_P00948,0.0
M00149_P00950,6.62
M00149_P00951,0.0
M00149_P00959,0.0
M00149_P00962,6.94
M00150_P00515,6.34
M00150_P00574,0.0
M00150_P00579,5.82
M00150_P00582,5.6
M00150_P00584,6.28
M00150_P00586,6.8
M00150_P00590,7.04
M00151_P00678,0.0
M00151_P00679,0.0
M00151_P00680,5.42
M00151_P00681,5.6
M00151_P00683,6.6
M00151_P00694,6.84
M00151_P00922,0.0
M00151_P00927,5.47
M00151_P00931,6.18
M00151_P00935,5.29
M00152_P00368,0.0
M00152_P00372,6.24
M00152_P00378,5.64
M00152_P00382,0.0
M00152_P00383,5.41
M00152_P00807,6.64
M00152_P00812,0.0
M00152_P00819,6.35
M00152_P00826,6.02
M00152_P00827,0.0
M00153_P00032,0.0
M00153_P00044,7.15
M00153_P00045,5.81
M00153_P00050,6.64
M00153_P00052,6.23
M00153_P00807,6.08
M00153_P00812,8.19
M00153_P00819,0.0
M00153_P00826,6.5
M00153_P00827,0.0
M00154_P01099,0.0
M00154_P01107,6.05
M00154_P01108,6.9
M00154_P01109,0.0
M00154_P01114,0.0
M00154_P01118,6.7
M00154_P01146,0.0
M00154_P01157,5.66
M00154_P01166,0.0
M00154_P01169,5.94
M00155_P00209,0.0
M00155_P00210,0.0
M00155_P00211,6.35
M00155_P00219,0.0
M00155_P00221,5.78
M00155_P00222,7.07
M00155_P00232,5.6
M00155_P00234,7.93
M00155_P00761,0.0
M00155_P00772,6.05
M00156_P00655,6.32
M00156_P00662,6.84
M00156_P00666,6.45
M00156_P00668,0.0
M00156_P00669,5.66
M00156_P00673,0.0
M00156_P00674,0.0
M00156_P00991,7.07
M00156_P00993,0.0
M00156_P00997,5.95
M00156_P01000,5.98
M00156_P01010,0.0
M00157_P00136,0.0
M00157_P00141,7.28
M00157_P00148,5.04
M00157_P00156,6.08
M00157_P01099,6.06
M00157_P01107,0.0
M00157_P01108,6.94
M00157_P01109,6.22
M00157_P01114,6.35
M00157_P01118,6.34
M00158_P00287,6.08
M00158_P00290,0.0
M00158_P00291,0.0
M00158_P00295,6.14
M00158_P00297,5.72
M00158_P00298,5.68
M00158_P00299,0.0
M00158_P00304,6.86
M00158_P00307,0.0
M00158_P00309,0.0
M00158_P00310,7.16
M00158_P00761,6.41
M00158_P00772,5.42
M00159_P00529,5.44
M00159_P00535,5.11
M00159_P00536,5.8
M00159_P00542,0.0
M00159_P00543,0.0
M00159_P00625,7.0
M00159_P00630,0.0
M00159_P00632,7.49
M00159_P00635,0.0
M00159_P00644,0.0
M00159_P00645,6.46
M00159_P00650,0.0
M00160_P00529,0.0
M00160_P00535,0.0
M00160_P00536,0.0
M00160_P00542,6.75
M00160_P00543,0.0
M00160_P00574,0.0
M00160_P00579,0.0
M00160_P00582,0.0
M00160_P00584,7.14
M00160_P00586,4.45
M00160_P00590,7.01
M00161_P00443,7.43
M00161_P00448,5.04
M00161_P00452,6.57
M00161_P00462,0.0
M00161_P00463,0.0
M00161_P00465,5.86
M00161_P00468,6.84
M00161_P00705,0.0
M00161_P00707,7.16
M00161_P00716,6.5
M00161_P00718,6.38
M00161_P00724,0.0
M00161_P00728,6.54
M00162_P00032,7.55
M00162_P00044,7.4
M00162_P00045,0.0
M00162_P00050,6.41
M00162_P00052,5.99
M00162_P00782,0.0
M00162_P00786,0.0
M00162_P00788,7.62
M00162_P00797,6.53
M00162_P00803,6.6
M00163_P00368,6.06
M00163_P00372,7.99
M00163_P00378,0.0
M00163_P00382,5.84
M00163_P00383,5.92
M00163_P00574,5.91
M00163_P00579,0.0
M00163_P00582,0.0
M00163_P00584,5.55
M00163_P00586,6.4
M00163_P00590,0.0
M00164_P00055,5.34
M00164_P00057,5.72
M00164_P00059,0.0
M00164_P00064,0.0
M00164_P00066,7.84
M00164_P00071,5.44
M00164_P00077,5.64
M00164_P01070,5.7
M00164_P01074,0.0
M00164_P01082,5.9
M00165_P00313,5.48
M00165_P00324,0.0
M00165_P00329,7.44
M00165_P00333,0.0
M00165_P00334,5.48
M00165_P00391,5.94
M00165_P00399,0.0
M00165_P00410,7.07
M00165_P00416,0.0
M00166_P00209,0.0
M00166_P00210,0.0
M00166_P00211,5.62
M00166_P00219,5.82
M00166_P00221,6.56
M00166_P00222,5.88
M00166_P00232,0.0
M00166_P00234,7.07
M00166_P00391,0.0
M00166_P00399,0.0
M00166_P00410,6.02
M00166_P00416,6.9
M00167_P00345,5.52
M00167_P00347,6.75
M00167_P00351,0.0
M00167_P00353,5.36
M00167_P00359,0.0
M00167_P00362,5.78
M00167_P00940,6.33
M00167_P00948,5.66
M00167_P00950,6.45
M00167_P00951,5.45
M00167_P00959,0.0
M00167_P00962,6.44
M00168_P00266,6.08
M00168_P00271,0.0
M00168_P00278,7.15
M00168_P00286,0.0
M00168_P00611,6.4
M00168_P00618,0.0
M00168_P00619,0.0
M00168_P00622,0.0
M00169_P00266,0.0
M00169_P00271,5.72
M00169_P00278,5.68
M00169_P00286,0.0
M00169_P00529,5.18
M00169_P00535,0.0
M00169_P00536,6.28
M00169_P00542,0.0
M00169_P00543,6.28
M00170_P00515,0.0
M00170_P00965,0.0
M00170_P00966,6.66
M00170_P00975,7.34
M00170_P00978,7.33
M00170_P00980,6.52
M00170_P00986,0.0
M00171_P00655,5.94
M00171_P00662,0.0
M00171_P00666,6.17
M00171_P00668,0.0
M00171_P00669,6.2
M00171_P00673,0.0
M00171_P00674,5.36
M00171_P01201,6.42
M00171_P01209,5.76
M00171_P01210,0.0
M00171_P01211,0.0
M00171_P01214,0.0
M00172_P00965,0.0
M00172_P00966,6.21
M00172_P00975,6.79
M00172_P00978,0.0
M00172_P00980,6.04
M00172_P00986,6.99
M00172_P01177,5.91
M00172_P01182,0.0
M00172_P01184,4.97
M00172_P01193,0.0
M00172_P01196,6.56
M00173_P00157,5.06
M00173_P00159,0.0
M00173_P00164,6.06
M00173_P00169,5.16
M00173_P00171,7.07
M00173_P00175,0.0
M00173_P01177,0.0
M00173_P01182,6.22
M00173_P01184,0.0
M00173_P01193,5.72
M00173_P01196,0.0
M00174_P00991,0.0
M00174_P00993,6.08
M00174_P00997,0.0
M00174_P01000,0.0
M00174_P01010,6.14
M00174_P01120,0.0
M00175_P00574,5.12
M00175_P00579,6.7
M00175_P00582,6.25
M00175_P00584,6.4
M00175_P00586,0.0
M00175_P00590,6.54
M00175_P00922,0.0
M00175_P00927,0.0
M00175_P00931,6.42
M00175_P00935,5.69
M00176_P00108,0.0
M00176_P00110,5.12
M00176_P00114,6.58
M00176_P00124,6.4
M00176_P00129,5.72
M00176_P00863,0.0
M00176_P00880,0.0
M00176_P00882,0.0
M00177_P00011,6.12
M00177_P00024,6.5
M00177_P00705,0.0
M00177_P00707,7.33
M00177_P00716,7.0
M00177_P00718,6.36
M00177_P00724,0.0
M00177_P00728,0.0
M00178_P00611,0.0
M00178_P00618,0.0
M00178_P00619,6.34
M00178_P00622,5.23
M00178_P00705,6.09
M00178_P00707,0.0
M00178_P00716,0.0
M00178_P00718,6.91
M00178_P00724,0.0
M00178_P00728,0.0
M00179_P00241,0.0
M00179_P00244,0.0
M00179_P00245,0.0
M00179_P00248,5.94
M00179_P00255,7.28
M00179_P00260,0.0
M00179_P01177,6.16
M00179_P01182,5.92
M00179_P01184,6.58
M00179_P01193,0.0
M00179_P01196,0.0
M00180_P00863,5.04
M00180_P00880,0.0
M00180_P00882,0.0
M00180_P01201,0.0
M00180_P01209,5.42
M00180_P01210,0.0
M00180_P01211,7.25
M00180_P01214,6.52
M00181_P00888,0.0
M00181_P00889,5.82
M00181_P00893,0.0
M00181_P00894,7.02
M00181_P00895,0.0
M00181_P00901,0.0
M00181_P00909,6.13
M00181_P01020,7.42
M00181_P01034,5.59
M00181_P01037,6.38
M00181_P01038,5.26
M00182_P00705,0.0
M00182_P00707,5.6
M00182_P00716,5.66
M00182_P00718,7.0
M00182_P00724,6.08
M00182_P00728,7.01
M00182_P00761,0.0
M00182_P00772,6.79
M00183_P00391,0.0
M00183_P00399,0.0
M00183_P00410,6.25
M00183_P00416,6.84
M00183_P00529,0.0
M00183_P00535,0.0
M00183_P00536,0.0
M00183_P00542,0.0
M00183_P00543,6.72
M00184_P00391,5.94
M00184_P00399,0.0
M00184_P00410,5.88
M00184_P00416,6.96
M00184_P00732,0.0
M00184_P00738,0.0
M00184_P00742,6.36
M00184_P00744,0.0
M00184_P00747,0.0
M00184_P00753,5.76
M00185_P00940,0.0
M00185_P00948,0.0
M00185_P00950,6.6
M00185_P00951,6.11
M00185_P00959,0.0
M00185_P00962,7.26
M00185_P01041,0.0
M00185_P01042,0.0
M00185_P01048,6.3
M00185_P01049,6.68
M00185_P01051,5.66
M00185_P01055,0.0
M00185_P01063,0.0
M00185_P01064,5.6
M00186_P00032,7.12
M00186_P00044,6.76
M00186_P00045,0.0
M00186_P00050,0.0
M00186_P00052,0.0
M00186_P00549,5.78
M00186_P00552,5.03
M00186_P00554,0.0
M00186_P00561,0.0
M00186_P00562,6.45
M00186_P00568,4.41
M00187_P00287,0.0
M00187_P00290,6.04
M00187_P00291,4.88
M00187_P00295,7.63
M00187_P00297,0.0
M00187_P00298,0.0
M00187_P00299,6.2
M00187_P00304,6.2
M00187_P00307,0.0
M00187_P00309,0.0
M00187_P00310,7.68
M00187_P00835,6.06
M00187_P00840,5.8
M00187_P00844,0.0
M00187_P00847,5.6
M00187_P00848,0.0
M00187_P00856,6.64
M00188_P00423,0.0
M00188_P00424,0.0
M00188_P00425,6.38
M00188_P00426,6.24
M00188_P00431,5.6
M00188_P00436,5.92
M00188_P00440,5.93
M00188_P00574,0.0
M00188_P00579,0.0
M00188_P00582,6.7
M00188_P00584,5.68
M00188_P00586,5.78
M00188_P00590,7.3
M00189_P00011,0.0
M00189_P00024,5.66
M00189_P00922,0.0
M00189_P00927,4.89
M00189_P00931,0.0
M00189_P00935,0.0
M00190_P00136,0.0
M00190_P00141,7.0
M00190_P00148,6.11
M00190_P00156,6.52
M00190_P00423,0.0
M00190_P00424,0.0
M00190_P00425,6.29
M00190_P00426,5.92
M00190_P00431,6.0
M00190_P00436,0.0
M00190_P00440,0.0
M00191_P00807,0.0
M00191_P00812,6.96
M00191_P00819,0.0
M00191_P00826,6.19
M00191_P00827,0.0
M00191_P00940,0.0
M00191_P00948,0.0
M00191_P00950,0.0
M00191_P00951,0.0
M00191_P00959,6.61
M00191_P00962,0.0
M00192_P00782,7.18
M00192_P00786,6.03
M00192_P00788,6.49
M00192_P00797,0.0
M00192_P00803,5.97
M00192_P01146,7.74
M00192_P01157,6.45
M00192_P01166,5.34
M00192_P01169,0.0
M00193_P00032,7.36
M00193_P00044,7.21
M00193_P00045,5.59
M00193_P00050,6.97
M00193_P00052,0.0
M00193_P00732,0.0
M00193_P00738,0.0
M00193_P00742,6.34
M00193_P00744,0.0
M00193_P00747,0.0
M00193_P00753,5.88
M00194_P00368,4.78
M00194_P00372,5.5
M00194_P00378,0.0
M00194_P00382,0.0
M00194_P00383,0.0
M00194_P00678,0.0
M00194_P00679,0.0
M00194_P00680,4.78
M00194_P00681,5.5
M00194_P00683,6.8
M00194_P00694,5.13
M00195_P00515,0.0
M00195_P01120,5.98
M00196_P00782,0.0
M00196_P00786,0.0
M00196_P00788,0.0
M00196_P00797,5.44
M00196_P00803,5.12
M00196_P00940,6.4
M00196_P00948,5.42
M00196_P00950,0.0
M00196_P00951,0.0
M00196_P00959,0.0
M00196_P00962,8.08
M00197_P00705,0.0
M00197_P00707,0.0
M00197_P00716,5.02
M00197_P00718,6.14
M00197_P00724,0.0
M00197_P00728,0.0
M00197_P00940,6.1
M00197_P00948,0.0
M00197_P00950,6.27
M00197_P00951,6.08
M00197_P00959,6.47
M00197_P00962,7.62
M00198_P00761,6.26
M00198_P00772,5.17
M00198_P01146,0.0
M00198_P01157,0.0
M00198_P01166,6.24
M00198_P01169,0.0
M00199_P00368,0.0
M00199_P00372,0.0
M00199_P00378,0.0
M00199_P00382,6.46
M00199_P00383,0.0
M00199_P00423,0.0
M00199_P00424,5.24
M00199_P00425,5.66
M00199_P00426,5.53
M00199_P00431,0.0
M00199_P00436,6.9
M00199_P00440,0.0
M00200_P00185,0.0
M00200_P00193,0.0
M00200_P00197,5.98
M00200_P00199,5.9
M00200_P00200,5.78
M00200_P00529,0.0
M00200_P00535,5.65
M00200_P00536,0.0
M00200_P00542,0.0
M00200_P00543,5.54
M00201_P00313,0.0
M00201_P00324,6.26
M00201_P00329,0.0
M00201_P00333,0.0
M00201_P00334,7.02
M00201_P00368,7.12
M00201_P00372,6.98
M00201_P00378,6.16
M00201_P00382,4.64
M00201_P00383,6.06
M00202_P00443,6.38
M00202_P00448,6.56
M00202_P00452,0.0
M00202_P00462,6.36
M00202_P00463,0.0
M00202_P00465,6.35
M00202_P00468,0.0
M00202_P01223,0.0
M00202_P01234,6.83
M00202_P01236,6.19
M00202_P01241,5.45
M00202_P01242,0.0
M00203_P00157,0.0
M00203_P00159,0.0
M00203_P00164,0.0
M00203_P00169,5.74
M00203_P00171,0.0
M00203_P00175,7.3
M00203_P00345,5.66
M00203_P00347,6.82
M00203_P00351,5.76
M00203_P00353,0.0
M00203_P00359,0.0
M00203_P00362,6.44
M00204_P00287,0.0
M00204_P00290,6.78
M00204_P00291,0.0
M00204_P00295,7.53
M00204_P00297,6.28
M00204_P00298,0.0
M00204_P00299,5.9
M00204_P00304,6.34
M00204_P00307,0.0
M00204_P00309,5.72
M00204_P00310,0.0
M00204_P00611,0.0
M00204_P00618,6.26
M00204_P00619,0.0
M00204_P00622,6.51
M00205_P00888,0.0
M00205_P00889,0.0
M00205_P00893,5.71
M00205_P00894,6.12
M00205_P00895,5.88
M00205_P00901,7.24
M00205_P00909,0.0
M00205_P01177,0.0
M00205_P01182,6.8
M00205_P01184,5.8
M00205_P01193,6.06
M00205_P01196,0.0
M00206_P00055,0.0
M00206_P00057,6.45
M00206_P00059,0.0
M00206_P00064,6.4
M00206_P00066,8.34
M00206_P00071,6.86
M00206_P00077,7.65
M00206_P00108,5.78
M00206_P00110,6.12
M00206_P00114,6.39
M00206_P00124,0.0
M00206_P00129,6.31
M00207_P00209,0.0
M00207_P00210,7.43
M00207_P00211,0.0
M00207_P00219,0.0
M00207_P00221,5.92
M00207_P00222,6.0
M00207_P00232,0.0
M00207_P00234,0.0
M00207_P01146,0.0
M00207_P01157,0.0
M00207_P01166,6.93
M00207_P01169,5.52
M00208_P00011,5.07
M00208_P00024,0.0
M00208_P00157,4.86
M00208_P00159,0.0
M00208_P00164,6.19
M00208_P00169,7.2
M00208_P00171,0.0
M00208_P00175,0.0
M00209_P00782,6.81
M00209_P00786,0.0
M00209_P00788,0.0
M00209_P00797,7.69
M00209_P00803,0.0
M00209_P00807,5.72
M00209_P00812,7.19
M00209_P00819,5.73
M00209_P00826,6.1
M00209_P00827,6.96
M00210_P00079,0.0
M00210_P00082,6.3
M00210_P00087,5.95
M00210_P00097,6.92
M00210_P00102,0.0
M00210_P00287,0.0
M00210_P00290,5.17
M00210_P00291,4.92
M00210_P00295,7.47
M00210_P00297,0.0
M00210_P00298,4.37
M00210_P00299,6.59
M00210_P00304,0.0
M00210_P00307,0.0
M00210_P00309,0.0
M00210_P00310,0.0
M00211_P00108,0.0
M00211_P00110,5.42
M00211_P00114,6.98
M00211_P00124,0.0
M00211_P00129,6.14
M00211_P00185,0.0
M00211_P00193,6.26
M00211_P00197,0.0
M00211_P00199,0.0
M00211_P00200,6.2
M00212_P00108,5.61
M00212_P00110,5.08
M00212_P00114,0.0
M00212_P00124,5.96
M00212_P00129,5.84
M00212_P00965,0.0
M00212_P00966,5.5
M00212_P00975,0.0
M00212_P00978,6.4
M00212_P00980,7.03
M00212_P00986,5.73
M00213_P00241,4.94
M00213_P00244,6.3
M00213_P00245,0.0
M00213_P00248,0.0
M00213_P00255,0.0
M00213_P00260,7.37
M00213_P00266,7.52
M00213_P00271,5.7
M00213_P00278,6.11
M00213_P00286,0.0
M00214_P00136,7.44
M00214_P00141,0.0
M00214_P00148,0.0
M00214_P00156,6.7
M00214_P00423,0.0
M00214_P00424,5.68
M00214_P00425,7.5
M00214_P00426,0.0
M00214_P00431,5.42
M00214_P00436,0.0
M00214_P00440,6.1
M00215_P00991,7.39
M00215_P00993,0.0
M00215_P00997,6.05
M00215_P01000,5.56
M00215_P01010,0.0
M00215_P01020,6.34
M00215_P01034,0.0
M00215_P01037,0.0
M00215_P01038,6.7
M00216_P00625,0.0
M00216_P00630,5.27
M00216_P00632,0.0
M00216_P00635,6.34
M00216_P00644,6.8
M00216_P00645,0.0
M00216_P00650,7.29
M00216_P00863,0.0
M00216_P00880,6.54
M00216_P00882,0.0
M00217_P00515,0.0
M00217_P00991,7.16
M00217_P00993,5.32
M00217_P00997,6.38
M00217_P01000,6.47
M00217_P01010,0.0
M00218_P00940,0.0
M00218_P00948,6.66
M00218_P00950,5.96
M00218_P00951,6.01
M00218_P00959,6.2
M00218_P00962,0.0
M00218_P01041,0.0
M00218_P01042,5.92
M00218_P01048,0.0
M00218_P01049,6.72
M00218_P01051,6.78
M00218_P01055,5.52
M00218_P01063,0.0
M00218_P01064,6.0
M00219_P00345,5.87
M00219_P00347,6.84
M00219_P00351,5.38
M00219_P00353,0.0
M00219_P00359,6.54
M00219_P00362,6.66
M00219_P01070,0.0
M00219_P01074,0.0
M00219_P01082,0.0
M00220_P00136,0.0
M00220_P00141,6.54
M00220_P00148,5.26
M00220_P00156,5.26
M00220_P01099,6.1
M00220_P01107,0.0
M00220_P01108,0.0
M00220_P01109,5.5
M00220_P01114,6.17
M00220_P01118,0.0
M00221_P00287,0.0
M00221_P00290,5.85
M00221_P00291,6.62
M00221_P00295,0.0
M00221_P00297,0.0
M00221_P00298,6.12
M00221_P00299,6.59
M00221_P00304,6.68
M00221_P00307,6.02
M00221_P00309,5.46
M00221_P00310,6.06
M00221_P00940,0.0
M00221_P00948,6.02
M00221_P00950,6.64
M00221_P00951,6.35
M00221_P00959,0.0
M00221_P00962,0.0
M00222_P00011,6.72
M00222_P00024,0.0
M00222_P00705,5.69
M00222_P00707,0.0
M00222_P00716,5.86
M00222_P00718,0.0
M00222_P00724,6.12
M00222_P00728,6.98
M00223_P00055,0.0
M00223_P00057,0.0
M00223_P00059,5.89
M00223_P00064,5.62
M00223_P00066,6.61
M00223_P00071,0.0
M00223_P00077,5.58
M00223_P00478,5.66
M00223_P00479,0.0
M00223_P00486,5.4
M00223_P00491,0.0
M00224_P00478,5.69
M00224_P00479,0.0
M00224_P00486,0.0
M00224_P00491,0.0
M00224_P01177,5.5
M00224_P01182,0.0
M00224_P01184,0.0
M00224_P01193,0.0
M00224_P01196,6.1
M00225_P00108,5.62
M00225_P00110,5.32
M00225_P00114,7.1
M00225_P00124,5.88
M00225_P00129,5.69
M00225_P01146,7.62
M00225_P01157,5.94
M00225_P01166,0.0
M00225_P01169,5.48
M00226_P00965,0.0
M00226_P00966,6.41
M00226_P00975,6.24
M00226_P00978,0.0
M00226_P00980,6.74
M00226_P00986,0.0
M00226_P01041,6.35
M00226_P01042,0.0
M00226_P01048,0.0
M00226_P01049,0.0
M00226_P01051,5.05
M00226_P01055,6.9
M00226_P01063,5.94
M00226_P01064,0.0
M00227_P00185,0.0
M00227_P00193,0.0
M00227_P00197,7.18
M00227_P00199,5.57
M00227_P00200,0.0
M00227_P00705,6.52
M00227_P00707,0.0
M00227_P00716,5.26
M00227_P00718,0.0
M00227_P00724,6.0
M00227_P00728,6.38
M00228_P00241,0.0
M00228_P00244,6.14
M00228_P00245,5.93
M00228_P00248,5.7
M00228_P00255,0.0
M00228_P00260,6.99
M00228_P01070,0.0
M00228_P01074,5.14
M00228_P01082,0.0
M00229_P00079,0.0
M00229_P00082,0.0
M00229_P00087,7.06
M00229_P00097,6.64
M00229_P00102,0.0
M00229_P00108,0.0
M00229_P00110,5.94
M00229_P00114,7.26
M00229_P00124,6.33
M00229_P00129,5.54
M00230_P00940,5.76
M00230_P00948,5.9
M00230_P00950,0.0
M00230_P00951,7.14
M00230_P00959,4.86
M00230_P00962,6.7
M00230_P00991,0.0
M00230_P00993,5.84
M00230_P00997,5.67
M00230_P01000,6.86
M00230_P01010,0.0
M00231_P00185,6.52
M00231_P00193,0.0
M00231_P00197,5.22
M00231_P00199,6.61
M00231_P00200,5.11
M00231_P00782,5.91
M00231_P00786,6.0
M00231_P00788,0.0
M00231_P00797,6.66
M00231_P00803,7.43
M00232_P00655,5.65
M00232_P00662,0.0
M00232_P00666,0.0
M00232_P00668,0.0
M00232_P00669,0.0
M00232_P00673,6.35
M00232_P00674,5.68
M00232_P01146,0.0
M00232_P01157,0.0
M00232_P01166,7.32
M00232_P01169,6.56
M00233_P00136,7.46
M00233_P00141,7.16
M00233_P00148,6.4
M00233_P00156,6.22
M00233_P00732,4.96
M00233_P00738,6.62
M00233_P00742,0.0
M00233_P00744,6.58
M00233_P00747,7.39
M00233_P00753,7.08
M00234_P00529,6.24
M00234_P00535,5.5
M00234_P00536,4.24
M00234_P00542,0.0
M00234_P00543,0.0
M00234_P00705,0.0
M00234_P00707,0.0
M00234_P00716,6.55
M00234_P00718,6.02
M00234_P00724,6.77
M00234_P00728,0.0
M00235_P00032,6.91
M00235_P00044,0.0
M00235_P00045,4.71
M00235_P00050,6.28
M00235_P00052,0.0
M00235_P00157,0.0
M00235_P00159,7.56
M00235_P00164,0.0
M00235_P00169,6.25
M00235_P00171,6.88
M00235_P00175,0.0
M00236_P00443,0.0
M00236_P00448,0.0
M00236_P00452,5.76
M00236_P00462,6.38
M00236_P00463,0.0
M00236_P00465,5.82
M00236_P00468,6.11
M00236_P01120,6.23
M00237_P00287,0.0
M00237_P00290,6.28
M00237_P00291,5.58
M00237_P00295,0.0
M00237_P00297,0.0
M00237_P00298,5.72
M00237_P00299,6.17
M00237_P00304,6.62
M00237_P00307,5.28
M00237_P00309,0.0
M00237_P00310,0.0
M00237_P00807,0.0
M00237_P00812,7.28
M00237_P00819,5.88
M00237_P00826,6.64
M00237_P00827,0.0
M00238_P00287,5.68
M00238_P00290,0.0
M00238_P00291,6.5
M00238_P00295,0.0
M00238_P00297,4.39
M00238_P00298,5.66
M00238_P00299,5.82
M00238_P00304,6.76
M00238_P00307,0.0
M00238_P00309,0.0
M00238_P00310,6.46
M00238_P00443,0.0
M00238_P00448,0.0
M00238_P00452,5.11
M00238_P00462,0.0
M00238_P00463,6.88
M00238_P00465,0.0
M00238_P00468,5.62
M00239_P00807,0.0
M00239_P00812,6.08
M00239_P00819,4.68
M00239_P00826,5.65
M00239_P00827,6.45
M00239_P01041,5.73
M00239_P01042,0.0
M00239_P01048,0.0
M00239_P01049,6.55
M00239_P01051,4.8
M00239_P01055,0.0
M00239_P01063,0.0
M00239_P01064,5.84
M00240_P00574,0.0
M00240_P00579,6.1
M00240_P00582,5.68
M00240_P00584,6.74
M00240_P00586,0.0
M00240_P00590,7.17
M00240_P00705,0.0
M00240_P00707,0.0
M00240_P00716,0.0
M00240_P00718,7.24
M00240_P00724,5.61
M00240_P00728,7.04
M00241_P00157,0.0
M00241_P00159,5.46
M00241_P00164,6.18
M00241_P00169,5.38
M00241_P00171,6.49
M00241_P00175,5.86
M00241_P01099,0.0
M00241_P01107,0.0
M00241_P01108,7.37
M00241_P01109,0.0
M00241_P01114,6.34
M00241_P01118,7.18
M00242_P00678,5.82
M00242_P00679,0.0
M00242_P00680,5.7
M00242_P00681,0.0
M00242_P00683,5.71
M00242_P00694,5.91
M00242_P01177,6.66
M00242_P01182,6.17
M00242_P01184,6.66
M00242_P01193,5.84
M00242_P01196,5.63
M00243_P00655,6.3
M00243_P00662,0.0
M00243_P00666,6.3
M00243_P00668,0.0
M00243_P00669,6.34
M00243_P00673,0.0
M00243_P00674,0.0
M00243_P01099,0.0
M00243_P01107,6.22
M00243_P01108,7.3
M00243_P01109,0.0
M00243_P01114,0.0
M00243_P01118,6.6
M00244_P00136,0.0
M00244_P00141,6.88
M00244_P00148,0.0
M00244_P00156,0.0
M00244_P00761,5.57
M00244_P00772,0.0
M00245_P00185,0.0
M00245_P00193,6.24
M00245_P00197,0.0
M00245_P00199,0.0
M00245_P00200,5.61
M00245_P00529,0.0
M00245_P00535,5.68
M00245_P00536,0.0
M00245_P00542,0.0
M00245_P00543,0.0
M00246_P00011,6.25
M00246_P00024,5.49
M00246_P00835,7.29
M00246_P00840,0.0
M00246_P00844,6.14
M00246_P00847,0.0
M00246_P00848,5.48
M00246_P00856,6.67
M00247_P00079,0.0
M00247_P00082,6.34
M00247_P00087,6.3
M00247_P00097,6.56
M00247_P00102,0.0
M00247_P00678,0.0
M00247_P00679,0.0
M00247_P00680,6.54
M00247_P00681,6.94
M00247_P00683,0.0
M00247_P00694,0.0
M00248_P00807,0.0
M00248_P00812,0.0
M00248_P00819,0.0
M00248_P00826,6.24
M00248_P00827,7.3
M00248_P01020,5.65
M00248_P01034,6.65
M00248_P01037,0.0
M00248_P01038,0.0
M00249_P00079,0.0
M00249_P00082,0.0
M00249_P00087,0.0
M00249_P00097,7.3
M00249_P00102,6.2
M00249_P00368,0.0
M00249_P00372,0.0
M00249_P00378,5.98
M00249_P00382,6.75
M00249_P00383,0.0
M00250_P00478,6.54
M00250_P00479,6.0
M00250_P00486,0.0
M00250_P00491,6.09
M00250_P00761,0.0
M00250_P00772,5.7
M00251_P00032,0.0
M00251_P00044,0.0
M00251_P00045,0.0
M00251_P00050,5.53
M00251_P00052,7.26
M00251_P00185,0.0
M00251_P00193,0.0
M00251_P00197,5.22
M00251_P00199,0.0
M00251_P00200,0.0
M00252_P00266,0.0
M00252_P00271,6.66
M00252_P00278,6.83
M00252_P00286,6.96
M00252_P01177,0.0
M00252_P01182,6.0
M00252_P01184,5.26
M00252_P01193,6.86
M00252_P01196,6.22
M00253_P00678,0.0
M00253_P00679,0.0
M00253_P00680,5.86
M00253_P00681,0.0
M00253_P00683,6.54
M00253_P00694,6.8
M00253_P00922,6.8
M00253_P00927,0.0
M00253_P00931,0.0
M00253_P00935,6.02
M00254_P00185,4.48
M00254_P00193,6.07
M00254_P00197,4.9
M00254_P00199,0.0
M00254_P00200,6.43
M00254_P00782,0.0
M00254_P00786,5.66
M00254_P00788,6.76
M00254_P00797,6.76
M00254_P00803,6.83
M00255_P00807,0.0
M00255_P00812,7.5
M00255_P00819,6.32
M00255_P00826,6.62
M00255_P00827,6.46
M00255_P01201,0.0
M00255_P01209,5.36
M00255_P01210,5.52
M00255_P01211,0.0
M00255_P01214,0.0
M00256_P00678,0.0
M00256_P00679,0.0
M00256_P00680,6.31
M00256_P00681,6.27
M00256_P00683,0.0
M00256_P00694,0.0
M00256_P00807,0.0
M00256_P00812,0.0
M00256_P00819,6.09
M00256_P00826,6.18
M00256_P00827,7.76
M00257_P00761,5.48
M00257_P00772,5.47
M00257_P00940,4.97
M00257_P00948,0.0
M00257_P00950,0.0
M00257_P00951,0.0
M00257_P00959,7.11
M00257_P00962,7.1
M00258_P00313,6.09
M00258_P00324,6.34
M00258_P00329,6.18
M00258_P00333,7.12
M00258_P00334,6.72
M00258_P01020,6.09
M00258_P01034,5.46
M00258_P01037,0.0
M00258_P01038,0.0
M00259_P00108,6.07
M00259_P00110,0.0
M00259_P00114,7.21
M00259_P00124,6.7
M00259_P00129,6.0
M00259_P00478,6.06
M00259_P00479,6.74
M00259_P00486,0.0
M00259_P00491,0.0
M00260_P00549,0.0
M00260_P00552,0.0
M00260_P00554,7.65
M00260_P00561,7.8
M00260_P00562,6.29
M00260_P00568,5.39
M00260_P00863,0.0
M00260_P00880,0.0
M00260_P00882,8.22
M00261_P00478,0.0
M00261_P00479,0.0
M00261_P00486,6.58
M00261_P00491,5.91
M00261_P01223,0.0
M00261_P01234,6.66
M00261_P01236,5.68
M00261_P01241,0.0
M00261_P01242,0.0
M00262_P00241,5.89
M00262_P00244,6.93
M00262_P00245,7.01
M00262_P00248,6.74
M00262_P00255,7.42
M00262_P00260,0.0
M00262_P00761,6.9
M00262_P00772,6.26
M00263_P00549,0.0
M00263_P00552,0.0
M00263_P00554,0.0
M00263_P00561,0.0
M00263_P00562,0.0
M00263_P00568,6.7
M00263_P00574,5.75
M00263_P00579,4.61
M00263_P00582,0.0
M00263_P00584,7.58
M00263_P00586,6.21
M00263_P00590,7.02
M00264_P00529,6.07
M00264_P00535,0.0
M00264_P00536,6.36
M00264_P00542,0.0
M00264_P00543,0.0
M00264_P00761,6.14
M00264_P00772,7.1
M00265_P00625,6.5
M00265_P00630,6.7
M00265_P00632,0.0
M00265_P00635,0.0
M00265_P00644,5.84
M00265_P00645,5.7
M00265_P00650,0.0
M00265_P00940,6.0
M00265_P00948,6.72
M00265_P00950,6.14
M00265_P00951,6.1
M00265_P00959,6.38
M00265_P00962,7.2
M00266_P00055,6.64
M00266_P00057,5.86
M00266_P00059,0.0
M00266_P00064,0.0
M00266_P00066,6.34
M00266_P00071,5.98
M00266_P00077,5.9
M00266_P00549,0.0
M00266_P00552,0.0
M00266_P00554,6.46
M00266_P00561,7.14
M00266_P00562,6.56
M00266_P00568,0.0
M00267_P00625,0.0
M00267_P00630,0.0
M00267_P00632,6.35
M00267_P00635,6.12
M00267_P00644,0.0
M00267_P00645,0.0
M00267_P00650,5.11
M00267_P01177,0.0
M00267_P01182,6.02
M00267_P01184,5.96
M00267_P01193,5.95
M00267_P01196,6.88
M00268_P00055,5.38
M00268_P00057,5.96
M00268_P00059,0.0
M00268_P00064,5.54
M00268_P00066,7.9
M00268_P00071,6.0
M00268_P00077,6.38
M00268_P00807,0.0
M00268_P00812,6.84
M00268_P00819,0.0
M00268_P00826,5.77
M00268_P00827,7.44
M00269_P00157,5.18
M00269_P00159,0.0
M00269_P00164,0.0
M00269_P00169,5.5
M00269_P00171,6.86
M00269_P00175,7.13
M00269_P00761,6.58
M00269_P00772,7.06
M00270_P00011,6.02
M00270_P00024,6.1
M00270_P01223,5.96
M00270_P01234,5.84
M00270_P01236,0.0
M00270_P01241,7.32
M00270_P01242,6.3
M00271_P00241,6.04
M00271_P00244,6.4
M00271_P00245,6.02
M00271_P00248,5.99
M00271_P00255,6.15
M00271_P00260,7.34
M00271_P01070,6.94
M00271_P01074,6.57
M00271_P01082,6.03
M00272_P00423,6.3
M00272_P00424,6.07
M00272_P00425,0.0
M00272_P00426,5.84
M00272_P00431,0.0
M00272_P00436,5.58
M00272_P00440,4.52
M00272_P00574,0.0
M00272_P00579,6.29
M00272_P00582,0.0
M00272_P00584,7.05
M00272_P00586,0.0
M00272_P00590,7.21
M00273_P00136,6.57
M00273_P00141,0.0
M00273_P00148,6.06
M00273_P00156,0.0
M00273_P01070,5.87
M00273_P01074,6.49
M00273_P01082,0.0
M00274_P00529,7.02
M00274_P00535,0.0
M00274_P00536,0.0
M00274_P00542,6.37
M00274_P00543,6.68
M00274_P01070,5.82
M00274_P01074,6.3
M00274_P01082,5.57
M00275_P00055,0.0
M00275_P00057,5.56
M00275_P00059,6.24
M00275_P00064,0.0
M00275_P00066,6.84
M00275_P00071,5.88
M00275_P00077,0.0
M00275_P00888,0.0
M00275_P00889,4.74
M00275_P00893,6.38
M00275_P00894,5.89
M00275_P00895,0.0
M00275_P00901,6.5
M00275_P00909,5.84
M00276_P00391,0.0
M00276_P00399,6.84
M00276_P00410,6.14
M00276_P00416,6.68
M00276_P01070,0.0
M00276_P01074,0.0
M00276_P01082,6.36
M00277_P00136,7.64
M00277_P00141,7.72
M00277_P00148,0.0
M00277_P00156,6.7
M00277_P00368,5.32
M00277_P00372,6.37
M00277_P00378,0.0
M00277_P00382,0.0
M00277_P00383,0.0
M00278_P01041,5.62
M00278_P01042,0.0
M00278_P01048,7.07
M00278_P01049,7.77
M00278_P01051,0.0
M00278_P01055,6.44
M00278_P01063,0.0
M00278_P01064,6.55
M00278_P01201,6.76
M00278_P01209,6.55
M00278_P01210,5.64
M00278_P01211,0.0
M00278_P01214,5.96
M00279_P00266,0.0
M00279_P00271,6.78
M00279_P00278,7.24
M00279_P00286,5.58
M00279_P01177,0.0
M00279_P01182,0.0
M00279_P01184,6.82
M00279_P01193,5.24
M00279_P01196,6.85
M00280_P00055,0.0
M00280_P00057,6.14
M00280_P00059,6.68
M00280_P00064,5.62
M00280_P00066,7.9
M00280_P00071,0.0
M00280_P00077,0.0
M00280_P00549,0.0
M00280_P00552,0.0
M00280_P00554,5.93
M00280_P00561,0.0
M00280_P00562,6.78
M00280_P00568,0.0
M00281_P00478,6.44
M00281_P00479,7.4
M00281_P00486,5.35
M00281_P00491,6.04
M00281_P00611,0.0
M00281_P00618,0.0
M00281_P00619,6.23
M00281_P00622,0.0
M00282_P00241,0.0
M00282_P00244,5.74
M00282_P00245,7.1
M00282_P00248,0.0
M00282_P00255,6.5
M00282_P00260,0.0
M00282_P00423,7.45
M00282_P00424,6.22
M00282_P00425,6.82
M00282_P00426,5.73
M00282_P00431,6.78
M00282_P00436,0.0
M00282_P00440,5.48
M00283_P00940,0.0
M00283_P00948,6.22
M00283_P00950,6.79
M00283_P00951,0.0
M00283_P00959,5.7
M00283_P00962,6.88
M00283_P01146,0.0
M00283_P01157,5.56
M00283_P01166,6.28
M00283_P01169,0.0
M00284_P00266,6.25
M00284_P00271,5.83
M00284_P00278,6.73
M00284_P00286,0.0
M00284_P00313,0.0
M00284_P00324,0.0
M00284_P00329,6.28
M00284_P00333,6.98
M00284_P00334,6.84
M00285_P01020,6.36
M00285_P01034,0.0
M00285_P01037,5.9
M00285_P01038,6.03
M00285_P01146,0.0
M00285_P01157,5.48
M00285_P01166,6.1
M00285_P01169,6.46
M00286_P00241,5.22
M00286_P00244,5.88
M00286_P00245,0.0
M00286_P00248,6.23
M00286_P00255,0.0
M00286_P00260,6.28
M00286_P00965,0.0
M00286_P00966,5.75
M00286_P00975,7.12
M00286_P00978,0.0
M00286_P00980,6.04
M00286_P00986,0.0
M00287_P00423,6.46
M00287_P00424,5.19
M00287_P00425,0.0
M00287_P00426,6.06
M00287_P00431,0.0
M00287_P00436,0.0
M00287_P00440,6.98
M00287_P01041,0.0
M00287_P01042,5.76
M00287_P01048,5.84
M00287_P01049,7.96
M00287_P01051,0.0
M00287_P01055,0.0
M00287_P01063,0.0
M00287_P01064,0.0
M00288_P00011,0.0
M00288_P00024,0.0
M00288_P01099,6.64
M00288_P01107,6.06
M00288_P01108,7.32
M00288_P01109,5.87
M00288_P01114,0.0
M00288_P01118,6.8
M00289_P00888,0.0
M00289_P00889,5.14
M00289_P00893,5.42
M00289_P00894,6.98
M00289_P00895,7.35
M00289_P00901,6.96
M00289_P00909,0.0
M00289_P01120,5.82
M00290_P00574,6.31
M00290_P00579,0.0
M00290_P00582,0.0
M00290_P00584,5.44
M00290_P00586,5.86
M00290_P00590,7.22
M00290_P00732,5.25
M00290_P00738,5.36
M00290_P00742,5.86
M00290_P00744,5.2
M00290_P00747,0.0
M00290_P00753,6.0
M00291_P00705,6.28
M00291_P00707,0.0
M00291_P00716,6.32
M00291_P00718,6.72
M00291_P00724,6.59
M00291_P00728,0.0
M00291_P01041,0.0
M00291_P01042,5.5
M00291_P01048,5.16
M00291_P01049,7.33
M00291_P01051,6.38
M00291_P01055,0.0
M00291_P01063,6.68
M00291_P01064,6.22
M00292_P00515,5.38
M00292_P00761,6.58
M00292_P00772,5.26
M00293_P00157,0.0
M00293_P00159,6.22
M00293_P00164,5.68
M00293_P00169,5.72
M00293_P00171,0.0
M00293_P00175,6.38
M00293_P00782,0.0
M00293_P00786,0.0
M00293_P00788,7.62
M00293_P00797,6.92
M00293_P00803,6.35
M00294_P00574,0.0
M00294_P00579,6.3
M00294_P00582,0.0
M00294_P00584,6.52
M00294_P00586,0.0
M00294_P00590,6.61
M00294_P00940,6.36
M00294_P00948,5.72
M00294_P00950,5.69
M00294_P00951,6.74
M00294_P00959,6.21
M00294_P00962,0.0
M00295_P00478,5.84
M00295_P00479,7.69
M00295_P00486,6.77
M00295_P00491,6.16
M00295_P01146,0.0
M00295_P01157,6.2
M00295_P01166,6.89
M00295_P01169,0.0
M00296_P00011,7.26
M00296_P00024,0.0
M00296_P00443,5.47
M00296_P00448,5.92
M00296_P00452,6.67
M00296_P00462,6.5
M00296_P00463,5.94
M00296_P00465,6.34
M00296_P00468,0.0
M00297_P00807,0.0
M00297_P00812,7.72
M00297_P00819,0.0
M00297_P00826,6.46
M00297_P00827,6.21
M00297_P00991,0.0
M00297_P00993,5.84
M00297_P00997,4.38
M00297_P01000,4.9
M00297_P01010,7.05
M00298_P00574,0.0
M00298_P00579,6.75
M00298_P00582,0.0
M00298_P00584,6.14
M00298_P00586,5.6
M00298_P00590,0.0
M00298_P00991,0.0
M00298_P00993,0.0
M00298_P00997,5.52
M00298_P01000,0.0
M00298_P01010,6.88
M00299_P00423,6.32
M00299_P00424,5.01
M00299_P00425,0.0
M00299_P00426,0.0
M00299_P00431,5.96
M00299_P00436,6.76
M00299_P00440,6.32
M00299_P01020,6.57
M00299_P01034,0.0
M00299_P01037,0.0
M00299_P01038,5.11
M00300_P00157,0.0
M00300_P00159,6.26
M00300_P00164,0.0
M00300_P00169,5.2
M00300_P00171,0.0
M00300_P00175,6.51
M00300_P01041,5.22
M00300_P01042,0.0
M00300_P01048,6.16
M00300_P01049,7.24
M00300_P01051,6.32
M00300_P01055,5.82
M00300_P01063,4.94
M00300_P01064,0.0
M00301_P00515,0.0
M00301_P00761,6.57
M00301_P00772,0.0
M00302_P00209,0.0
M00302_P00210,6.43
M00302_P00211,0.0
M00302_P00219,6.17
M00302_P00221,0.0
M00302_P00222,0.0
M00302_P00232,0.0
M00302_P00234,8.07
M00302_P01201,5.33
M00302_P01209,6.16
M00302_P01210,0.0
M00302_P01211,6.46
M00302_P01214,5.82
M00303_P00529,6.74
M00303_P00535,4.91
M00303_P00536,4.9
M00303_P00542,6.0
M00303_P00543,6.4
M00303_P00705,6.1
M00303_P00707,6.34
M00303_P00716,0.0
M00303_P00718,0.0
M00303_P00724,6.75
M00303_P00728,5.42
M00304_P00209,5.04
M00304_P00210,0.0
M00304_P00211,0.0
M00304_P00219,0.0
M00304_P00221,6.16
M00304_P00222,6.86
M00304_P00232,0.0
M00304_P00234,0.0
M00304_P00922,6.12
M00304_P00927,5.42
M00304_P00931,5.88
M00304_P00935,0.0
M00305_P00266,5.56
M00305_P00271,0.0
M00305_P00278,6.85
M00305_P00286,5.94
M00305_P00443,0.0
M00305_P00448,6.28
M00305_P00452,6.19
M00305_P00462,6.04
M00305_P00463,0.0
M00305_P00465,0.0
M00305_P00468,6.94
M00306_P00549,4.9
M00306_P00552,5.9
M00306_P00554,6.18
M00306_P00561,7.78
M00306_P00562,6.4
M00306_P00568,0.0
M00306_P01223,0.0
M00306_P01234,0.0
M00306_P01236,5.65
M00306_P01241,0.0
M00306_P01242,6.3
M00307_P00108,0.0
M00307_P00110,0.0
M00307_P00114,6.84
M00307_P00124,0.0
M00307_P00129,0.0
M00307_P00266,0.0
M00307_P00271,0.0
M00307_P00278,7.3
M00307_P00286,0.0
M00308_P01120,0.0
M00308_P01223,0.0
M00308_P01234,6.03
M00308_P01236,0.0
M00308_P01241,5.49
M00308_P01242,5.95
M00309_P00611,5.61
M00309_P00618,0.0
M00309_P00619,6.64
M00309_P00622,6.93
M00309_P00922,0.0
M00309_P00927,4.86
M00309_P00931,5.5
M00309_P00935,0.0
M00310_P00011,5.78
M00310_P00024,6.08
M00310_P00443,0.0
M00310_P00448,5.36
M00310_P00452,6.68
M00310_P00462,0.0
M00310_P00463,6.42
M00310_P00465,0.0
M00310_P00468,0.0
M00311_P00611,5.8
M00311_P00618,6.6
M00311_P00619,6.68
M00311_P00622,6.98
M00311_P00761,6.16
M00311_P00772,0.0
M00312_P00625,0.0
M00312_P00630,6.34
M00312_P00632,5.9
M00312_P00635,7.14
M00312_P00644,6.03
M00312_P00645,0.0
M00312_P00650,5.18
M00312_P00965,0.0
M00312_P00966,0.0
M00312_P00975,6.76
M00312_P00978,5.41
M00312_P00980,6.38
M00312_P00986,0.0
M00313_P00157,0.0
M00313_P00159,4.92
M00313_P00164,0.0
M00313_P00169,4.74
M00313_P00171,5.98
M00313_P00175,6.16
M00313_P01146,0.0
M00313_P01157,0.0
M00313_P01166,5.92
M00313_P01169,0.0
M00314_P00032,0.0
M00314_P00044,0.0
M00314_P00045,5.97
M00314_P00050,0.0
M00314_P00052,0.0
M00314_P01041,0.0
M00314_P01042,0.0
M00314_P01048,7.05
M00314_P01049,0.0
M00314_P01051,0.0
M00314_P01055,6.38
M00314_P01063,0.0
M00314_P01064,0.0
M00315_P00368,5.66
M00315_P00372,0.0
M00315_P00378,5.27
M00315_P00382,5.13
M00315_P00383,5.54
M00315_P01020,0.0
M00315_P01034,5.64
M00315_P01037,0.0
M00315_P01038,0.0
M00316_P00761,0.0
M00316_P00772,6.36
M00316_P01041,0.0
M00316_P01042,6.02
M00316_P01048,0.0
M00316_P01049,0.0
M00316_P01051,7.02
M00316_P01055,6.1
M00316_P01063,5.27
M00316_P01064,5.98
M00317_P00678,5.44
M00317_P00679,0.0
M00317_P00680,0.0
M00317_P00681,6.94
M00317_P00683,6.26
M00317_P00694,6.31
M00317_P01070,0.0
M00317_P01074,6.03
M00317_P01082,0.0
M00318_P00055,5.68
M00318_P00057,0.0
M00318_P00059,0.0
M00318_P00064,0.0
M00318_P00066,0.0
M00318_P00071,6.16
M00318_P00077,5.84
M00318_P00079,6.34
M00318_P00082,6.86
M00318_P00087,6.02
M00318_P00097,0.0
M00318_P00102,5.44
M00319_P00157,0.0
M00319_P00159,0.0
M00319_P00164,0.0
M00319_P00169,6.07
M00319_P00171,0.0
M00319_P00175,6.36
M00319_P00185,6.7
M00319_P00193,0.0
M00319_P00197,0.0
M00319_P00199,6.15
M00319_P00200,6.42
M00320_P00625,0.0
M00320_P00630,5.33
M00320_P00632,6.28
M00320_P00635,6.44
M00320_P00644,6.98
M00320_P00645,6.76
M00320_P00650,6.34
M00320_P00782,0.0
M00320_P00786,6.15
M00320_P00788,0.0
M00320_P00797,0.0
M00320_P00803,6.2
M00321_P00965,0.0
M00321_P00966,0.0
M00321_P00975,0.0
M00321_P00978,0.0
M00321_P00980,0.0
M00321_P00986,0.0
M00321_P01223,6.26
M00321_P01234,0.0
M00321_P01236,6.06
M00321_P01241,5.63
M00321_P01242,5.78
M00322_P00157,0.0
M00322_P00159,5.22
M00322_P00164,0.0
M00322_P00169,5.54
M00322_P00171,0.0
M00322_P00175,5.76
M00322_P01070,0.0
M00322_P01074,5.3
M00322_P01082,5.19
M00323_P00055,0.0
M00323_P00057,0.0
M00323_P00059,0.0
M00323_P00064,6.56
M00323_P00066,7.06
M00323_P00071,0.0
M00323_P00077,5.54
M00323_P00443,0.0
M00323_P00448,0.0
M00323_P00452,0.0
M00323_P00462,6.2
M00323_P00463,7.52
M00323_P00465,7.15
M00323_P00468,5.26
M00324_P00345,5.4
M00324_P00347,6.28
M00324_P00351,6.0
M00324_P00353,5.98
M00324_P00359,5.28
M00324_P00362,5.04
M00324_P00761,6.65
M00324_P00772,6.0
M00325_P00157,5.92
M00325_P00159,0.0
M00325_P00164,5.45
M00325_P00169,6.39
M00325_P00171,0.0
M00325_P00175,5.73
M00325_P00611,0.0
M00325_P00618,6.8
M00325_P00619,0.0
M00325_P00622,4.94
M00326_P00888,0.0
M00326_P00889,6.46
M00326_P00893,6.52
M00326_P00894,0.0
M00326_P00895,0.0
M00326_P00901,7.3
M00326_P00909,6.77
M00326_P01099,6.82
M00326_P01107,5.58
M00326_P01108,7.54
M00326_P01109,7.28
M00326_P01114,6.92
M00326_P01118,0.0
M00327_P00443,0.0
M00327_P00448,5.66
M00327_P00452,6.43
M00327_P00462,7.15
M00327_P00463,0.0
M00327_P00465,6.01
M00327_P00468,5.32
M00327_P00655,0.0
M00327_P00662,0.0
M00327_P00666,0.0
M00327_P00668,5.42
M00327_P00669,6.23
M00327_P00673,7.34
M00327_P00674,5.06
M00328_P00136,6.86
M00328_P00141,0.0
M00328_P00148,5.88
M00328_P00156,6.8
M00328_P00761,5.44
M00328_P00772,5.84
M00329_P01041,0.0
M00329_P01042,0.0
M00329_P01048,7.46
M00329_P01049,7.28
M00329_P01051,6.77
M00329_P01055,5.6
M00329_P01063,7.32
M00329_P01064,5.82
M00329_P01070,5.78
M00329_P01074,6.78
M00329_P01082,5.88
M00330_P00079,0.0
M00330_P00082,6.64
M00330_P00087,6.62
M00330_P00097,0.0
M00330_P00102,0.0
M00330_P00574,5.42
M00330_P00579,0.0
M00330_P00582,5.36
M00330_P00584,6.26
M00330_P00586,4.84
M00330_P00590,0.0
M00331_P00345,7.51
M00331_P00347,5.89
M00331_P00351,5.8
M00331_P00353,5.85
M00331_P00359,6.48
M00331_P00362,0.0
M00331_P00940,5.6
M00331_P00948,0.0
M00331_P00950,0.0
M00331_P00951,0.0
M00331_P00959,0.0
M00331_P00962,6.26
M00332_P00345,5.62
M00332_P00347,0.0
M00332_P00351,6.3
M00332_P00353,0.0
M00332_P00359,6.94
M00332_P00362,7.46
M00332_P00965,6.86
M00332_P00966,0.0
M00332_P00975,0.0
M00332_P00978,0.0
M00332_P00980,0.0
M00332_P00986,0.0
M00333_P00241,0.0
M00333_P00244,5.28
M00333_P00245,7.1
M00333_P00248,0.0
M00333_P00255,0.0
M00333_P00260,8.07
M00333_P01020,6.4
M00333_P01034,6.96
M00333_P01037,4.93
M00333_P01038,0.0
M00334_P00209,6.27
M00334_P00210,0.0
M00334_P00211,0.0
M00334_P00219,6.66
M00334_P00221,6.36
M00334_P00222,6.03
M00334_P00232,5.2
M00334_P00234,6.87
M00334_P00241,6.5
M00334_P00244,0.0
M00334_P00245,5.96
M00334_P00248,5.54
M00334_P00255,7.98
M00334_P00260,0.0
M00335_P00185,0.0
M00335_P00193,6.56
M00335_P00197,6.32
M00335_P00199,0.0
M00335_P00200,6.46
M00335_P00287,0.0
M00335_P00290,0.0
M00335_P00291,6.38
M00335_P00295,6.14
M00335_P00297,0.0
M00335_P00298,0.0
M00335_P00299,6.73
M00335_P00304,5.82
M00335_P00307,0.0
M00335_P00309,0.0
M00335_P00310,5.28
M00336_P00011,5.78
M00336_P00024,0.0
M00336_P00209,6.28
M00336_P00210,0.0
M00336_P00211,0.0
M00336_P00219,0.0
M00336_P00221,0.0
M00336_P00222,7.06
M00336_P00232,0.0
M00336_P00234,8.07
M00337_P00529,6.36
M00337_P00535,0.0
M00337_P00536,0.0
M00337_P00542,0.0
M00337_P00543,7.2
M00337_P00965,6.98
M00337_P00966,0.0
M00337_P00975,0.0
M00337_P00978,0.0
M00337_P00980,6.85
M00337_P00986,6.9
M00338_P00079,0.0
M00338_P00082,5.7
M00338_P00087,5.6
M00338_P00097,7.18
M00338_P00102,6.24
M00338_P00423,0.0
M00338_P00424,0.0
M00338_P00425,6.9
M00338_P00426,5.17
M00338_P00431,0.0
M00338_P00436,6.2
M00338_P00440,7.04
M00339_P00185,0.0
M00339_P00193,5.64
M00339_P00197,5.88
M00339_P00199,5.44
M00339_P00200,5.6
M00339_P00863,6.38
M00339_P00880,0.0
M00339_P00882,0.0
M00340_P00732,5.88
M00340_P00738,4.89
M00340_P00742,6.35
M00340_P00744,6.04
M00340_P00747,0.0
M00340_P00753,0.0
M00340_P00782,6.71
M00340_P00786,5.22
M00340_P00788,0.0
M00340_P00797,6.2
M00340_P00803,0.0
M00341_P00835,0.0
M00341_P00840,0.0
M00341_P00844,5.9
M00341_P00847,6.38
M00341_P00848,0.0
M00341_P00856,6.26
M00341_P00991,0.0
M00341_P00993,6.57
M00341_P00997,0.0
M00341_P01000,0.0
M00341_P01010,7.02
M00342_P00368,5.98
M00342_P00372,6.54
M00342_P00378,4.91
M00342_P00382,0.0
M00342_P00383,4.92
M00342_P00835,0.0
M00342_P00840,5.86
M00342_P00844,5.18
M00342_P00847,5.82
M00342_P00848,0.0
M00342_P00856,0.0
M00343_P01099,7.09
M00343_P01107,6.04
M00343_P01108,0.0
M00343_P01109,6.27
M00343_P01114,6.95
M00343_P01118,0.0
M00343_P01201,0.0
M00343_P01209,0.0
M00343_P01210,5.96
M00343_P01211,6.33
M00343_P01214,6.02
M00344_P00761,0.0
M00344_P00772,5.72
M00344_P01099,6.39
M00344_P01107,0.0
M00344_P01108,6.58
M00344_P01109,6.36
M00344_P01114,0.0
M00344_P01118,6.48
M00345_P00655,0.0
M00345_P00662,0.0
M00345_P00666,6.09
M00345_P00668,0.0
M00345_P00669,0.0
M00345_P00673,7.0
M00345_P00674,6.1
M00345_P00782,5.48
M00345_P00786,0.0
M00345_P00788,0.0
M00345_P00797,0.0
M00345_P00803,5.46
M00346_P00807,0.0
M00346_P00812,7.55
M00346_P00819,5.74
M00346_P00826,6.33
M00346_P00827,6.7
M00346_P01201,6.72
M00346_P01209,6.11
M00346_P01210,6.05
M00346_P01211,7.35
M00346_P01214,0.0
M00347_P00136,6.44
M00347_P00141,0.0
M00347_P00148,0.0
M00347_P00156,5.74
M00347_P00549,5.53
M00347_P00552,4.35
M00347_P00554,5.79
M00347_P00561,7.8
M00347_P00562,6.69
M00347_P00568,5.9
M00348_P00108,0.0
M00348_P00110,0.0
M00348_P00114,0.0
M00348_P00124,6.63
M00348_P00129,8.12
M00348_P00241,5.93
M00348_P00244,5.65
M00348_P00245,6.31
M00348_P00248,5.16
M00348_P00255,7.38
M00348_P00260,0.0
M00349_P00625,0.0
M00349_P00630,6.53
M00349_P00632,0.0
M00349_P00635,5.55
M00349_P00644,6.69
M00349_P00645,7.33
M00349_P00650,0.0
M00349_P01020,0.0
M00349_P01034,0.0
M00349_P01037,6.24
M00349_P01038,0.0
M00350_P00761,0.0
M00350_P00772,6.05
M00350_P00863,6.76
M00350_P00880,7.23
M00350_P00882,0.0
M00351_P00157,0.0
M00351_P00159,5.71
M00351_P00164,0.0
M00351_P00169,0.0
M00351_P00171,0.0
M00351_P00175,6.66
M00351_P01177,0.0
M00351_P01182,0.0
M00351_P01184,0.0
M00351_P01193,6.46
M00351_P01196,6.07
M00352_P00705,5.83
M00352_P00707,0.0
M00352_P00716,6.46
M00352_P00718,0.0
M00352_P00724,6.14
M00352_P00728,7.2
M00352_P00761,6.34
M00352_P00772,5.76
M00353_P00549,0.0
M00353_P00552,6.4
M00353_P00554,0.0
M00353_P00561,0.0
M00353_P00562,5.59
M00353_P00568,4.89
M00353_P00782,5.88
M00353_P00786,6.14
M00353_P00788,6.96
M00353_P00797,6.5
M00353_P00803,0.0
M00354_P00157,0.0
M00354_P00159,0.0
M00354_P00164,6.8
M00354_P00169,0.0
M00354_P00171,5.34
M00354_P00175,6.73
M00354_P01201,0.0
M00354_P01209,6.07
M00354_P01210,0.0
M00354_P01211,6.4
M00354_P01214,0.0
M00355_P00529,6.03
M00355_P00535,5.67
M00355_P00536,5.51
M00355_P00542,0.0
M00355_P00543,6.72
M00355_P01120,5.42
M00356_P00241,0.0
M00356_P00244,0.0
M00356_P00245,5.81
M00356_P00248,0.0
M00356_P00255,6.95
M00356_P00260,0.0
M00356_P01146,6.3
M00356_P01157,6.92
M00356_P01166,5.23
M00356_P01169,6.1
M00357_P00136,0.0
M00357_P00141,6.51
M00357_P00148,5.71
M00357_P00156,5.24
M00357_P00157,0.0
M00357_P00159,5.54
M00357_P00164,6.22
M00357_P00169,6.59
M00357_P00171,5.66
M00357_P00175,0.0
M00358_P00157,0.0
M00358_P00159,0.0
M00358_P00164,6.31
M00358_P00169,6.61
M00358_P00171,0.0
M00358_P00175,0.0
M00358_P00625,6.98
M00358_P00630,4.78
M00358_P00632,0.0
M00358_P00635,5.96
M00358_P00644,0.0
M00358_P00645,6.2
M00358_P00650,0.0
M00359_P00922,0.0
M00359_P00927,5.32
M00359_P00931,6.98
M00359_P00935,6.66
M00359_P00965,0.0
M00359_P00966,0.0
M00359_P00975,6.02
M00359_P00978,0.0
M00359_P00980,5.56
M00359_P00986,7.31
M00360_P00185,0.0
M00360_P00193,0.0
M00360_P00197,0.0
M00360_P00199,0.0
M00360_P00200,6.06
M00360_P01099,6.3
M00360_P01107,5.86
M00360_P01108,7.12
M00360_P01109,5.92
M00360_P01114,0.0
M00360_P01118,0.0
M00361_P00705,0.0
M00361_P00707,6.32
M00361_P00716,5.93
M00361_P00718,0.0
M00361_P00724,6.32
M00361_P00728,6.69
M00361_P01099,6.05
M00361_P01107,5.72
M00361_P01108,7.74
M00361_P01109,5.64
M00361_P01114,6.56
M00361_P01118,6.29
M00362_P00478,0.0
M00362_P00479,0.0
M00362_P00486,0.0
M00362_P00491,6.56
M00362_P01020,5.66
M00362_P01034,0.0
M00362_P01037,5.81
M00362_P01038,0.0
M00363_P00157,0.0
M00363_P00159,0.0
M00363_P00164,6.96
M00363_P00169,0.0
M00363_P00171,6.89
M00363_P00175,6.38
M00363_P00965,0.0
M00363_P00966,5.0
M00363_P00975,7.28
M00363_P00978,0.0
M00363_P00980,6.69
M00363_P00986,0.0
M00364_P00241,6.72
M00364_P00244,5.54
M00364_P00245,6.52
M00364_P00248,6.54
M00364_P00255,0.0
M00364_P00260,6.92
M00364_P01120,0.0
M00365_P00157,0.0
M00365_P00159,5.18
M00365_P00164,5.26
M00365_P00169,5.92
M00365_P00171,0.0
M00365_P00175,6.02
M00365_P00611,0.0
M00365_P00618,5.88
M00365_P00619,6.24
M00365_P00622,0.0
M00366_P00185,6.18
M00366_P00193,7.27
M00366_P00197,0.0
M00366_P00199,5.42
M00366_P00200,0.0
M00366_P00478,0.0
M00366_P00479,0.0
M00366_P00486,5.4
M00366_P00491,0.0
M00367_P00705,6.14
M00367_P00707,0.0
M00367_P00716,0.0
M00367_P00718,6.58
M00367_P00724,5.28
M00367_P00728,0.0
M00367_P00940,6.99
M00367_P00948,0.0
M00367_P00950,5.89
M00367_P00951,6.94
M00367_P00959,6.13
M00367_P00962,6.04
M00368_P00991,6.9
M00368_P00993,5.87
M00368_P00997,0.0
M00368_P01000,0.0
M00368_P01010,6.3
M00368_P01120,0.0
M00369_P00032,7.0
M00369_P00044,7.33
M00369_P00045,0.0
M00369_P00050,6.82
M00369_P00052,6.64
M00369_P00313,0.0
M00369_P00324,6.61
M00369_P00329,0.0
M00369_P00333,6.34
M00369_P00334,6.28
M00370_P00549,0.0
M00370_P00552,5.84
M00370_P00554,6.35
M00370_P00561,6.89
M00370_P00562,0.0
M00370_P00568,0.0
M00370_P00611,5.25
M00370_P00618,0.0
M00370_P00619,5.3
M00370_P00622,0.0
M00371_P00241,6.12
M00371_P00244,5.78
M00371_P00245,0.0
M00371_P00248,6.98
M00371_P00255,0.0
M00371_P00260,7.04
M00371_P00965,0.0
M00371_P00966,0.0
M00371_P00975,5.72
M00371_P00978,6.12
M00371_P00980,6.28
M00371_P00986,6.58
M00372_P00108,5.97
M00372_P00110,6.32
M00372_P00114,7.8
M00372_P00124,0.0
M00372_P00129,6.42
M00372_P00266,6.67
M00372_P00271,0.0
M00372_P00278,7.3
M00372_P00286,6.76
M00373_P00136,6.97
M00373_P00141,0.0
M00373_P00148,0.0
M00373_P00156,6.92
M00373_P00888,6.28
M00373_P00889,5.76
M00373_P00893,0.0
M00373_P00894,6.44
M00373_P00895,7.22
M00373_P00901,0.0
M00373_P00909,7.0
M00374_P00678,0.0
M00374_P00679,7.13
M00374_P00680,0.0
M00374_P00681,0.0
M00374_P00683,6.2
M00374_P00694,0.0
M00374_P00782,6.26
M00374_P00786,6.42
M00374_P00788,0.0
M00374_P00797,5.9
M00374_P00803,6.72
M00375_P00515,5.99
M00375_P00611,0.0
M00375_P00618,6.3
M00375_P00619,5.82
M00375_P00622,7.42
M00376_P00940,6.02
M00376_P00948,6.29
M00376_P00950,6.08
M00376_P00951,7.0
M00376_P00959,5.86
M00376_P00962,7.01
M00376_P01020,0.0
M00376_P01034,5.95
M00376_P01037,6.36
M00376_P01038,5.93
M00377_P00241,6.35
M00377_P00244,5.79
M00377_P00245,0.0
M00377_P00248,0.0
M00377_P00255,0.0
M00377_P00260,7.72
M00377_P00287,0.0
M00377_P00290,0.0
M00377_P00291,5.3
M00377_P00295,0.0
M00377_P00297,6.52
M00377_P00298,6.04
M00377_P00299,6.54
M00377_P00304,6.37
M00377_P00307,0.0
M00377_P00309,0.0
M00377_P00310,0.0
M00378_P00136,7.18
M00378_P00141,0.0
M00378_P00148,0.0
M00378_P00156,0.0
M00378_P01120,0.0
M00379_P00705,0.0
M00379_P00707,6.57
M00379_P00716,0.0
M00379_P00718,7.4
M00379_P00724,5.46
M00379_P00728,0.0
M00379_P01099,6.78
M00379_P01107,6.3
M00379_P01108,6.92
M00379_P01109,0.0
M00379_P01114,7.4
M00379_P01118,6.64
M00380_P00443,5.4
M00380_P00448,5.74
M00380_P00452,5.02
M00380_P00462,0.0
M00380_P00463,6.47
M00380_P00465,5.86
M00380_P00468,0.0
M00380_P00678,0.0
M00380_P00679,7.14
M00380_P00680,6.95
M00380_P00681,0.0
M00380_P00683,0.0
M00380_P00694,0.0
M00381_P00574,5.84
M00381_P00579,6.95
M00381_P00582,6.03
M00381_P00584,0.0
M00381_P00586,0.0
M00381_P00590,7.68
M00381_P00732,5.61
M00381_P00738,0.0
M00381_P00742,0.0
M00381_P00744,0.0
M00381_P00747,7.42
M00381_P00753,4.88
M00382_P01120,0.0
M00382_P01146,0.0
M00382_P01157,6.17
M00382_P01166,0.0
M00382_P01169,5.42
M00383_P00863,0.0
M00383_P00880,5.66
M00383_P00882,7.38
M00383_P01120,0.0
M00384_P00368,6.4
M00384_P00372,0.0
M00384_P00378,5.68
M00384_P00382,0.0
M00384_P00383,6.36
M00384_P00678,0.0
M00384_P00679,6.86
M00384_P00680,5.82
M00384_P00681,6.04
M00384_P00683,6.68
M00384_P00694,6.43
M00385_P00011,7.04
M00385_P00024,0.0
M00385_P00368,5.95
M00385_P00372,6.94
M00385_P00378,0.0
M00385_P00382,6.46
M00385_P00383,0.0
M00386_P00209,0.0
M00386_P00210,7.62
M00386_P00211,0.0
M00386_P00219,6.06
M00386_P00221,6.84
M00386_P00222,6.88
M00386_P00232,7.26
M00386_P00234,6.93
M00386_P00443,0.0
M00386_P00448,5.49
M00386_P00452,5.46
M00386_P00462,6.44
M00386_P00463,5.56
M00386_P00465,0.0
M00386_P00468,0.0
M00387_P00011,0.0
M00387_P00024,6.58
M00387_P00185,4.77
M00387_P00193,6.23
M00387_P00197,0.0
M00387_P00199,0.0
M00387_P00200,6.12
M00388_P00209,0.0
M00388_P00210,7.06
M00388_P00211,0.0
M00388_P00219,0.0
M00388_P00221,6.66
M00388_P00222,0.0
M00388_P00232,0.0
M00388_P00234,0.0
M00388_P00287,0.0
M00388_P00290,6.3
M00388_P00291,0.0
M00388_P00295,7.42
M00388_P00297,6.27
M00388_P00298,0.0
M00388_P00299,5.12
M00388_P00304,4.83
M00388_P00307,6.44
M00388_P00309,0.0
M00388_P00310,0.0
M00389_P00835,0.0
M00389_P00840,0.0
M00389_P00844,0.0
M00389_P00847,6.08
M00389_P00848,5.64
M00389_P00856,6.32
M00389_P00940,0.0
M00389_P00948,7.06
M00389_P00950,6.8
M00389_P00951,0.0
M00389_P00959,0.0
M00389_P00962,0.0
M00390_P00108,0.0
M00390_P00110,5.7
M00390_P00114,7.61
M00390_P00124,6.76
M00390_P00129,0.0
M00390_P00678,0.0
M00390_P00679,0.0
M00390_P00680,5.4
M00390_P00681,6.41
M00390_P00683,0.0
M00390_P00694,6.15
M00391_P00032,6.18
M00391_P00044,6.31
M00391_P00045,0.0
M00391_P00050,6.73
M00391_P00052,6.4
M00391_P00705,5.28
M00391_P00707,0.0
M00391_P00716,0.0
M00391_P00718,0.0
M00391_P00724,0.0
M00391_P00728,7.12
M00392_P00529,6.54
M00392_P00535,0.0
M00392_P00536,5.9
M00392_P00542,5.76
M00392_P00543,6.28
M00392_P00965,0.0
M00392_P00966,5.36
M00392_P00975,6.22
M00392_P00978,6.21
M00392_P00980,0.0
M00392_P00986,6.16
M00393_P01041,5.48
M00393_P01042,0.0
M00393_P01048,0.0
M00393_P01049,7.92
M00393_P01051,6.36
M00393_P01055,5.96
M00393_P01063,5.82
M00393_P01064,6.98
M00393_P01177,0.0
M00393_P01182,6.18
M00393_P01184,5.62
M00393_P01193,0.0
M00393_P01196,6.82
M00394_P00185,0.0
M00394_P00193,6.52
M00394_P00197,5.14
M00394_P00199,0.0
M00394_P00200,5.06
M00394_P00678,0.0
M00394_P00679,0.0
M00394_P00680,6.18
M00394_P00681,0.0
M00394_P00683,0.0
M00394_P00694,0.0
M00395_P00266,5.89
M00395_P00271,5.78
M00395_P00278,0.0
M00395_P00286,0.0
M00395_P01041,0.0
M00395_P01042,0.0
M00395_P01048,6.51
M00395_P01049,0.0
M00395_P01051,6.8
M00395_P01055,6.02
M00395_P01063,6.82
M00395_P01064,0.0
M00396_P00136,7.02
M00396_P00141,6.78
M00396_P00148,6.57
M00396_P00156,6.87
M00396_P00732,6.3
M00396_P00738,5.82
M00396_P00742,6.6
M00396_P00744,5.76
M00396_P00747,7.8
M00396_P00753,5.49
M00397_P00705,0.0
M00397_P00707,6.08
M00397_P00716,0.0
M00397_P00718,6.34
M00397_P00724,0.0
M00397_P00728,7.12
M00397_P00991,7.6
M00397_P00993,7.27
M00397_P00997,5.17
M00397_P01000,6.75
M00397_P01010,6.18
M00398_P00515,6.28
M00398_P00655,6.4
M00398_P00662,5.18
M00398_P00666,0.0
M00398_P00668,0.0
M00398_P00669,6.64
M00398_P00673,6.94
M00398_P00674,0.0
M00399_P00368,4.96
M00399_P00372,6.0
M00399_P00378,0.0
M00399_P00382,5.62
M00399_P00383,6.58
M00399_P00574,6.42
M00399_P00579,0.0
M00399_P00582,0.0
M00399_P00584,0.0
M00399_P00586,4.69
M00399_P00590,6.66
M00400_P00108,6.06
M00400_P00110,7.08
M00400_P00114,7.02
M00400_P00124,6.14
M00400_P00129,0.0
M00400_P00863,6.21
M00400_P00880,5.71
M00400_P00882,0.0
M00401_P00835,0.0
M00401_P00840,5.66
M00401_P00844,6.26
M00401_P00847,0.0
M00401_P00848,5.31
M00401_P00856,0.0
M00401_P00863,6.66
M00401_P00880,6.22
M00401_P00882,7.59
M00402_P00574,0.0
M00402_P00579,6.84
M00402_P00582,0.0
M00402_P00584,0.0
M00402_P00586,5.96
M00402_P00590,0.0
M00402_P01223,5.16
M00402_P01234,6.68
M00402_P01236,0.0
M00402_P01241,7.11
M00402_P01242,5.32
M00403_P00157,0.0
M00403_P00159,0.0
M00403_P00164,0.0
M00403_P00169,5.18
M00403_P00171,6.18
M00403_P00175,5.39
M00403_P00391,0.0
M00403_P00399,7.0
M00403_P00410,6.16
M00403_P00416,0.0
M00404_P00287,6.74
M00404_P00290,5.99
M00404_P00291,6.98
M00404_P00295,7.49
M00404_P00297,5.84
M00404_P00298,0.0
M00404_P00299,0.0
M00404_P00304,0.0
M00404_P00307,6.16
M00404_P00309,6.25
M00404_P00310,7.28
M00404_P00313,0.0
M00404_P00324,0.0
M00404_P00329,0.0
M00404_P00333,5.62
M00404_P00334,6.3
M00405_P00108,5.86
M00405_P00110,5.14
M00405_P00114,0.0
M00405_P00124,0.0
M00405_P00129,6.5
M00405_P01070,0.0
M00405_P01074,7.1
M00405_P01082,6.32
M00406_P00761,6.57
M00406_P00772,6.42
M00406_P00965,0.0
M00406_P00966,6.36
M00406_P00975,0.0
M00406_P00978,6.78
M00406_P00980,5.82
M00406_P00986,0.0
M00407_P00940,6.1
M00407_P00948,5.25
M00407_P00950,0.0
M00407_P00951,0.0
M00407_P00959,6.01
M00407_P00962,7.24
M00407_P01120,6.06
M00408_P00529,0.0
M00408_P00535,6.24
M00408_P00536,5.52
M00408_P00542,5.76
M00408_P00543,5.85
M00408_P01041,0.0
M00408_P01042,0.0
M00408_P01048,0.0
M00408_P01049,0.0
M00408_P01051,0.0
M00408_P01055,0.0
M00408_P01063,7.24
M00408_P01064,5.58
M00409_P00108,0.0
M00409_P00110,5.57
M00409_P00114,7.09
M00409_P00124,6.12
M00409_P00129,6.71
M00409_P00807,7.02
M00409_P00812,0.0
M00409_P00819,5.71
M00409_P00826,0.0
M00409_P00827,7.66
M00410_P00443,6.32
M00410_P00448,6.52
M00410_P00452,6.68
M00410_P00462,0.0
M00410_P00463,0.0
M00410_P00465,5.98
M00410_P00468,6.75
M00410_P00991,0.0
M00410_P00993,6.06
M00410_P00997,5.8
M00410_P01000,6.5
M00410_P01010,0.0
M00411_P00108,6.1
M00411_P00110,5.68
M00411_P00114,7.6
M00411_P00124,0.0
M00411_P00129,6.56
M00411_P00835,0.0
M00411_P00840,6.26
M00411_P00844,6.28
M00411_P00847,5.5
M00411_P00848,7.19
M00411_P00856,0.0
M00412_P00055,0.0
M00412_P00057,5.62
M00412_P00059,5.6
M00412_P00064,0.0
M00412_P00066,8.54
M00412_P00071,0.0
M00412_P00077,4.93
M00412_P00732,6.2
M00412_P00738,6.02
M00412_P00742,6.6
M00412_P00744,0.0
M00412_P00747,7.06
M00412_P00753,0.0
M00413_P00108,5.9
M00413_P00110,5.86
M00413_P00114,0.0
M00413_P00124,0.0
M00413_P00129,6.32
M00413_P00478,6.23
M00413_P00479,7.76
M00413_P00486,0.0
M00413_P00491,0.0
M00414_P00991,0.0
M00414_P00993,0.0
M00414_P00997,6.5
M00414_P01000,6.26
M00414_P01010,8.12
M00414_P01020,6.23
M00414_P01034,0.0
M00414_P01037,6.07
M00414_P01038,5.45
M00415_P00761,6.0
M00415_P00772,6.04
M00415_P00991,0.0
M00415_P00993,6.44
M00415_P00997,6.72
M00415_P01000,0.0
M00415_P01010,0.0
M00416_P00732,5.52
M00416_P00738,5.22
M00416_P00742,0.0
M00416_P00744,0.0
M00416_P00747,7.8
M00416_P00753,0.0
M00416_P00965,0.0
M00416_P00966,6.16
M00416_P00975,6.5
M00416_P00978,5.7
M00416_P00980,0.0
M00416_P00986,0.0
M00417_P00529,6.68
M00417_P00535,5.85
M00417_P00536,0.0
M00417_P00542,5.36
M00417_P00543,5.76
M00417_P01020,7.28
M00417_P01034,5.98
M00417_P01037,0.0
M00417_P01038,0.0
M00418_P00079,0.0
M00418_P00082,0.0
M00418_P00087,0.0
M00418_P00097,5.78
M00418_P00102,0.0
M00418_P00761,0.0
M00418_P00772,6.6
M00419_P00136,6.46
M00419_P00141,0.0
M00419_P00148,4.7
M00419_P00156,6.44
M00419_P01177,0.0
M00419_P01182,6.06
M00419_P01184,0.0
M00419_P01193,5.38
M00419_P01196,5.93
M00420_P00055,0.0
M00420_P00057,6.49
M00420_P00059,6.03
M00420_P00064,6.11
M00420_P00066,6.59
M00420_P00071,5.87
M00420_P00077,7.38
M00420_P00423,7.11
M00420_P00424,0.0
M00420_P00425,6.82
M00420_P00426,5.45
M00420_P00431,0.0
M00420_P00436,6.84
M00420_P00440,5.77
M00421_P00732,5.94
M00421_P00738,4.66
M00421_P00742,0.0
M00421_P00744,0.0
M00421_P00747,6.78
M00421_P00753,0.0
M00421_P00888,0.0
M00421_P00889,0.0
M00421_P00893,0.0
M00421_P00894,6.64
M00421_P00895,6.56
M00421_P00901,7.24
M00421_P00909,0.0
M00422_P00611,5.57
M00422_P00618,0.0
M00422_P00619,5.88
M00422_P00622,5.46
M00422_P00625,0.0
M00422_P00630,6.14
M00422_P00632,5.43
M00422_P00635,6.18
M00422_P00644,6.06
M00422_P00645,6.96
M00422_P00650,5.67
M00423_P00549,0.0
M00423_P00552,5.83
M00423_P00554,0.0
M00423_P00561,7.92
M00423_P00562,5.93
M00423_P00568,4.83
M00423_P00678,4.22
M00423_P00679,0.0
M00423_P00680,6.24
M00423_P00681,0.0
M00423_P00683,5.8
M00423_P00694,0.0
M00424_P01041,0.0
M00424_P01042,0.0
M00424_P01048,0.0
M00424_P01049,7.2
M00424_P01051,5.79
M00424_P01055,0.0
M00424_P01063,5.26
M00424_P01064,6.64
M00424_P01099,0.0
M00424_P01107,6.6
M00424_P01108,6.76
M00424_P01109,0.0
M00424_P01114,7.59
M00424_P01118,0.0
M00425_P00157,0.0
M00425_P00159,0.0
M00425_P00164,6.13
M00425_P00169,5.44
M00425_P00171,5.37
M00425_P00175,6.54
M00425_P00549,0.0
M00425_P00552,5.36
M00425_P00554,5.43
M00425_P00561,6.57
M00425_P00562,6.7
M00425_P00568,0.0
M00426_P00423,6.46
M00426_P00424,5.4
M00426_P00425,0.0
M00426_P00426,5.34
M00426_P00431,4.97
M00426_P00436,0.0
M00426_P00440,0.0
M00426_P00478,0.0
M00426_P00479,0.0
M00426_P00486,6.65
M00426_P00491,0.0
M00427_P00136,6.92
M00427_P00141,7.96
M00427_P00148,0.0
M00427_P00156,0.0
M00427_P00549,0.0
M00427_P00552,5.62
M00427_P00554,0.0
M00427_P00561,0.0
M00427_P00562,5.32
M00427_P00568,6.07
M00428_P00515,0.0
M00428_P00574,6.44
M00428_P00579,0.0
M00428_P00582,7.24
M00428_P00584,6.04
M00428_P00586,0.0
M00428_P00590,7.31
M00429_P00209,0.0
M00429_P00210,7.22
M00429_P00211,0.0
M00429_P00219,0.0
M00429_P00221,6.9
M00429_P00222,6.38
M00429_P00232,6.98
M00429_P00234,0.0
M00429_P01020,6.23
M00429_P01034,0.0
M00429_P01037,0.0
M00429_P01038,7.22
M00430_P00515,6.43
M00430_P00940,6.42
M00430_P00948,6.58
M00430_P00950,7.3
M00430_P00951,0.0
M00430_P00959,6.62
M00430_P00962,6.36
M00431_P00209,0.0
M00431_P00210,7.41
M00431_P00211,0.0
M00431_P00219,6.82
M00431_P00221,6.2
M00431_P00222,0.0
M00431_P00232,0.0
M00431_P00234,6.7
M00431_P01120,0.0
M00432_P01070,5.82
M00432_P01074,0.0
M00432_P01082,6.44
M00432_P01120,6.48
M00433_P00032,0.0
M00433_P00044,6.95
M00433_P00045,6.24
M00433_P00050,5.24
M00433_P00052,7.36
M00433_P00625,0.0
M00433_P00630,5.56
M00433_P00632,6.0
M00433_P00635,0.0
M00433_P00644,7.02
M00433_P00645,7.06
M00433_P00650,6.6
M00434_P00345,5.93
M00434_P00347,6.57
M00434_P00351,5.68
M00434_P00353,5.52
M00434_P00359,6.1
M00434_P00362,6.5
M00434_P00574,0.0
M00434_P00579,7.11
M00434_P00582,6.19
M00434_P00584,0.0
M00434_P00586,5.64
M00434_P00590,7.03
M00435_P00313,0.0
M00435_P00324,0.0
M00435_P00329,5.76
M00435_P00333,0.0
M00435_P00334,0.0
M00435_P00391,6.16
M00435_P00399,7.28
M00435_P00410,6.74
M00435_P00416,6.62
M00436_P00108,0.0
M00436_P00110,0.0
M00436_P00114,0.0
M00436_P00124,5.54
M00436_P00129,6.48
M00436_P00515,6.14
M00437_P00835,0.0
M00437_P00840,0.0
M00437_P00844,5.8
M00437_P00847,5.7
M00437_P00848,0.0
M00437_P00856,6.74
M00437_P00922,6.04
M00437_P00927,0.0
M00437_P00931,6.06
M00437_P00935,0.0
M00438_P00549,0.0
M00438_P00552,4.74
M00438_P00554,6.12
M00438_P00561,0.0
M00438_P00562,0.0
M00438_P00568,0.0
M00438_P01099,6.5
M00438_P01107,0.0
M00438_P01108,6.52
M00438_P01109,5.84
M00438_P01114,5.56
M00438_P01118,5.57
M00439_P00625,0.0
M00439_P00630,0.0
M00439_P00632,5.65
M00439_P00635,5.46
M00439_P00644,7.32
M00439_P00645,0.0
M00439_P00650,6.16
M00439_P00991,0.0
M00439_P00993,5.62
M00439_P00997,6.28
M00439_P01000,0.0
M00439_P01010,5.51
M00440_P00287,0.0
M00440_P00290,6.44
M00440_P00291,5.05
M00440_P00295,0.0
M00440_P00297,5.36
M00440_P00298,0.0
M00440_P00299,6.48
M00440_P00304,5.96
M00440_P00307,0.0
M00440_P00309,0.0
M00440_P00310,7.16
M00440_P01177,0.0
M00440_P01182,5.46
M00440_P01184,5.62
M00440_P01193,6.41
M00440_P01196,0.0
M00441_P00732,0.0
M00441_P00738,5.7
M00441_P00742,6.76
M00441_P00744,0.0
M00441_P00747,7.44
M00441_P00753,6.48
M00441_P01201,0.0
M00441_P01209,4.92
M00441_P01210,0.0
M00441_P01211,6.88
M00441_P01214,6.39
M00442_P00611,6.72
M00442_P00618,6.69
M00442_P00619,0.0
M00442_P00622,6.28
M00442_P01146,8.09
M00442_P01157,5.38
M00442_P01166,6.65
M00442_P01169,6.16
M00443_P00732,0.0
M00443_P00738,5.44
M00443_P00742,6.17
M00443_P00744,5.66
M00443_P00747,6.72
M00443_P00753,0.0
M00443_P01041,0.0
M00443_P01042,5.88
M00443_P01048,6.93
M00443_P01049,0.0
M00443_P01051,6.81
M00443_P01055,6.35
M00443_P01063,6.68
M00443_P01064,7.3
M00444_P00368,0.0
M00444_P00372,7.93
M00444_P00378,0.0
M00444_P00382,6.01
M00444_P00383,0.0
M00444_P00922,0.0
M00444_P00927,6.02
M00444_P00931,6.24
M00444_P00935,0.0
M00445_P00313,5.9
M00445_P00324,6.74
M00445_P00329,6.28
M00445_P00333,6.86
M00445_P00334,5.6
M00445_P00782,0.0
M00445_P00786,5.86
M00445_P00788,6.42
M00445_P00797,0.0
M00445_P00803,6.27
M00446_P00478,0.0
M00446_P00479,7.66
M00446_P00486,7.72
M00446_P00491,5.32
M00446_P00761,0.0
M00446_P00772,5.42
M00447_P00835,0.0
M00447_P00840,5.18
M00447_P00844,6.94
M00447_P00847,5.84
M00447_P00848,6.04
M00447_P00856,7.01
M00447_P00888,5.5
M00447_P00889,6.76
M00447_P00893,5.97
M00447_P00894,6.0
M00447_P00895,6.43
M00447_P00901,0.0
M00447_P00909,6.49
M00448_P00313,0.0
M00448_P00324,0.0
M00448_P00329,7.13
M00448_P00333,6.86
M00448_P00334,7.01
M00448_P01020,5.97
M00448_P01034,5.94
M00448_P01037,6.49
M00448_P01038,5.42
M00449_P00079,0.0
M00449_P00082,0.0
M00449_P00087,0.0
M00449_P00097,0.0
M00449_P00102,6.06
M00449_P01099,5.48
M00449_P01107,0.0
M00449_P01108,6.3
M00449_P01109,0.0
M00449_P01114,0.0
M00449_P01118,0.0
M00450_P00157,4.93
M00450_P00159,0.0
M00450_P00164,0.0
M00450_P00169,6.45
M00450_P00171,7.22
M00450_P00175,0.0
M00450_P00922,0.0
M00450_P00927,5.95
M00450_P00931,0.0
M00450_P00935,6.72
M00451_P00136,0.0
M00451_P00141,0.0
M00451_P00148,0.0
M00451_P00156,5.87
M00451_P00478,6.87
M00451_P00479,6.9
M00451_P00486,0.0
M00451_P00491,7.58
M00452_P00443,6.43
M00452_P00448,5.23
M00452_P00452,6.3
M00452_P00462,0.0
M00452_P00463,0.0
M00452_P00465,6.4
M00452_P00468,5.82
M00452_P00761,0.0
M00452_P00772,5.58
M00453_P00136,7.95
M00453_P00141,0.0
M00453_P00148,6.22
M00453_P00156,0.0
M00453_P00705,5.28
M00453_P00707,5.78
M00453_P00716,7.0
M00453_P00718,6.3
M00453_P00724,0.0
M00453_P00728,0.0
M00454_P00032,0.0
M00454_P00044,0.0
M00454_P00045,5.48
M00454_P00050,6.88
M00454_P00052,0.0
M00454_P00574,0.0
M00454_P00579,6.48
M00454_P00582,6.2
M00454_P00584,6.49
M00454_P00586,0.0
M00454_P00590,6.74
M00455_P00655,0.0
M00455_P00662,0.0
M00455_P00666,5.9
M00455_P00668,6.4
M00455_P00669,5.38
M00455_P00673,6.26
M00455_P00674,5.88
M00455_P00863,5.36
M00455_P00880,7.54
M00455_P00882,6.96
M00456_P00136,7.46
M00456_P00141,6.76
M00456_P00148,5.97
M00456_P00156,0.0
M00456_P00625,6.5
M00456_P00630,6.01
M00456_P00632,0.0
M00456_P00635,5.46
M00456_P00644,6.94
M00456_P00645,0.0
M00456_P00650,6.71
M00457_P00032,0.0
M00457_P00044,6.91
M00457_P00045,7.18
M00457_P00050,6.82
M00457_P00052,0.0
M00457_P00549,0.0
M00457_P00552,5.52
M00457_P00554,6.16
M00457_P00561,7.25
M00457_P00562,0.0
M00457_P00568,4.94
M00458_P00209,0.0
M00458_P00210,7.14
M00458_P00211,0.0
M00458_P00219,0.0
M00458_P00221,7.9
M00458_P00222,5.72
M00458_P00232,6.2
M00458_P00234,7.33
M00458_P00241,6.44
M00458_P00244,6.57
M00458_P00245,6.76
M00458_P00248,7.12
M00458_P00255,0.0
M00458_P00260,7.41
M00459_P00782,6.48
M00459_P00786,0.0
M00459_P00788,7.65
M00459_P00797,5.88
M00459_P00803,7.65
M00459_P01177,0.0
M00459_P01182,4.97
M00459_P01184,5.82
M00459_P01193,5.99
M00459_P01196,0.0
M00460_P00732,0.0
M00460_P00738,0.0
M00460_P00742,0.0
M00460_P00744,0.0
M00460_P00747,7.28
M00460_P00753,5.48
M00460_P01041,0.0
M00460_P01042,0.0
M00460_P01048,0.0
M00460_P01049,0.0
M00460_P01051,5.78
M00460_P01055,5.91
M00460_P01063,5.8
M00460_P01064,0.0
M00461_P00032,6.98
M00461_P00044,7.02
M00461_P00045,6.42
M00461_P00050,0.0
M00461_P00052,5.05
M00461_P00443,0.0
M00461_P00448,0.0
M00461_P00452,5.54
M00461_P00462,7.31
M00461_P00463,0.0
M00461_P00465,6.11
M00461_P00468,6.3
M00462_P00922,7.04
M00462_P00927,5.64
M00462_P00931,5.82
M00462_P00935,7.22
M00462_P01223,5.66
M00462_P01234,6.7
M00462_P01236,0.0
M00462_P01241,7.52
M00462_P01242,6.42
M00463_P00185,0.0
M00463_P00193,5.98
M00463_P00197,0.0
M00463_P00199,0.0
M00463_P00200,5.82
M00463_P00515,0.0
M00464_P00079,5.95
M00464_P00082,5.76
M00464_P00087,0.0
M00464_P00097,0.0
M00464_P00102,5.8
M00464_P00185,0.0
M00464_P00193,0.0
M00464_P00197,6.44
M00464_P00199,6.43
M00464_P00200,0.0
M00465_P01020,6.8
M00465_P01034,0.0
M00465_P01037,0.0
M00465_P01038,5.29
M00465_P01041,0.0
M00465_P01042,6.86
M00465_P01048,0.0
M00465_P01049,0.0
M00465_P01051,6.82
M00465_P01055,6.9
M00465_P01063,0.0
M00465_P01064,6.4
M00466_P00185,0.0
M00466_P00193,6.72
M00466_P00197,0.0
M00466_P00199,6.06
M00466_P00200,6.1
M00466_P00835,0.0
M00466_P00840,5.78
M00466_P00844,6.43
M00466_P00847,6.3
M00466_P00848,0.0
M00466_P00856,0.0
M00467_P00835,0.0
M00467_P00840,5.92
M00467_P00844,5.96
M00467_P00847,6.3
M00467_P00848,0.0
M00467_P00856,7.42
M00467_P01041,0.0
M00467_P01042,0.0
M00467_P01048,0.0
M00467_P01049,7.17
M00467_P01051,6.46
M00467_P01055,5.84
M00467_P01063,6.1
M00467_P01064,0.0
M00468_P00241,6.36
M00468_P00244,0.0
M00468_P00245,0.0
M00468_P00248,6.7
M00468_P00255,6.99
M00468_P00260,0.0
M00468_P01177,6.74
M00468_P01182,0.0
M00468_P01184,0.0
M00468_P01193,0.0
M00468_P01196,7.43
M00469_P00011,5.94
M00469_P00024,5.29
M00469_P01041,0.0
M00469_P01042,0.0
M00469_P01048,0.0
M00469_P01049,8.07
M00469_P01051,0.0
M00469_P01055,5.66
M00469_P01063,4.86
M00469_P01064,0.0
M00470_P00678,5.62
M00470_P00679,0.0
M00470_P00680,0.0
M00470_P00681,6.24
M00470_P00683,0.0
M00470_P00694,5.67
M00470_P00940,4.66
M00470_P00948,5.24
M00470_P00950,0.0
M00470_P00951,0.0
M00470_P00959,0.0
M00470_P00962,0.0
M00471_P00611,0.0
M00471_P00618,6.26
M00471_P00619,0.0
M00471_P00622,0.0
M00471_P00863,0.0
M00471_P00880,6.18
M00471_P00882,7.5
M00472_P00625,0.0
M00472_P00630,0.0
M00472_P00632,6.16
M00472_P00635,0.0
M00472_P00644,6.34
M00472_P00645,7.64
M00472_P00650,6.22
M00472_P00807,0.0
M00472_P00812,0.0
M00472_P00819,6.92
M00472_P00826,0.0
M00472_P00827,7.34
M00473_P00423,5.5
M00473_P00424,5.36
M00473_P00425,6.01
M00473_P00426,0.0
M00473_P00431,0.0
M00473_P00436,0.0
M00473_P00440,5.46
M00473_P00611,0.0
M00473_P00618,0.0
M00473_P00619,5.83
M00473_P00622,0.0
M00474_P00108,0.0
M00474_P00110,5.45
M00474_P00114,6.14
M00474_P00124,6.43
M00474_P00129,6.14
M00474_P00574,0.0
M00474_P00579,6.24
M00474_P00582,0.0
M00474_P00584,6.2
M00474_P00586,0.0
M00474_P00590,0.0
M00475_P01099,0.0
M00475_P01107,0.0
M00475_P01108,7.14
M00475_P01109,5.26
M00475_P01114,6.38
M00475_P01118,0.0
M00475_P01201,6.1
M00475_P01209,0.0
M00475_P01210,6.34
M00475_P01211,6.72
M00475_P01214,0.0
M00476_P00549,0.0
M00476_P00552,0.0
M00476_P00554,0.0
M00476_P00561,7.38
M00476_P00562,5.66
M00476_P00568,6.26
M00476_P00965,0.0
M00476_P00966,5.31
M00476_P00975,6.12
M00476_P00978,0.0
M00476_P00980,0.0
M00476_P00986,7.09
M00477_P00574,0.0
M00477_P00579,6.32
M00477_P00582,5.39
M00477_P00584,6.8
M00477_P00586,0.0
M00477_P00590,7.4
M00477_P00922,5.62
M00477_P00927,6.36
M00477_P00931,0.0
M00477_P00935,0.0
M00478_P00761,5.14
M00478_P00772,6.76
M00478_P01120,0.0
M00479_P00287,0.0
M00479_P00290,5.84
M00479_P00291,0.0
M00479_P00295,0.0
M00479_P00297,5.41
M00479_P00298,0.0
M00479_P00299,0.0
M00479_P00304,5.93
M00479_P00307,6.38
M00479_P00309,6.04
M00479_P00310,5.48
M00479_P01041,0.0
M00479_P01042,6.18
M00479_P01048,6.26
M00479_P01049,0.0
M00479_P01051,0.0
M00479_P01055,5.82
M00479_P01063,0.0
M00479_P01064,5.7
M00480_P00761,5.3
M00480_P00772,0.0
M00480_P01177,6.71
M00480_P01182,5.72
M00480_P01184,6.48
M00480_P01193,0.0
M00480_P01196,6.97
M00481_P00055,0.0
M00481_P00057,0.0
M00481_P00059,0.0
M00481_P00064,4.84
M00481_P00066,6.6
M00481_P00071,0.0
M00481_P00077,6.32
M00481_P00313,6.76
M00481_P00324,6.58
M00481_P00329,6.4
M00481_P00333,6.52
M00481_P00334,0.0
M00482_P00055,5.84
M00482_P00057,6.1
M00482_P00059,6.22
M00482_P00064,6.16
M00482_P00066,7.75
M00482_P00071,6.52
M00482_P00077,6.94
M00482_P00549,0.0
M00482_P00552,0.0
M00482_P00554,6.4
M00482_P00561,8.3
M00482_P00562,6.88
M00482_P00568,6.26
M00483_P00782,0.0
M00483_P00786,5.03
M00483_P00788,6.36
M00483_P00797,7.92
M00483_P00803,0.0
M00483_P00888,0.0
M00483_P00889,0.0
M00483_P00893,5.34
M00483_P00894,5.51
M00483_P00895,0.0
M00483_P00901,6.2
M00483_P00909,6.79
M00484_P00313,0.0
M00484_P00324,6.64
M00484_P00329,5.6
M00484_P00333,6.04
M00484_P00334,0.0
M00484_P01070,6.32
M00484_P01074,0.0
M00484_P01082,4.23
M00485_P00079,7.29
M00485_P00082,0.0
M00485_P00087,0.0
M00485_P00097,7.3
M00485_P00102,0.0
M00485_P01099,6.69
M00485_P01107,0.0
M00485_P01108,6.6
M00485_P01109,0.0
M00485_P01114,0.0
M00485_P01118,0.0
M00486_P00185,0.0
M00486_P00193,5.73
M00486_P00197,4.64
M00486_P00199,0.0
M00486_P00200,7.12
M00486_P00625,0.0
M00486_P00630,6.28
M00486_P00632,6.37
M00486_P00635,0.0
M00486_P00644,5.7
M00486_P00645,7.7
M00486_P00650,0.0
M00487_P00732,0.0
M00487_P00738,0.0
M00487_P00742,5.48
M00487_P00744,6.54
M00487_P00747,0.0
M00487_P00753,6.26
M00487_P01223,6.52
M00487_P01234,0.0
M00487_P01236,0.0
M00487_P01241,5.33
M00487_P01242,5.65
M00488_P00287,0.0
M00488_P00290,0.0
M00488_P00291,5.01
M00488_P00295,6.92
M00488_P00297,5.94
M00488_P00298,5.74
M00488_P00299,0.0
M00488_P00304,0.0
M00488_P00307,6.3
M00488_P00309,6.86
M00488_P00310,5.94
M00488_P00835,0.0
M00488_P00840,0.0
M00488_P00844,5.48
M00488_P00847,5.56
M00488_P00848,5.33
M00488_P00856,0.0
M00489_P00611,0.0
M00489_P00618,6.26
M00489_P00619,5.5
M00489_P00622,6.28
M00489_P00888,0.0
M00489_P00889,0.0
M00489_P00893,4.94
M00489_P00894,5.33
M00489_P00895,0.0
M00489_P00901,7.44
M00489_P00909,5.54
M00490_P00705,6.05
M00490_P00707,5.8
M00490_P00716,0.0
M00490_P00718,6.44
M00490_P00724,6.1
M00490_P00728,5.63
M00490_P01201,6.46
M00490_P01209,7.31
M00490_P01210,0.0
M00490_P01211,7.02
M00490_P01214,6.62
M00491_P00287,0.0
M00491_P00290,0.0
M00491_P00291,5.85
M00491_P00295,0.0
M00491_P00297,0.0
M00491_P00298,6.17
M00491_P00299,5.22
M00491_P00304,6.41
M00491_P00307,0.0
M00491_P00309,0.0
M00491_P00310,0.0
M00491_P00991,0.0
M00491_P00993,6.55
M00491_P00997,0.0
M00491_P01000,0.0
M00491_P01010,7.24
M00492_P00157,0.0
M00492_P00159,0.0
M00492_P00164,0.0
M00492_P00169,6.7
M00492_P00171,0.0
M00492_P00175,0.0
M00492_P00529,6.35
M00492_P00535,0.0
M00492_P00536,6.37
M00492_P00542,0.0
M00492_P00543,0.0
M00493_P00478,0.0
M00493_P00479,6.65
M00493_P00486,7.15
M00493_P00491,0.0
M00493_P01099,7.25
M00493_P01107,5.99
M00493_P01108,7.23
M00493_P01109,0.0
M00493_P01114,0.0
M00493_P01118,0.0
M00494_P00991,6.82
M00494_P00993,6.64
M00494_P00997,5.89
M00494_P01000,7.3
M00494_P01010,6.54
M00494_P01201,6.3
M00494_P01209,5.42
M00494_P01210,5.7
M00494_P01211,5.56
M00494_P01214,5.15
M00495_P00732,5.84
M00495_P00738,0.0
M00495_P00742,6.16
M00495_P00744,6.13
M00495_P00747,0.0
M00495_P00753,0.0
M00495_P01146,0.0
M00495_P01157,0.0
M00495_P01166,6.0
M00495_P01169,0.0
M00496_P00055,6.87
M00496_P00057,5.3
M00496_P00059,5.78
M00496_P00064,6.0
M00496_P00066,0.0
M00496_P00071,6.26
M00496_P00077,0.0
M00496_P01223,0.0
M00496_P01234,0.0
M00496_P01236,5.78
M00496_P01241,6.64
M00496_P01242,5.67
M00497_P00443,0.0
M00497_P00448,0.0
M00497_P00452,0.0
M00497_P00462,5.91
M00497_P00463,6.88
M00497_P00465,0.0
M00497_P00468,4.98
M00497_P01070,0.0
M00497_P01074,6.12
M00497_P01082,0.0
M00498_P00108,6.0
M00498_P00110,7.28
M00498_P00114,8.25
M00498_P00124,5.7
M00498_P00129,6.46
M00498_P01120,0.0
M00499_P00611,0.0
M00499_P00618,5.6
M00499_P00619,5.55
M00499_P00622,5.54
M00499_P00863,6.54
M00499_P00880,0.0
M00499_P00882,7.48
M00500_P00032,5.58
M00500_P00044,5.92
M00500_P00045,6.99
M00500_P00050,6.58
M00500_P00052,6.04
M00500_P00266,6.29
M00500_P00271,6.18
M00500_P00278,0.0
M00500_P00286,0.0
M00501_P00055,6.46
M00501_P00057,0.0
M00501_P00059,0.0
M00501_P00064,5.61
M00501_P00066,0.0
M00501_P00071,6.41
M00501_P00077,0.0
M00501_P00241,5.86
M00501_P00244,6.08
M00501_P00245,5.45
M00501_P00248,0.0
M00501_P00255,6.67
M00501_P00260,0.0
M00502_P00611,6.36
M00502_P00618,6.98
M00502_P00619,0.0
M00502_P00622,0.0
M00502_P01070,0.0
M00502_P01074,5.92
M00502_P01082,0.0
M00503_P00055,6.23
M00503_P00057,5.08
M00503_P00059,6.7
M00503_P00064,0.0
M00503_P00066,0.0
M00503_P00071,5.82
M00503_P00077,6.03
M00503_P00940,0.0
M00503_P00948,0.0
M00503_P00950,6.68
M00503_P00951,6.05
M00503_P00959,0.0
M00503_P00962,0.0
M00504_P00732,5.92
M00504_P00738,5.82
M00504_P00742,7.04
M00504_P00744,5.2
M00504_P00747,8.1
M00504_P00753,0.0
M00504_P01120,0.0
M00505_P00108,0.0
M00505_P00110,0.0
M00505_P00114,7.42
M00505_P00124,6.22
M00505_P00129,6.96
M00505_P00732,0.0
M00505_P00738,5.52
M00505_P00742,6.58
M00505_P00744,6.16
M00505_P00747,7.11
M00505_P00753,0.0
M00506_P00611,5.51
M00506_P00618,5.66
M00506_P00619,6.44
M00506_P00622,5.69
M00506_P00863,6.32
M00506_P00880,5.9
M00506_P00882,0.0
M00507_P00443,7.0
M00507_P00448,6.44
M00507_P00452,5.1
M00507_P00462,7.1
M00507_P00463,0.0
M00507_P00465,0.0
M00507_P00468,6.01
M00507_P01070,5.8
M00507_P01074,6.04
M00507_P01082,6.79
M00508_P00032,0.0
M00508_P00044,0.0
M00508_P00045,0.0
M00508_P00050,6.6
M00508_P00052,6.34
M00508_P00313,0.0
M00508_P00324,5.72
M00508_P00329,6.78
M00508_P00333,0.0
M00508_P00334,6.6
M00509_P00185,0.0
M00509_P00193,5.78
M00509_P00197,5.54
M00509_P00199,6.1
M00509_P00200,5.66
M00509_P00922,6.26
M00509_P00927,0.0
M00509_P00931,0.0
M00509_P00935,5.85
M00510_P00732,6.3
M00510_P00738,0.0
M00510_P00742,6.66
M00510_P00744,7.06
M00510_P00747,0.0
M00510_P00753,6.78
M00510_P01177,6.76
M00510_P01182,6.5
M00510_P01184,6.37
M00510_P01193,5.42
M00510_P01196,0.0
M00511_P00807,0.0
M00511_P00812,7.67
M00511_P00819,5.54
M00511_P00826,5.94
M00511_P00827,6.7
M00511_P01146,6.71
M00511_P01157,6.48
M00511_P01166,0.0
M00511_P01169,5.98
M00512_P00108,5.67
M00512_P00110,6.21
M00512_P00114,0.0
M00512_P00124,0.0
M00512_P00129,5.46
M00512_P00209,6.34
M00512_P00210,0.0
M00512_P00211,0.0
M00512_P00219,5.99
M00512_P00221,0.0
M00512_P00222,5.94
M00512_P00232,6.05
M00512_P00234,7.06
M00513_P00732,5.62
M00513_P00738,6.1
M00513_P00742,0.0
M00513_P00744,5.67
M00513_P00747,6.69
M00513_P00753,6.49
M00513_P01177,7.14
M00513_P01182,6.84
M00513_P01184,0.0
M00513_P01193,0.0
M00513_P01196,6.6
M00514_P00574,0.0
M00514_P00579,7.35
M00514_P00582,0.0
M00514_P00584,6.12
M00514_P00586,6.22
M00514_P00590,0.0
M00514_P01099,7.64
M00514_P01107,0.0
M00514_P01108,0.0
M00514_P01109,7.14
M00514_P01114,6.93
M00514_P01118,0.0
M00515_P00888,6.35
M00515_P00889,5.52
M00515_P00893,0.0
M00515_P00894,5.6
M00515_P00895,6.34
M00515_P00901,7.76
M00515_P00909,0.0
M00515_P00922,0.0
M00515_P00927,0.0
M00515_P00931,0.0
M00515_P00935,0.0
M00516_P00266,0.0
M00516_P00271,0.0
M00516_P00278,6.44
M00516_P00286,6.82
M00516_P01201,0.0
M00516_P01209,6.99
M00516_P01210,0.0
M00516_P01211,6.61
M00516_P01214,5.91
M00517_P00611,7.46
M00517_P00618,5.66
M00517_P00619,4.24
M00517_P00622,0.0
M00517_P00863,6.2
M00517_P00880,0.0
M00517_P00882,6.32
M00518_P00209,0.0
M00518_P00210,7.49
M00518_P00211,0.0
M00518_P00219,5.6
M00518_P00221,0.0
M00518_P00222,5.12
M00518_P00232,0.0
M00518_P00234,7.29
M00518_P00313,0.0
M00518_P00324,0.0
M00518_P00329,6.26
M00518_P00333,0.0
M00518_P00334,5.75
M00519_P00032,6.64
M00519_P00044,0.0
M00519_P00045,6.86
M00519_P00050,0.0
M00519_P00052,7.22
M00519_P00625,0.0
M00519_P00630,5.92
M00519_P00632,0.0
M00519_P00635,6.74
M00519_P00644,0.0
M00519_P00645,0.0
M00519_P00650,0.0
M00520_P00761,0.0
M00520_P00772,5.68
M00520_P00940,5.48
M00520_P00948,6.29
M00520_P00950,5.58
M00520_P00951,5.69
M00520_P00959,6.4
M00520_P00962,7.18
M00521_P00108,5.58
M00521_P00110,5.35
M00521_P00114,7.18
M00521_P00124,6.63
M00521_P00129,0.0
M00521_P00529,6.46
M00521_P00535,5.69
M00521_P00536,6.94
M00521_P00542,6.37
M00521_P00543,0.0
M00522_P00678,0.0
M00522_P00679,6.1
M00522_P00680,6.72
M00522_P00681,0.0
M00522_P00683,6.3
M00522_P00694,5.88
M00522_P00863,0.0
M00522_P00880,6.72
M00522_P00882,7.36
M00523_P00108,5.54
M00523_P00110,0.0
M00523_P00114,6.9
M00523_P00124,5.26
M00523_P00129,5.53
M00523_P00940,0.0
M00523_P00948,5.9
M00523_P00950,0.0
M00523_P00951,0.0
M00523_P00959,6.44
M00523_P00962,0.0
M00524_P00108,5.38
M00524_P00110,6.08
M00524_P00114,0.0
M00524_P00124,5.93
M00524_P00129,0.0
M00524_P01070,5.52
M00524_P01074,5.35
M00524_P01082,0.0
M00525_P00863,0.0
M00525_P00880,6.35
M00525_P00882,7.19
M00525_P01120,0.0
M00526_P00922,6.88
M00526_P00927,5.83
M00526_P00931,0.0
M00526_P00935,0.0
M00526_P01070,6.14
M00526_P01074,6.74
M00526_P01082,6.37
M00527_P00209,5.94
M00527_P00210,0.0
M00527_P00211,0.0
M00527_P00219,5.69
M00527_P00221,5.3
M00527_P00222,0.0
M00527_P00232,6.08
M00527_P00234,0.0
M00527_P00732,5.68
M00527_P00738,6.18
M00527_P00742,0.0
M00527_P00744,0.0
M00527_P00747,0.0
M00527_P00753,0.0
M00528_P00185,0.0
M00528_P00193,6.56
M00528_P00197,0.0
M00528_P00199,0.0
M00528_P00200,0.0
M00528_P00888,4.39
M00528_P00889,0.0
M00528_P00893,0.0
M00528_P00894,6.61
M00528_P00895,4.96
M00528_P00901,7.72
M00528_P00909,5.8
M00529_P00266,6.8
M00529_P00271,7.22
M00529_P00278,6.56
M00529_P00286,5.96
M00529_P00287,0.0
M00529_P00290,5.04
M00529_P00291,5.62
M00529_P00295,0.0
M00529_P00297,0.0
M00529_P00298,0.0
M00529_P00299,5.3
M00529_P00304,7.55
M00529_P00307,5.42
M00529_P00309,0.0
M00529_P00310,6.48
M00530_P00574,0.0
M00530_P00579,6.74
M00530_P00582,6.39
M00530_P00584,0.0
M00530_P00586,6.25
M00530_P00590,6.57
M00530_P00888,0.0
M00530_P00889,6.11
M00530_P00893,5.58
M00530_P00894,0.0
M00530_P00895,5.43
M00530_P00901,7.16
M00530_P00909,0.0
M00531_P00313,7.62
M00531_P00324,6.82
M00531_P00329,0.0
M00531_P00333,6.74
M00531_P00334,6.39
M00531_P00423,7.33
M00531_P00424,5.46
M00531_P00425,6.16
M00531_P00426,0.0
M00531_P00431,6.5
M00531_P00436,6.1
M00531_P00440,5.87
M00532_P00209,0.0
M00532_P00210,7.8
M00532_P00211,0.0
M00532_P00219,5.64
M00532_P00221,0.0
M00532_P00222,0.0
M00532_P00232,0.0
M00532_P00234,7.12
M00532_P01070,0.0
M00532_P01074,6.86
M00532_P01082,0.0
M00533_P00835,0.0
M00533_P00840,5.81
M00533_P00844,5.18
M00533_P00847,5.24
M00533_P00848,5.46
M00533_P00856,6.42
M00533_P01099,5.83
M00533_P01107,0.0
M00533_P01108,6.13
M00533_P01109,6.22
M00533_P01114,7.44
M00533_P01118,0.0
M00534_P00266,6.52
M00534_P00271,0.0
M00534_P00278,6.06
M00534_P00286,5.94
M00534_P01120,0.0
M00535_P00055,0.0
M00535_P00057,6.42
M00535_P00059,6.28
M00535_P00064,0.0
M00535_P00066,0.0
M00535_P00071,0.0
M00535_P00077,0.0
M00535_P00940,0.0
M00535_P00948,5.5
M00535_P00950,0.0
M00535_P00951,6.82
M00535_P00959,6.94
M00535_P00962,6.92
M00536_P00055,0.0
M00536_P00057,5.42
M00536_P00059,0.0
M00536_P00064,0.0
M00536_P00066,7.66
M00536_P00071,6.98
M00536_P00077,0.0
M00536_P01099,0.0
M00536_P01107,0.0
M00536_P01108,0.0
M00536_P01109,6.46
M00536_P01114,7.0
M00536_P01118,6.55
M00537_P00345,0.0
M00537_P00347,6.78
M00537_P00351,6.56
M00537_P00353,0.0
M00537_P00359,0.0
M00537_P00362,6.11
M00537_P01070,5.92
M00537_P01074,6.8
M00537_P01082,5.93
M00538_P01020,5.84
M00538_P01034,0.0
M00538_P01037,5.4
M00538_P01038,6.4
M00538_P01070,6.3
M00538_P01074,0.0
M00538_P01082,6.88
M00539_P00888,5.47
M00539_P00889,0.0
M00539_P00893,6.14
M00539_P00894,0.0
M00539_P00895,0.0
M00539_P00901,7.63
M00539_P00909,0.0
M00539_P01041,5.84
M00539_P01042,0.0
M00539_P01048,0.0
M00539_P01049,0.0
M00539_P01051,6.46
M00539_P01055,6.04
M00539_P01063,6.88
M00539_P01064,5.34
M00540_P00391,0.0
M00540_P00399,6.4
M00540_P00410,6.64
M00540_P00416,6.62
M00540_P00782,5.99
M00540_P00786,5.82
M00540_P00788,0.0
M00540_P00797,0.0
M00540_P00803,5.6
M00541_P00515,0.0
M00541_P00782,5.86
M00541_P00786,5.74
M00541_P00788,0.0
M00541_P00797,0.0
M00541_P00803,6.9
M00542_P00266,5.38
M00542_P00271,6.22
M00542_P00278,6.58
M00542_P00286,0.0
M00542_P00761,5.94
M00542_P00772,0.0
M00543_P00345,0.0
M00543_P00347,6.56
M00543_P00351,6.8
M00543_P00353,5.84
M00543_P00359,0.0
M00543_P00362,4.42
M00543_P00761,7.31
M00543_P00772,6.03
M00544_P00529,6.72
M00544_P00535,0.0
M00544_P00536,0.0
M00544_P00542,0.0
M00544_P00543,0.0
M00544_P01201,4.78
M00544_P01209,5.38
M00544_P01210,6.26
M00544_P01211,7.56
M00544_P01214,5.64
M00545_P00209,0.0
M00545_P00210,6.6
M00545_P00211,0.0
M00545_P00219,0.0
M00545_P00221,6.58
M00545_P00222,6.96
M00545_P00232,5.69
M00545_P00234,7.98
M00545_P00655,0.0
M00545_P00662,5.9
M00545_P00666,6.68
M00545_P00668,5.26
M00545_P00669,6.8
M00545_P00673,6.74
M00545_P00674,5.36
M00546_P00835,5.26
M00546_P00840,4.75
M00546_P00844,0.0
M00546_P00847,4.48
M00546_P00848,5.21
M00546_P00856,0.0
M00546_P00940,5.77
M00546_P00948,0.0
M00546_P00950,5.86
M00546_P00951,6.28
M00546_P00959,0.0
M00546_P00962,6.24
M00547_P00391,0.0
M00547_P00399,5.65
M00547_P00410,0.0
M00547_P00416,6.19
M00547_P00782,6.28
M00547_P00786,5.4
M00547_P00788,0.0
M00547_P00797,0.0
M00547_P00803,0.0
M00548_P00391,0.0
M00548_P00399,0.0
M00548_P00410,0.0
M00548_P00416,0.0
M00548_P00732,0.0
M00548_P00738,0.0
M00548_P00742,0.0
M00548_P00744,6.46
M00548_P00747,6.56
M00548_P00753,4.82
M00549_P00079,6.93
M00549_P00082,6.25
M00549_P00087,5.47
M00549_P00097,0.0
M00549_P00102,0.0
M00549_P00515,5.68
M00550_P00266,6.2
M00550_P00271,0.0
M00550_P00278,6.51
M00550_P00286,5.16
M00550_P00391,0.0
M00550_P00399,6.7
M00550_P00410,7.2
M00550_P00416,6.8
M00551_P00266,0.0
M00551_P00271,7.12
M00551_P00278,7.27
M00551_P00286,0.0
M00551_P00313,0.0
M00551_P00324,5.52
M00551_P00329,0.0
M00551_P00333,6.86
M00551_P00334,6.52
M00552_P00515,0.0
M00552_P00807,0.0
M00552_P00812,0.0
M00552_P00819,0.0
M00552_P00826,6.15
M00552_P00827,6.94
M00553_P00136,0.0
M00553_P00141,7.24
M00553_P00148,6.56
M00553_P00156,0.0
M00553_P00678,5.96
M00553_P00679,0.0
M00553_P00680,6.23
M00553_P00681,0.0
M00553_P00683,6.23
M00553_P00694,8.04
M00554_P00345,5.6
M00554_P00347,0.0
M00554_P00351,7.34
M00554_P00353,6.26
M00554_P00359,0.0
M00554_P00362,0.0
M00554_P00391,0.0
M00554_P00399,0.0
M00554_P00410,0.0
M00554_P00416,6.53
M00555_P00079,0.0
M00555_P00082,0.0
M00555_P00087,0.0
M00555_P00097,0.0
M00555_P00102,6.04
M00555_P00108,5.58
M00555_P00110,6.23
M00555_P00114,0.0
M00555_P00124,0.0
M00555_P00129,0.0
M00556_P00991,0.0
M00556_P00993,0.0
M00556_P00997,0.0
M00556_P01000,0.0
M00556_P01010,7.22
M00556_P01099,5.95
M00556_P01107,6.32
M00556_P01108,0.0
M00556_P01109,0.0
M00556_P01114,0.0
M00556_P01118,6.9
M00557_P00478,0.0
M00557_P00479,6.36
M00557_P00486,5.87
M00557_P00491,4.76
M00557_P00922,5.75
M00557_P00927,5.0
M00557_P00931,6.02
M00557_P00935,7.43
M00558_P00209,0.0
M00558_P00210,6.54
M00558_P00211,0.0
M00558_P00219,0.0
M00558_P00221,0.0
M00558_P00222,5.42
M00558_P00232,6.6
M00558_P00234,7.8
M00558_P00705,0.0
M00558_P00707,6.48
M00558_P00716,0.0
M00558_P00718,6.14
M00558_P00724,0.0
M00558_P00728,5.52
M00559_P00611,5.22
M00559_P00618,6.52
M00559_P00619,0.0
M00559_P00622,0.0
M00559_P00655,6.86
M00559_P00662,5.79
M00559_P00666,6.16
M00559_P00668,5.92
M00559_P00669,5.88
M00559_P00673,0.0
M00559_P00674,0.0
M00560_P00079,0.0
M00560_P00082,7.24
M00560_P00087,0.0
M00560_P00097,6.36
M00560_P00102,0.0
M00560_P00965,6.39
M00560_P00966,5.64
M00560_P00975,7.01
M00560_P00978,0.0
M00560_P00980,0.0
M00560_P00986,0.0
M00561_P00611,5.46
M00561_P00618,5.34
M00561_P00619,5.8
M00561_P00622,6.8
M00561_P00940,6.12
M00561_P00948,7.18
M00561_P00950,0.0
M00561_P00951,5.52
M00561_P00959,0.0
M00561_P00962,0.0
M00562_P00625,0.0
M00562_P00630,0.0
M00562_P00632,7.06
M00562_P00635,0.0
M00562_P00644,5.21
M00562_P00645,8.39
M00562_P00650,6.16
M00562_P00863,0.0
M00562_P00880,0.0
M00562_P00882,6.62
M00563_P01020,6.82
M00563_P01034,0.0
M00563_P01037,5.2
M00563_P01038,5.32
M00563_P01146,7.68
M00563_P01157,5.52
M00563_P01166,6.07
M00563_P01169,4.77
M00564_P00157,0.0
M00564_P00159,6.04
M00564_P00164,0.0
M00564_P00169,7.07
M00564_P00171,5.57
M00564_P00175,7.3
M00564_P00209,6.18
M00564_P00210,0.0
M00564_P00211,0.0
M00564_P00219,0.0
M00564_P00221,6.32
M00564_P00222,6.94
M00564_P00232,5.71
M00564_P00234,0.0
M00565_P00549,6.76
M00565_P00552,0.0
M00565_P00554,6.54
M00565_P00561,0.0
M00565_P00562,5.59
M00565_P00568,0.0
M00565_P00940,5.76
M00565_P00948,0.0
M00565_P00950,6.05
M00565_P00951,0.0
M00565_P00959,5.7
M00565_P00962,7.38
M00566_P00313,0.0
M00566_P00324,6.13
M00566_P00329,6.72
M00566_P00333,6.09
M00566_P00334,0.0
M00566_P01020,6.99
M00566_P01034,0.0
M00566_P01037,6.34
M00566_P01038,0.0
M00567_P00055,0.0
M00567_P00057,5.86
M00567_P00059,6.8
M00567_P00064,6.6
M00567_P00066,0.0
M00567_P00071,6.88
M00567_P00077,6.68
M00567_P00835,0.0
M00567_P00840,7.09
M00567_P00844,4.94
M00567_P00847,6.07
M00567_P00848,0.0
M00567_P00856,0.0
M00568_P00209,5.78
M00568_P00210,0.0
M00568_P00211,0.0
M00568_P00219,5.03
M00568_P00221,6.76
M00568_P00222,0.0
M00568_P00232,5.43
M00568_P00234,0.0
M00568_P01201,0.0
M00568_P01209,5.53
M00568_P01210,0.0
M00568_P01211,0.0
M00568_P01214,5.74
M00569_P00761,0.0
M00569_P00772,4.72
M00569_P00863,0.0
M00569_P00880,0.0
M00569_P00882,0.0
M00570_P00529,5.41
M00570_P00535,5.7
M00570_P00536,0.0
M00570_P00542,4.85
M00570_P00543,5.68
M00570_P01041,0.0
M00570_P01042,0.0
M00570_P01048,5.4
M00570_P01049,7.48
M00570_P01051,6.24
M00570_P01055,0.0
M00570_P01063,6.8
M00570_P01064,0.0
M00571_P00655,5.9
M00571_P00662,0.0
M00571_P00666,0.0
M00571_P00668,6.53
M00571_P00669,6.14
M00571_P00673,6.38
M00571_P00674,0.0
M00571_P01041,5.78
M00571_P01042,0.0
M00571_P01048,0.0
M00571_P01049,7.24
M00571_P01051,0.0
M00571_P01055,6.3
M00571_P01063,6.12
M00571_P01064,5.74
M00572_P00549,0.0
M00572_P00552,4.66
M00572_P00554,0.0
M00572_P00561,0.0
M00572_P00562,0.0
M00572_P00568,0.0
M00572_P00965,6.47
M00572_P00966,5.31
M00572_P00975,6.46
M00572_P00978,6.8
M00572_P00980,7.61
M00572_P00986,6.18
M00573_P00940,5.99
M00573_P00948,6.5
M00573_P00950,5.58
M00573_P00951,7.22
M00573_P00959,5.9
M00573_P00962,7.53
M00573_P01177,5.8
M00573_P01182,5.68
M00573_P01184,6.4
M00573_P01193,0.0
M00573_P01196,0.0
M00574_P00032,0.0
M00574_P00044,6.8
M00574_P00045,0.0
M00574_P00050,6.51
M00574_P00052,6.66
M00574_P00625,0.0
M00574_P00630,5.62
M00574_P00632,6.8
M00574_P00635,0.0
M00574_P00644,5.64
M00574_P00645,0.0
M00574_P00650,0.0
M00575_P00678,5.57
M00575_P00679,0.0
M00575_P00680,0.0
M00575_P00681,5.94
M00575_P00683,6.47
M00575_P00694,7.1
M00575_P00991,6.54
M00575_P00993,5.88
M00575_P00997,4.7
M00575_P01000,0.0
M00575_P01010,6.64
M00576_P00782,0.0
M00576_P00786,0.0
M00576_P00788,7.28
M00576_P00797,7.1
M00576_P00803,6.1
M00576_P00991,0.0
M00576_P00993,4.44
M00576_P00997,5.52
M00576_P01000,0.0
M00576_P01010,0.0
M00577_P00079,7.42
M00577_P00082,0.0
M00577_P00087,6.33
M00577_P00097,6.52
M00577_P00102,5.5
M00577_P01201,0.0
M00577_P01209,6.14
M00577_P01210,6.17
M00577_P01211,7.62
M00577_P01214,6.47
M00578_P00266,0.0
M00578_P00271,0.0
M00578_P00278,8.18
M00578_P00286,7.08
M00578_P00888,6.08
M00578_P00889,0.0
M00578_P00893,6.55
M00578_P00894,0.0
M00578_P00895,6.72
M00578_P00901,6.36
M00578_P00909,0.0
M00579_P00241,5.34
M00579_P00244,5.33
M00579_P00245,6.26
M00579_P00248,5.28
M00579_P00255,6.98
M00579_P00260,7.72
M00579_P01146,6.75
M00579_P01157,6.1
M00579_P01166,5.93
M00579_P01169,0.0
M00580_P00940,6.22
M00580_P00948,0.0
M00580_P00950,5.56
M00580_P00951,6.82
M00580_P00959,0.0
M00580_P00962,0.0
M00580_P01177,0.0
M00580_P01182,6.82
M00580_P01184,0.0
M00580_P01193,6.08
M00580_P01196,6.13
M00581_P00032,6.92
M00581_P00044,6.22
M00581_P00045,5.72
M00581_P00050,6.04
M00581_P00052,6.59
M00581_P00761,0.0
M00581_P00772,5.61
M00582_P00241,0.0
M00582_P00244,6.38
M00582_P00245,6.34
M00582_P00248,6.11
M00582_P00255,0.0
M00582_P00260,7.21
M00582_P00705,0.0
M00582_P00707,6.16
M00582_P00716,7.09
M00582_P00718,0.0
M00582_P00724,5.74
M00582_P00728,0.0
M00583_P00678,6.36
M00583_P00679,0.0
M00583_P00680,0.0
M00583_P00681,6.16
M00583_P00683,5.88
M00583_P00694,6.36
M00583_P00863,0.0
M00583_P00880,0.0
M00583_P00882,7.5
M00584_P01201,5.36
M00584_P01209,5.26
M00584_P01210,0.0
M00584_P01211,6.93
M00584_P01214,6.42
M00584_P01223,0.0
M00584_P01234,6.5
M00584_P01236,0.0
M00584_P01241,5.76
M00584_P01242,5.23
M00585_P00345,0.0
M00585_P00347,7.16
M00585_P00351,5.76
M00585_P00353,4.86
M00585_P00359,0.0
M00585_P00362,5.84
M00585_P00863,6.1
M00585_P00880,6.69
M00585_P00882,6.9
M00586_P00782,0.0
M00586_P00786,5.57
M00586_P00788,0.0
M00586_P00797,0.0
M00586_P00803,0.0
M00586_P01099,7.04
M00586_P01107,4.77
M00586_P01108,7.28
M00586_P01109,7.01
M00586_P01114,6.81
M00586_P01118,6.98
M00587_P00287,6.03
M00587_P00290,0.0
M00587_P00291,6.7
M00587_P00295,0.0
M00587_P00297,0.0
M00587_P00298,0.0
M00587_P00299,0.0
M00587_P00304,5.72
M00587_P00307,6.33
M00587_P00309,6.44
M00587_P00310,6.56
M00587_P00529,0.0
M00587_P00535,5.96
M00587_P00536,6.76
M00587_P00542,5.82
M00587_P00543,0.0
M00588_P00574,0.0
M00588_P00579,6.74
M00588_P00582,0.0
M00588_P00584,0.0
M00588_P00586,0.0
M00588_P00590,6.54
M00588_P00888,0.0
M00588_P00889,6.08
M00588_P00893,6.14
M00588_P00894,0.0
M00588_P00895,0.0
M00588_P00901,7.26
M00588_P00909,0.0
M00589_P00782,0.0
M00589_P00786,5.76
M00589_P00788,6.5
M00589_P00797,6.72
M00589_P00803,4.56
M00589_P01020,6.9
M00589_P01034,5.64
M00589_P01037,6.55
M00589_P01038,0.0
M00590_P00443,0.0
M00590_P00448,7.27
M00590_P00452,0.0
M00590_P00462,5.72
M00590_P00463,6.46
M00590_P00465,7.29
M00590_P00468,6.42
M00590_P00940,0.0
M00590_P00948,0.0
M00590_P00950,5.98
M00590_P00951,5.56
M00590_P00959,6.52
M00590_P00962,7.22
M00591_P00478,6.68
M00591_P00479,0.0
M00591_P00486,5.4
M00591_P00491,5.84
M00591_P00515,6.22
M00592_P01146,7.28
M00592_P01157,5.68
M00592_P01166,6.4
M00592_P01169,5.71
M00592_P01201,6.38
M00592_P01209,5.26
M00592_P01210,0.0
M00592_P01211,0.0
M00592_P01214,5.63
M00593_P00574,5.97
M00593_P00579,5.05
M00593_P00582,0.0
M00593_P00584,0.0
M00593_P00586,5.67
M00593_P00590,0.0
M00593_P00782,0.0
M00593_P00786,4.9
M00593_P00788,5.6
M00593_P00797,0.0
M00593_P00803,5.9
M00594_P00185,5.48
M00594_P00193,6.04
M00594_P00197,5.9
M00594_P00199,5.94
M00594_P00200,6.82
M00594_P00478,0.0
M00594_P00479,6.06
M00594_P00486,5.32
M00594_P00491,0.0
M00595_P00574,0.0
M00595_P00579,0.0
M00595_P00582,5.94
M00595_P00584,5.67
M00595_P00586,5.44
M00595_P00590,0.0
M00595_P00655,0.0
M00595_P00662,6.99
M00595_P00666,5.5
M00595_P00668,0.0
M00595_P00669,6.7
M00595_P00673,5.74
M00595_P00674,5.31
M00596_P00055,6.58
M00596_P00057,6.24
M00596_P00059,6.28
M00596_P00064,0.0
M00596_P00066,7.25
M00596_P00071,6.81
M00596_P00077,6.6
M00596_P00478,0.0
M00596_P00479,0.0
M00596_P00486,0.0
M00596_P00491,0.0
M00597_P00574,0.0
M00597_P00579,6.54
M00597_P00582,0.0
M00597_P00584,5.72
M00597_P00586,5.86
M00597_P00590,6.14
M00597_P00761,0.0
M00597_P00772,0.0
M00598_P00782,0.0
M00598_P00786,0.0
M00598_P00788,7.63
M00598_P00797,0.0
M00598_P00803,5.97
M00598_P01223,7.0
M00598_P01234,0.0
M00598_P01236,6.18
M00598_P01241,6.7
M00598_P01242,0.0
M00599_P00443,0.0
M00599_P00448,4.81
M00599_P00452,6.0
M00599_P00462,0.0
M00599_P00463,6.78
M00599_P00465,0.0
M00599_P00468,5.95
M00599_P00888,6.65
M00599_P00889,5.25
M00599_P00893,6.25
M00599_P00894,5.66
M00599_P00895,6.54
M00599_P00901,0.0
M00599_P00909,7.74
M00600_P00157,0.0
M00600_P00159,0.0
M00600_P00164,5.6
M00600_P00169,0.0
M00600_P00171,6.42
M00600_P00175,6.14
M00600_P00209,4.7
M00600_P00210,0.0
M00600_P00211,0.0
M00600_P00219,6.35
M00600_P00221,6.88
M00600_P00222,0.0
M00600_P00232,5.41
M00600_P00234,7.73
M00601_P00079,0.0
M00601_P00082,6.2
M00601_P00087,0.0
M00601_P00097,0.0
M00601_P00102,5.58
M00601_P00391,0.0
M00601_P00399,6.36
M00601_P00410,7.08
M00601_P00416,6.56
M00602_P00368,5.84
M00602_P00372,0.0
M00602_P00378,5.98
M00602_P00382,0.0
M00602_P00383,5.48
M00602_P01041,6.64
M00602_P01042,0.0
M00602_P01048,6.04
M00602_P01049,0.0
M00602_P01051,6.06
M00602_P01055,0.0
M00602_P01063,5.3
M00602_P01064,0.0
M00603_P00549,5.78
M00603_P00552,6.22
M00603_P00554,0.0
M00603_P00561,8.34
M00603_P00562,5.52
M00603_P00568,0.0
M00603_P00678,0.0
M00603_P00679,6.82
M00603_P00680,4.6
M00603_P00681,6.64
M00603_P00683,0.0
M00603_P00694,0.0
M00604_P00157,5.36
M00604_P00159,0.0
M00604_P00164,6.55
M00604_P00169,6.17
M00604_P00171,5.64
M00604_P00175,6.13
M00604_P01146,0.0
M00604_P01157,5.65
M00604_P01166,6.99
M00604_P01169,0.0
M00605_P00011,0.0
M00605_P00024,5.68
M00605_P00940,0.0
M00605_P00948,6.49
M00605_P00950,7.12
M00605_P00951,6.65
M00605_P00959,0.0
M00605_P00962,7.36
M00606_P00782,5.58
M00606_P00786,0.0
M00606_P00788,7.09
M00606_P00797,6.15
M00606_P00803,5.75
M00606_P01070,5.62
M00606_P01074,5.94
M00606_P01082,0.0
M00607_P00478,6.16
M00607_P00479,0.0
M00607_P00486,6.28
M00607_P00491,0.0
M00607_P00549,0.0
M00607_P00552,6.2
M00607_P00554,6.28
M00607_P00561,6.9
M00607_P00562,0.0
M00607_P00568,0.0
M00608_P00136,0.0
M00608_P00141,6.74
M00608_P00148,5.66
M00608_P00156,0.0
M00608_P01099,6.96
M00608_P01107,5.68
M00608_P01108,0.0
M00608_P01109,6.17
M00608_P01114,5.32
M00608_P01118,6.6
M00609_P00888,5.94
M00609_P00889,0.0
M00609_P00893,5.6
M00609_P00894,0.0
M00609_P00895,6.93
M00609_P00901,0.0
M00609_P00909,7.24
M00609_P01223,0.0
M00609_P01234,7.28
M00609_P01236,6.0
M00609_P01241,6.82
M00609_P01242,6.44
M00610_P00287,0.0
M00610_P00290,6.63
M00610_P00291,0.0
M00610_P00295,7.77
M00610_P00297,6.38
M00610_P00298,0.0
M00610_P00299,6.26
M00610_P00304,7.01
M00610_P00307,6.08
M00610_P00309,5.52
M00610_P00310,0.0
M00610_P00678,6.07
M00610_P00679,0.0
M00610_P00680,7.42
M00610_P00681,0.0
M00610_P00683,0.0
M00610_P00694,0.0
M00611_P00287,0.0
M00611_P00290,5.81
M00611_P00291,6.26
M00611_P00295,0.0
M00611_P00297,0.0
M00611_P00298,0.0
M00611_P00299,0.0
M00611_P00304,5.6
M00611_P00307,7.07
M00611_P00309,6.74
M00611_P00310,5.71
M00611_P00807,0.0
M00611_P00812,7.7
M00611_P00819,5.71
M00611_P00826,0.0
M00611_P00827,6.4
M00612_P00011,0.0
M00612_P00024,6.26
M00612_P00055,0.0
M00612_P00057,6.4
M00612_P00059,7.05
M00612_P00064,5.74
M00612_P00066,7.72
M00612_P00071,0.0
M00612_P00077,6.68
M00613_P00478,0.0
M00613_P00479,0.0
M00613_P00486,5.94
M00613_P00491,5.73
M00613_P00549,0.0
M00613_P00552,0.0
M00613_P00554,0.0
M00613_P00561,7.02
M00613_P00562,0.0
M00613_P00568,7.01
M00614_P00209,0.0
M00614_P00210,0.0
M00614_P00211,6.37
M00614_P00219,5.79
M00614_P00221,0.0
M00614_P00222,6.4
M00614_P00232,0.0
M00614_P00234,6.82
M00614_P00863,5.75
M00614_P00880,6.56
M00614_P00882,0.0
M00615_P00185,0.0
M00615_P00193,5.95
M00615_P00197,0.0
M00615_P00199,5.84
M00615_P00200,6.73
M00615_P00313,0.0
M00615_P00324,0.0
M00615_P00329,5.53
M00615_P00333,6.22
M00615_P00334,6.4
M00616_P00761,6.2
M00616_P00772,6.3
M00616_P01201,0.0
M00616_P01209,0.0
M00616_P01210,5.94
M00616_P01211,6.33
M00616_P01214,0.0
M00617_P00287,0.0
M00617_P00290,5.5
M00617_P00291,0.0
M00617_P00295,6.4
M00617_P00297,5.48
M00617_P00298,6.56
M00617_P00299,0.0
M00617_P00304,5.25
M00617_P00307,0.0
M00617_P00309,7.15
M00617_P00310,0.0
M00617_P01177,0.0
M00617_P01182,5.8
M00617_P01184,0.0
M00617_P01193,0.0
M00617_P01196,5.9
M00618_P00478,6.39
M00618_P00479,6.86
M00618_P00486,0.0
M00618_P00491,6.02
M00618_P00965,6.32
M00618_P00966,0.0
M00618_P00975,7.16
M00618_P00978,0.0
M00618_P00980,0.0
M00618_P00986,7.9
M00619_P00287,0.0
M00619_P00290,5.99
M00619_P00291,0.0
M00619_P00295,0.0
M00619_P00297,0.0
M00619_P00298,6.46
M00619_P00299,0.0
M00619_P00304,0.0
M00619_P00307,5.76
M00619_P00309,6.36
M00619_P00310,0.0
M00619_P01041,0.0
M00619_P01042,0.0
M00619_P01048,0.0
M00619_P01049,0.0
M00619_P01051,0.0
M00619_P01055,5.82
M00619_P01063,0.0
M00619_P01064,5.79
M00620_P00705,5.74
M00620_P00707,6.34
M00620_P00716,6.38
M00620_P00718,0.0
M00620_P00724,5.68
M00620_P00728,0.0
M00620_P00863,0.0
M00620_P00880,0.0
M00620_P00882,0.0
M00621_P00655,6.36
M00621_P00662,0.0
M00621_P00666,5.72
M00621_P00668,0.0
M00621_P00669,5.86
M00621_P00673,5.5
M00621_P00674,0.0
M00621_P01120,5.88
M00622_P00209,0.0
M00622_P00210,7.07
M00622_P00211,0.0
M00622_P00219,5.52
M00622_P00221,5.54
M00622_P00222,0.0
M00622_P00232,6.43
M00622_P00234,0.0
M00622_P00807,0.0
M00622_P00812,0.0
M00622_P00819,6.02
M00622_P00826,5.97
M00622_P00827,7.8
M00623_P00011,0.0
M00623_P00024,6.69
M00623_P00443,0.0
M00623_P00448,5.51
M00623_P00452,0.0
M00623_P00462,0.0
M00623_P00463,6.66
M00623_P00465,6.02
M00623_P00468,0.0
M00624_P00443,5.55
M00624_P00448,0.0
M00624_P00452,0.0
M00624_P00462,5.87
M00624_P00463,5.42
M00624_P00465,0.0
M00624_P00468,6.26
M00624_P00732,0.0
M00624_P00738,6.73
M00624_P00742,5.56
M00624_P00744,6.33
M00624_P00747,0.0
M00624_P00753,0.0
M00625_P00965,0.0
M00625_P00966,0.0
M00625_P00975,5.84
M00625_P00978,0.0
M00625_P00980,0.0
M00625_P00986,6.65
M00625_P01223,0.0
M00625_P01234,6.86
M00625_P01236,4.82
M00625_P01241,0.0
M00625_P01242,5.14
M00626_P00423,6.88
M00626_P00424,5.94
M00626_P00425,7.48
M00626_P00426,0.0
M00626_P00431,6.57
M00626_P00436,6.2
M00626_P00440,0.0
M00626_P01099,6.94
M00626_P01107,0.0
M00626_P01108,6.92
M00626_P01109,6.88
M00626_P01114,6.61
M00626_P01118,0.0
M00627_P00079,7.46
M00627_P00082,6.5
M00627_P00087,7.04
M00627_P00097,5.98
M00627_P00102,0.0
M00627_P01120,5.8
M00628_P00266,0.0
M00628_P00271,7.06
M00628_P00278,7.79
M00628_P00286,6.71
M00628_P00515,0.0
M00629_P00185,5.72
M00629_P00193,6.79
M00629_P00197,6.98
M00629_P00199,0.0
M00629_P00200,0.0
M00629_P01146,0.0
M00629_P01157,0.0
M00629_P01166,5.39
M00629_P01169,6.09
M00630_P00611,0.0
M00630_P00618,5.96
M00630_P00619,6.36
M00630_P00622,5.37
M00630_P01041,6.01
M00630_P01042,0.0
M00630_P01048,5.96
M00630_P01049,0.0
M00630_P01051,7.02
M00630_P01055,6.56
M00630_P01063,6.33
M00630_P01064,0.0
M00631_P00209,0.0
M00631_P00210,7.96
M00631_P00211,0.0
M00631_P00219,0.0
M00631_P00221,5.78
M00631_P00222,7.02
M00631_P00232,0.0
M00631_P00234,7.04
M00631_P00807,0.0
M00631_P00812,6.74
M00631_P00819,0.0
M00631_P00826,0.0
M00631_P00827,6.26
M00632_P00991,7.65
M00632_P00993,5.6
M00632_P00997,5.72
M00632_P01000,0.0
M00632_P01010,6.6
M00632_P01223,0.0
M00632_P01234,0.0
M00632_P01236,5.74
M00632_P01241,5.66
M00632_P01242,0.0
M00633_P00922,6.07
M00633_P00927,0.0
M00633_P00931,5.86
M00633_P00935,7.9
M00633_P01146,0.0
M00633_P01157,0.0
M00633_P01166,0.0
M00633_P01169,0.0
M00634_P00391,0.0
M00634_P00399,7.39
M00634_P00410,0.0
M00634_P00416,7.38
M00634_P01146,6.92
M00634_P01157,6.52
M00634_P01166,5.05
M00634_P01169,0.0
M00635_P00732,0.0
M00635_P00738,0.0
M00635_P00742,5.3
M00635_P00744,5.92
M00635_P00747,5.9
M00635_P00753,5.94
M00635_P00863,5.43
M00635_P00880,0.0
M00635_P00882,0.0
M00636_P00108,0.0
M00636_P00110,6.8
M00636_P00114,6.6
M00636_P00124,5.52
M00636_P00129,5.65
M00636_P00965,0.0
M00636_P00966,0.0
M00636_P00975,6.74
M00636_P00978,5.9
M00636_P00980,7.32
M00636_P00986,0.0
M00637_P00835,6.28
M00637_P00840,5.68
M00637_P00844,6.14
M00637_P00847,0.0
M00637_P00848,5.78
M00637_P00856,6.66
M00637_P00922,6.1
M00637_P00927,0.0
M00637_P00931,0.0
M00637_P00935,6.94
M00638_P00266,6.66
M00638_P00271,6.62
M00638_P00278,7.03
M00638_P00286,6.28
M00638_P00549,0.0
M00638_P00552,5.97
M00638_P00554,0.0
M00638_P00561,7.18
M00638_P00562,0.0
M00638_P00568,6.74
M00639_P00185,0.0
M00639_P00193,0.0
M00639_P00197,6.15
M00639_P00199,6.57
M00639_P00200,0.0
M00639_P01146,0.0
M00639_P01157,5.46
M00639_P01166,0.0
M00639_P01169,6.72
M00640_P00136,6.98
M00640_P00141,7.94
M00640_P00148,0.0
M00640_P00156,5.86
M00640_P00863,6.31
M00640_P00880,0.0
M00640_P00882,6.46
M00641_P00209,5.76
M00641_P00210,0.0
M00641_P00211,0.0
M00641_P00219,0.0
M00641_P00221,6.14
M00641_P00222,5.38
M00641_P00232,0.0
M00641_P00234,8.2
M00641_P00761,0.0
M00641_P00772,5.12
M00642_P00761,6.27
M00642_P00772,5.76
M00642_P00965,6.9
M00642_P00966,0.0
M00642_P00975,0.0
M00642_P00978,5.87
M00642_P00980,0.0
M00642_P00986,8.02
M00643_P00515,0.0
M00643_P01120,0.0
M00644_P00423,6.24
M00644_P00424,6.03
M00644_P00425,6.34
M00644_P00426,0.0
M00644_P00431,0.0
M00644_P00436,0.0
M00644_P00440,5.85
M00644_P00655,5.31
M00644_P00662,6.14
M00644_P00666,6.26
M00644_P00668,5.2
M00644_P00669,0.0
M00644_P00673,7.01
M00644_P00674,0.0
M00645_P00108,0.0
M00645_P00110,5.79
M00645_P00114,6.98
M00645_P00124,0.0
M00645_P00129,0.0
M00645_P00965,6.05
M00645_P00966,0.0
M00645_P00975,7.04
M00645_P00978,6.94
M00645_P00980,0.0
M00645_P00986,6.76
M00646_P00574,0.0
M00646_P00579,0.0
M00646_P00582,0.0
M00646_P00584,0.0
M00646_P00586,5.48
M00646_P00590,7.38
M00646_P01177,0.0
M00646_P01182,0.0
M00646_P01184,6.3
M00646_P01193,5.8
M00646_P01196,0.0
M00647_P00108,0.0
M00647_P00110,0.0
M00647_P00114,0.0
M00647_P00124,6.51
M00647_P00129,6.5
M00647_P00807,0.0
M00647_P00812,0.0
M00647_P00819,0.0
M00647_P00826,5.96
M00647_P00827,6.16
M00648_P00287,5.64
M00648_P00290,5.74
M00648_P00291,6.46
M00648_P00295,0.0
M00648_P00297,0.0
M00648_P00298,0.0
M00648_P00299,0.0
M00648_P00304,6.32
M00648_P00307,6.56
M00648_P00309,7.22
M00648_P00310,6.81
M00648_P00678,0.0
M00648_P00679,7.56
M00648_P00680,5.5
M00648_P00681,5.0
M00648_P00683,5.46
M00648_P00694,6.0
M00649_P01070,6.01
M00649_P01074,6.58
M00649_P01082,6.18
M00649_P01223,5.4
M00649_P01234,6.46
M00649_P01236,6.2
M00649_P01241,6.24
M00649_P01242,6.04
M00650_P00611,0.0
M00650_P00618,6.78
M00650_P00619,0.0
M00650_P00622,0.0
M00650_P00655,0.0
M00650_P00662,0.0
M00650_P00666,6.56
M00650_P00668,5.68
M00650_P00669,6.53
M00650_P00673,6.58
M00650_P00674,5.15
M00651_P00136,7.29
M00651_P00141,0.0
M00651_P00148,0.0
M00651_P00156,0.0
M00651_P00625,0.0
M00651_P00630,0.0
M00651_P00632,6.93
M00651_P00635,6.86
M00651_P00644,6.1
M00651_P00645,6.74
M00651_P00650,0.0
M00652_P00574,0.0
M00652_P00579,6.36
M00652_P00582,6.35
M00652_P00584,0.0
M00652_P00586,5.78
M00652_P00590,0.0
M00652_P01070,0.0
M00652_P01074,5.43
M00652_P01082,0.0
M00653_P00655,6.05
M00653_P00662,6.65
M00653_P00666,0.0
M00653_P00668,6.15
M00653_P00669,0.0
M00653_P00673,6.04
M00653_P00674,6.18
M00653_P00888,5.99
M00653_P00889,6.42
M00653_P00893,6.54
M00653_P00894,0.0
M00653_P00895,0.0
M00653_P00901,0.0
M00653_P00909,0.0
M00654_P00368,0.0
M00654_P00372,7.03
M00654_P00378,7.13
M00654_P00382,6.36
M00654_P00383,6.22
M00654_P01201,0.0
M00654_P01209,5.38
M00654_P01210,6.8
M00654_P01211,6.52
M00654_P01214,6.31
M00655_P00515,0.0
M00655_P00782,0.0
M00655_P00786,0.0
M00655_P00788,0.0
M00655_P00797,0.0
M00655_P00803,5.96
M00656_P00625,5.68
M00656_P00630,0.0
M00656_P00632,5.76
M00656_P00635,6.42
M00656_P00644,6.48
M00656_P00645,6.96
M00656_P00650,7.4
M00656_P00888,6.64
M00656_P00889,6.03
M00656_P00893,5.64
M00656_P00894,6.54
M00656_P00895,0.0
M00656_P00901,6.37
M00656_P00909,0.0
M00657_P00574,0.0
M00657_P00579,6.28
M00657_P00582,5.4
M00657_P00584,0.0
M00657_P00586,6.14
M00657_P00590,0.0
M00657_P00761,0.0
M00657_P00772,5.76
M00658_P00313,0.0
M00658_P00324,0.0
M00658_P00329,5.36
M00658_P00333,0.0
M00658_P00334,5.76
M00658_P01223,5.24
M00658_P01234,0.0
M00658_P01236,5.98
M00658_P01241,7.14
M00658_P01242,6.58
M00659_P00055,0.0
M00659_P00057,0.0
M00659_P00059,5.93
M00659_P00064,0.0
M00659_P00066,0.0
M00659_P00071,7.19
M00659_P00077,5.73
M00659_P01120,0.0
M00660_P00345,0.0
M00660_P00347,0.0
M00660_P00351,7.24
M00660_P00353,4.81
M00660_P00359,6.7
M00660_P00362,5.78
M00660_P00391,0.0
M00660_P00399,0.0
M00660_P00410,5.68
M00660_P00416,5.6
M00661_P00055,0.0
M00661_P00057,4.4
M00661_P00059,0.0
M00661_P00064,0.0
M00661_P00066,0.0
M00661_P00071,6.64
M00661_P00077,6.2
M00661_P00991,7.85
M00661_P00993,0.0
M00661_P00997,6.45
M00661_P01000,0.0
M00661_P01010,6.61
M00662_P00055,5.72
M00662_P00057,6.58
M00662_P00059,0.0
M00662_P00064,5.48
M00662_P00066,0.0
M00662_P00071,6.14
M00662_P00077,6.9
M00662_P00391,0.0
M00662_P00399,5.36
M00662_P00410,6.72
M00662_P00416,0.0
M00663_P00368,5.6
M00663_P00372,0.0
M00663_P00378,6.21
M00663_P00382,0.0
M00663_P00383,0.0
M00663_P00922,5.47
M00663_P00927,0.0
M00663_P00931,6.58
M00663_P00935,0.0
M00664_P00209,6.3
M00664_P00210,0.0
M00664_P00211,0.0
M00664_P00219,0.0
M00664_P00221,0.0
M00664_P00222,0.0
M00664_P00232,0.0
M00664_P00234,7.74
M00664_P00863,0.0
M00664_P00880,0.0
M00664_P00882,0.0
M00665_P00940,0.0
M00665_P00948,0.0
M00665_P00950,6.79
M00665_P00951,6.45
M00665_P00959,0.0
M00665_P00962,0.0
M00665_P01201,4.97
M00665_P01209,6.46
M00665_P01210,5.66
M00665_P01211,7.92
M00665_P01214,0.0
M00666_P00391,0.0
M00666_P00399,6.07
M00666_P00410,0.0
M00666_P00416,0.0
M00666_P00529,0.0
M00666_P00535,5.76
M00666_P00536,0.0
M00666_P00542,5.84
M00666_P00543,6.3
M00667_P00515,5.98
M00667_P00678,0.0
M00667_P00679,6.85
M00667_P00680,0.0
M00667_P00681,6.36
M00667_P00683,0.0
M00667_P00694,0.0
M00668_P00922,5.56
M00668_P00927,0.0
M00668_P00931,5.39
M00668_P00935,7.08
M00668_P00991,0.0
M00668_P00993,5.89
M00668_P00997,0.0
M00668_P01000,7.16
M00668_P01010,0.0
M00669_P01041,0.0
M00669_P01042,5.83
M00669_P01048,0.0
M00669_P01049,7.15
M00669_P01051,5.55
M00669_P01055,5.91
M00669_P01063,5.76
M00669_P01064,5.98
M00669_P01146,0.0
M00669_P01157,5.12
M00669_P01166,5.66
M00669_P01169,0.0
M00670_P00079,7.14
M00670_P00082,0.0
M00670_P00087,6.12
M00670_P00097,0.0
M00670_P00102,6.26
M00670_P00611,0.0
M00670_P00618,6.58
M00670_P00619,5.83
M00670_P00622,5.86
M00671_P00529,0.0
M00671_P00535,0.0
M00671_P00536,6.18
M00671_P00542,0.0
M00671_P00543,7.01
M00671_P00863,5.24
M00671_P00880,6.24
M00671_P00882,7.34
M00672_P00241,6.58
M00672_P00244,7.3
M00672_P00245,6.66
M00672_P00248,5.04
M00672_P00255,0.0
M00672_P00260,7.5
M00672_P00678,0.0
M00672_P00679,0.0
M00672_P00680,4.67
M00672_P00681,4.97
M00672_P00683,6.63
M00672_P00694,6.62
M00673_P00287,5.86
M00673_P00290,0.0
M00673_P00291,0.0
M00673_P00295,0.0
M00673_P00297,0.0
M00673_P00298,0.0
M00673_P00299,6.94
M00673_P00304,5.3
M00673_P00307,7.58
M00673_P00309,0.0
M00673_P00310,6.1
M00673_P00922,6.61
M00673_P00927,0.0
M00673_P00931,5.8
M00673_P00935,6.56
M00674_P00368,0.0
M00674_P00372,7.01
M00674_P00378,6.11
M00674_P00382,0.0
M00674_P00383,5.2
M00674_P00529,6.12
M00674_P00535,6.09
M00674_P00536,6.46
M00674_P00542,0.0
M00674_P00543,7.36
M00675_P00079,6.96
M00675_P00082,7.6
M00675_P00087,7.04
M00675_P00097,0.0
M00675_P00102,6.52
M00675_P00761,0.0
M00675_P00772,0.0
M00676_P00678,0.0
M00676_P00679,7.13
M00676_P00680,5.58
M00676_P00681,0.0
M00676_P00683,6.5
M00676_P00694,0.0
M00676_P00940,0.0
M00676_P00948,7.3
M00676_P00950,6.65
M00676_P00951,6.4
M00676_P00959,5.72
M00676_P00962,6.68
M00677_P00391,0.0
M00677_P00399,0.0
M00677_P00410,7.56
M00677_P00416,6.79
M00677_P00625,0.0
M00677_P00630,5.8
M00677_P00632,5.89
M00677_P00635,5.67
M00677_P00644,6.37
M00677_P00645,6.04
M00677_P00650,6.82
M00678_P00549,0.0
M00678_P00552,0.0
M00678_P00554,6.26
M00678_P00561,7.8
M00678_P00562,0.0
M00678_P00568,5.51
M00678_P01099,0.0
M00678_P01107,5.94
M00678_P01108,7.04
M00678_P01109,6.72
M00678_P01114,0.0
M00678_P01118,6.98
M00679_P00136,6.5
M00679_P00141,0.0
M00679_P00148,5.18
M00679_P00156,0.0
M00679_P00611,0.0
M00679_P00618,5.64
M00679_P00619,6.78
M00679_P00622,7.44
M00680_P00079,5.44
M00680_P00082,5.69
M00680_P00087,6.19
M00680_P00097,0.0
M00680_P00102,5.15
M00680_P00478,6.42
M00680_P00479,7.13
M00680_P00486,6.7
M00680_P00491,6.14
M00681_P00108,5.34
M00681_P00110,5.69
M00681_P00114,0.0
M00681_P00124,6.88
M00681_P00129,5.8
M00681_P00345,0.0
M00681_P00347,5.6
M00681_P00351,6.99
M00681_P00353,0.0
M00681_P00359,6.65
M00681_P00362,5.8
M00682_P00345,5.62
M00682_P00347,6.3
M00682_P00351,6.14
M00682_P00353,5.26
M00682_P00359,0.0
M00682_P00362,0.0
M00682_P00782,0.0
M00682_P00786,0.0
M00682_P00788,6.6
M00682_P00797,6.44
M00682_P00803,0.0
M00683_P00011,6.12
M00683_P00024,0.0
M00683_P00368,5.64
M00683_P00372,6.5
M00683_P00378,0.0
M00683_P00382,5.49
M00683_P00383,5.84
M00684_P00782,0.0
M00684_P00786,6.44
M00684_P00788,0.0
M00684_P00797,0.0
M00684_P00803,0.0
M00684_P01223,5.46
M00684_P01234,0.0
M00684_P01236,6.3
M00684_P01241,0.0
M00684_P01242,5.81
M00685_P00391,0.0
M00685_P00399,5.6
M00685_P00410,6.12
M00685_P00416,7.38
M00685_P00655,5.24
M00685_P00662,0.0
M00685_P00666,0.0
M00685_P00668,0.0
M00685_P00669,0.0
M00685_P00673,0.0
M00685_P00674,5.74
M00686_P00478,5.77
M00686_P00479,0.0
M00686_P00486,5.77
M00686_P00491,5.6
M00686_P00655,5.87
M00686_P00662,5.22
M00686_P00666,5.15
M00686_P00668,5.03
M00686_P00669,5.78
M00686_P00673,6.86
M00686_P00674,0.0
M00687_P00423,6.79
M00687_P00424,0.0
M00687_P00425,6.19
M00687_P00426,0.0
M00687_P00431,0.0
M00687_P00436,7.56
M00687_P00440,0.0
M00687_P00515,0.0
M00688_P00157,0.0
M00688_P00159,5.74
M00688_P00164,6.26
M00688_P00169,6.04
M00688_P00171,6.86
M00688_P00175,0.0
M00688_P00761,5.92
M00688_P00772,0.0
M00689_P00345,6.68
M00689_P00347,4.99
M00689_P00351,6.38
M00689_P00353,0.0
M00689_P00359,0.0
M00689_P00362,5.02
M00689_P00529,5.48
M00689_P00535,5.58
M00689_P00536,0.0
M00689_P00542,5.54
M00689_P00543,6.2
M00690_P00055,5.64
M00690_P00057,0.0
M00690_P00059,6.32
M00690_P00064,6.62
M00690_P00066,6.78
M00690_P00071,0.0
M00690_P00077,0.0
M00690_P00678,0.0
M00690_P00679,6.82
M00690_P00680,6.06
M00690_P00681,0.0
M00690_P00683,5.15
M00690_P00694,5.3
M00691_P00241,5.25
M00691_P00244,6.65
M00691_P00245,6.62
M00691_P00248,0.0
M00691_P00255,6.96
M00691_P00260,6.88
M00691_P01223,0.0
M00691_P01234,7.32
M00691_P01236,0.0
M00691_P01241,5.84
M00691_P01242,0.0
M00692_P00922,0.0
M00692_P00927,6.12
M00692_P00931,6.55
M00692_P00935,0.0
M00692_P00991,0.0
M00692_P00993,5.5
M00692_P00997,6.14
M00692_P01000,0.0
M00692_P01010,6.36
M00693_P00241,5.76
M00693_P00244,5.08
M00693_P00245,6.14
M00693_P00248,0.0
M00693_P00255,6.29
M00693_P00260,0.0
M00693_P00478,5.24
M00693_P00479,0.0
M00693_P00486,6.16
M00693_P00491,0.0
M00694_P00368,0.0
M00694_P00372,0.0
M00694_P00378,5.58
M00694_P00382,0.0
M00694_P00383,5.31
M00694_P00655,5.96
M00694_P00662,0.0
M00694_P00666,6.12
M00694_P00668,6.58
M00694_P00669,0.0
M00694_P00673,5.6
M00694_P00674,5.48
M00695_P00807,0.0
M00695_P00812,0.0
M00695_P00819,0.0
M00695_P00826,6.65
M00695_P00827,6.96
M00695_P00940,5.87
M00695_P00948,6.18
M00695_P00950,6.47
M00695_P00951,5.7
M00695_P00959,0.0
M00695_P00962,0.0
M00696_P00423,7.09
M00696_P00424,0.0
M00696_P00425,6.66
M00696_P00426,5.3
M00696_P00431,5.93
M00696_P00436,6.59
M00696_P00440,6.4
M00696_P00835,0.0
M00696_P00840,0.0
M00696_P00844,6.8
M00696_P00847,0.0
M00696_P00848,0.0
M00696_P00856,6.29
M00697_P00266,5.92
M00697_P00271,0.0
M00697_P00278,6.98
M00697_P00286,5.69
M00697_P00761,6.42
M00697_P00772,6.62
M00698_P00209,0.0
M00698_P00210,7.51
M00698_P00211,0.0
M00698_P00219,0.0
M00698_P00221,5.8
M00698_P00222,0.0
M00698_P00232,0.0
M00698_P00234,6.93
M00698_P00266,0.0
M00698_P00271,0.0
M00698_P00278,0.0
M00698_P00286,0.0
M00699_P00287,5.2
M00699_P00290,5.19
M00699_P00291,0.0
M00699_P00295,0.0
M00699_P00297,5.88
M00699_P00298,6.26
M00699_P00299,6.11
M00699_P00304,0.0
M00699_P00307,7.3
M00699_P00309,6.14
M00699_P00310,5.78
M00699_P00922,0.0
M00699_P00927,0.0
M00699_P00931,5.52
M00699_P00935,5.65
M00700_P00055,5.76
M00700_P00057,0.0
M00700_P00059,5.44
M00700_P00064,5.79
M00700_P00066,7.7
M00700_P00071,0.0
M00700_P00077,6.56
M00700_P00863,5.64
M00700_P00880,0.0
M00700_P00882,7.17
M00701_P00011,5.7
M00701_P00024,5.36
M00701_P00705,0.0
M00701_P00707,6.16
M00701_P00716,0.0
M00701_P00718,7.31
M00701_P00724,6.42
M00701_P00728,0.0
M00702_P00108,6.32
M00702_P00110,5.18
M00702_P00114,7.43
M00702_P00124,6.72
M00702_P00129,5.66
M00702_P01201,0.0
M00702_P01209,0.0
M00702_P01210,0.0
M00702_P01211,0.0
M00702_P01214,5.34
M00703_P00345,0.0
M00703_P00347,5.85
M00703_P00351,6.38
M00703_P00353,5.98
M00703_P00359,0.0
M00703_P00362,0.0
M00703_P00863,5.13
M00703_P00880,7.55
M00703_P00882,0.0
M00704_P00079,6.82
M00704_P00082,0.0
M00704_P00087,4.99
M00704_P00097,6.76
M00704_P00102,0.0
M00704_P01041,0.0
M00704_P01042,0.0
M00704_P01048,0.0
M00704_P01049,7.28
M00704_P01051,7.28
M00704_P01055,5.76
M00704_P01063,6.56
M00704_P01064,5.76
M00705_P00807,0.0
M00705_P00812,8.29
M00705_P00819,0.0
M00705_P00826,6.96
M00705_P00827,8.12
M00705_P01099,0.0
M00705_P01107,5.34
M00705_P01108,6.95
M00705_P01109,6.98
M00705_P01114,5.58
M00705_P01118,0.0
M00706_P00888,6.38
M00706_P00889,6.4
M00706_P00893,4.31
M00706_P00894,7.08
M00706_P00895,0.0
M00706_P00901,0.0
M00706_P00909,0.0
M00706_P00940,0.0
M00706_P00948,5.36
M00706_P00950,6.36
M00706_P00951,6.74
M00706_P00959,5.64
M00706_P00962,0.0
M00707_P00032,0.0
M00707_P00044,6.12
M00707_P00045,5.96
M00707_P00050,5.34
M00707_P00052,0.0
M00707_P00888,0.0
M00707_P00889,0.0
M00707_P00893,7.29
M00707_P00894,0.0
M00707_P00895,6.73
M00707_P00901,0.0
M00707_P00909,6.63
M00708_P00478,0.0
M00708_P00479,7.36
M00708_P00486,6.3
M00708_P00491,5.81
M00708_P00888,0.0
M00708_P00889,6.4
M00708_P00893,5.33
M00708_P00894,6.46
M00708_P00895,0.0
M00708_P00901,0.0
M00708_P00909,7.35
M00709_P00157,5.35
M00709_P00159,0.0
M00709_P00164,6.86
M00709_P00169,0.0
M00709_P00171,6.17
M00709_P00175,5.44
M00709_P00287,5.86
M00709_P00290,0.0
M00709_P00291,0.0
M00709_P00295,7.85
M00709_P00297,6.84
M00709_P00298,5.86
M00709_P00299,5.22
M00709_P00304,6.05
M00709_P00307,5.94
M00709_P00309,5.95
M00709_P00310,0.0
M00710_P00313,0.0
M00710_P00324,5.11
M00710_P00329,7.19
M00710_P00333,6.72
M00710_P00334,0.0
M00710_P00391,6.1
M00710_P00399,6.24
M00710_P00410,6.52
M00710_P00416,5.85
M00711_P00443,6.13
M00711_P00448,5.68
M00711_P00452,6.18
M00711_P00462,0.0
M00711_P00463,6.88
M00711_P00465,5.9
M00711_P00468,0.0
M00711_P00574,0.0
M00711_P00579,0.0
M00711_P00582,6.25
M00711_P00584,0.0
M00711_P00586,0.0
M00711_P00590,0.0
M00712_P00136,0.0
M00712_P00141,7.46
M00712_P00148,0.0
M00712_P00156,7.06
M00712_P00625,0.0
M00712_P00630,6.64
M00712_P00632,0.0
M00712_P00635,6.94
M00712_P00644,0.0
M00712_P00645,7.3
M00712_P00650,6.16
M00713_P00391,5.46
M00713_P00399,0.0
M00713_P00410,6.62
M00713_P00416,6.34
M00713_P00940,5.99
M00713_P00948,5.75
M00713_P00950,5.67
M00713_P00951,6.44
M00713_P00959,0.0
M00713_P00962,0.0
M00714_P00515,5.0
M00714_P01146,6.92
M00714_P01157,0.0
M00714_P01166,0.0
M00714_P01169,0.0
M00715_P00136,0.0
M00715_P00141,0.0
M00715_P00148,5.88
M00715_P00156,6.92
M00715_P00678,6.41
M00715_P00679,0.0
M00715_P00680,6.2
M00715_P00681,0.0
M00715_P00683,0.0
M00715_P00694,6.4
M00716_P00782,6.2
M00716_P00786,0.0
M00716_P00788,0.0
M00716_P00797,6.78
M00716_P00803,0.0
M00716_P00922,0.0
M00716_P00927,5.25
M00716_P00931,0.0
M00716_P00935,6.88
M00717_P00266,6.5
M00717_P00271,0.0
M00717_P00278,7.04
M00717_P00286,6.74
M00717_P01146,0.0
M00717_P01157,6.38
M00717_P01166,7.19
M00717_P01169,6.01
M00718_P00705,6.96
M00718_P00707,6.55
M00718_P00716,0.0
M00718_P00718,6.88
M00718_P00724,6.56
M00718_P00728,0.0
M00718_P01099,0.0
M00718_P01107,5.34
M00718_P01108,0.0
M00718_P01109,6.74
M00718_P01114,6.41
M00718_P01118,6.06
M00719_P00157,5.06
M00719_P00159,0.0
M00719_P00164,0.0
M00719_P00169,0.0
M00719_P00171,5.5
M00719_P00175,0.0
M00719_P00940,5.88
M00719_P00948,5.92
M00719_P00950,6.1
M00719_P00951,0.0
M00719_P00959,0.0
M00719_P00962,6.64
M00720_P00345,5.72
M00720_P00347,0.0
M00720_P00351,5.38
M00720_P00353,5.8
M00720_P00359,0.0
M00720_P00362,6.48
M00720_P00368,0.0
M00720_P00372,0.0
M00720_P00378,0.0
M00720_P00382,4.78
M00720_P00383,5.36
M00721_P00055,0.0
M00721_P00057,5.96
M00721_P00059,7.06
M00721_P00064,6.56
M00721_P00066,0.0
M00721_P00071,6.48
M00721_P00077,5.72
M00721_P00443,6.68
M00721_P00448,6.72
M00721_P00452,0.0
M00721_P00462,6.66
M00721_P00463,6.62
M00721_P00465,0.0
M00721_P00468,7.22
M00722_P00888,0.0
M00722_P00889,5.41
M00722_P00893,0.0
M00722_P00894,5.93
M00722_P00895,5.68
M00722_P00901,7.36
M00722_P00909,0.0
M00722_P00965,6.52
M00722_P00966,5.35
M00722_P00975,7.39
M00722_P00978,6.18
M00722_P00980,5.68
M00722_P00986,7.2
M00723_P00287,6.28
M00723_P00290,5.66
M00723_P00291,0.0
M00723_P00295,0.0
M00723_P00297,0.0
M00723_P00298,0.0
M00723_P00299,0.0
M00723_P00304,6.16
M00723_P00307,0.0
M00723_P00309,5.59
M00723_P00310,0.0
M00723_P00549,6.21
M00723_P00552,5.9
M00723_P00554,5.86
M00723_P00561,6.92
M00723_P00562,5.58
M00723_P00568,0.0
M00724_P00241,6.6
M00724_P00244,0.0
M00724_P00245,0.0
M00724_P00248,5.7
M00724_P00255,0.0
M00724_P00260,0.0
M00724_P00965,0.0
M00724_P00966,0.0
M00724_P00975,6.76
M00724_P00978,0.0
M00724_P00980,6.72
M00724_P00986,5.97
M00725_P00108,0.0
M00725_P00110,0.0
M00725_P00114,5.8
M00725_P00124,5.56
M00725_P00129,5.18
M00725_P00529,5.8
M00725_P00535,5.14
M00725_P00536,6.44
M00725_P00542,6.01
M00725_P00543,0.0
M00726_P00625,0.0
M00726_P00630,0.0
M00726_P00632,5.56
M00726_P00635,5.99
M00726_P00644,5.96
M00726_P00645,7.45
M00726_P00650,0.0
M00726_P00940,0.0
M00726_P00948,6.32
M00726_P00950,6.06
M00726_P00951,0.0
M00726_P00959,0.0
M00726_P00962,7.72
M00727_P00209,0.0
M00727_P00210,0.0
M00727_P00211,6.33
M00727_P00219,0.0
M00727_P00221,8.0
M00727_P00222,0.0
M00727_P00232,6.2
M00727_P00234,6.29
M00727_P00625,0.0
M00727_P00630,0.0
M00727_P00632,5.64
M00727_P00635,0.0
M00727_P00644,6.66
M00727_P00645,6.72
M00727_P00650,0.0
M00728_P00574,0.0
M00728_P00579,0.0
M00728_P00582,5.79
M00728_P00584,5.51
M00728_P00586,5.24
M00728_P00590,0.0
M00728_P00835,0.0
M00728_P00840,5.18
M00728_P00844,0.0
M00728_P00847,0.0
M00728_P00848,0.0
M00728_P00856,7.41
M00729_P00368,6.56
M00729_P00372,7.5
M00729_P00378,5.24
M00729_P00382,0.0
M00729_P00383,5.78
M00729_P00705,0.0
M00729_P00707,5.78
M00729_P00716,6.36
M00729_P00718,6.48
M00729_P00724,7.21
M00729_P00728,0.0
M00730_P00991,0.0
M00730_P00993,6.66
M00730_P00997,6.04
M00730_P01000,0.0
M00730_P01010,6.82
M00730_P01041,0.0
M00730_P01042,4.43
M00730_P01048,5.52
M00730_P01049,0.0
M00730_P01051,6.49
M00730_P01055,0.0
M00730_P01063,5.74
M00730_P01064,0.0
M00731_P00032,0.0
M00731_P00044,0.0
M00731_P00045,6.46
M00731_P00050,4.68
M00731_P00052,0.0
M00731_P00529,7.82
M00731_P00535,0.0
M00731_P00536,0.0
M00731_P00542,0.0
M00731_P00543,6.12
M00732_P00732,5.54
M00732_P00738,5.32
M00732_P00742,6.06
M00732_P00744,0.0
M00732_P00747,7.2
M00732_P00753,0.0
M00732_P00835,0.0
M00732_P00840,0.0
M00732_P00844,0.0
M00732_P00847,6.36
M00732_P00848,6.22
M00732_P00856,7.14
M00733_P00625,0.0
M00733_P00630,6.59
M00733_P00632,0.0
M00733_P00635,0.0
M00733_P00644,0.0
M00733_P00645,6.68
M00733_P00650,6.18
M00733_P00922,0.0
M00733_P00927,0.0
M00733_P00931,0.0
M00733_P00935,7.59
M00734_P00965,0.0
M00734_P00966,0.0
M00734_P00975,7.25
M00734_P00978,6.6
M00734_P00980,0.0
M00734_P00986,6.72
M00734_P01120,5.24
M00735_P00136,6.4
M00735_P00141,7.26
M00735_P00148,6.3
M00735_P00156,0.0
M00735_P01041,0.0
M00735_P01042,0.0
M00735_P01048,0.0
M00735_P01049,0.0
M00735_P01051,6.37
M00735_P01055,0.0
M00735_P01063,5.64
M00735_P01064,0.0
M00736_P00108,0.0
M00736_P00110,5.41
M00736_P00114,6.7
M00736_P00124,6.59
M00736_P00129,0.0
M00736_P01177,6.5
M00736_P01182,4.41
M00736_P01184,0.0
M00736_P01193,6.29
M00736_P01196,6.43
M00737_P00241,0.0
M00737_P00244,6.06
M00737_P00245,6.03
M00737_P00248,5.74
M00737_P00255,7.96
M00737_P00260,0.0
M00737_P00655,5.94
M00737_P00662,0.0
M00737_P00666,6.5
M00737_P00668,5.5
M00737_P00669,0.0
M00737_P00673,7.18
M00737_P00674,6.26
M00738_P00625,0.0
M00738_P00630,7.04
M00738_P00632,5.65
M00738_P00635,6.57
M00738_P00644,5.22
M00738_P00645,6.45
M00738_P00650,0.0
M00738_P01223,0.0
M00738_P01234,6.85
M00738_P01236,5.26
M00738_P01241,0.0
M00738_P01242,6.02
M00739_P00136,7.14
M00739_P00141,7.34
M00739_P00148,6.92
M00739_P00156,0.0
M00739_P00157,0.0
M00739_P00159,0.0
M00739_P00164,0.0
M00739_P00169,6.53
M00739_P00171,6.46
M00739_P00175,0.0
M00740_P00611,0.0
M00740_P00618,0.0
M00740_P00619,6.37
M00740_P00622,0.0
M00740_P00732,7.39
M00740_P00738,6.56
M00740_P00742,5.5
M00740_P00744,0.0
M00740_P00747,0.0
M00740_P00753,0.0
M00741_P00157,0.0
M00741_P00159,0.0
M00741_P00164,5.82
M00741_P00169,0.0
M00741_P00171,6.27
M00741_P00175,6.46
M00741_P00241,6.19
M00741_P00244,5.04
M00741_P00245,7.53
M00741_P00248,0.0
M00741_P00255,6.16
M00741_P00260,0.0
M00742_P00705,5.72
M00742_P00707,6.22
M00742_P00716,6.86
M00742_P00718,0.0
M00742_P00724,0.0
M00742_P00728,0.0
M00742_P00761,6.38
M00742_P00772,5.96
M00743_P00032,0.0
M00743_P00044,0.0
M00743_P00045,6.31
M00743_P00050,5.46
M00743_P00052,5.24
M00743_P00157,0.0
M00743_P00159,0.0
M00743_P00164,0.0
M00743_P00169,0.0
M00743_P00171,0.0
M00743_P00175,0.0
M00744_P00136,0.0
M00744_P00141,0.0
M00744_P00148,0.0
M00744_P00156,0.0
M00744_P00922,0.0
M00744_P00927,6.56
M00744_P00931,6.15
M00744_P00935,6.3
M00745_P00011,6.32
M00745_P00024,0.0
M00745_P00625,5.72
M00745_P00630,6.15
M00745_P00632,6.6
M00745_P00635,0.0
M00745_P00644,0.0
M00745_P00645,7.16
M00745_P00650,6.19
M00746_P00136,0.0
M00746_P00141,6.76
M00746_P00148,6.4
M00746_P00156,6.42
M00746_P00625,0.0
M00746_P00630,5.57
M00746_P00632,6.26
M00746_P00635,5.27
M00746_P00644,0.0
M00746_P00645,6.26
M00746_P00650,6.1
M00747_P00863,5.38
M00747_P00880,5.75
M00747_P00882,0.0
M00747_P00940,6.18
M00747_P00948,5.69
M00747_P00950,0.0
M00747_P00951,0.0
M00747_P00959,0.0
M00747_P00962,6.33
M00748_P00209,0.0
M00748_P00210,7.13
M00748_P00211,0.0
M00748_P00219,6.25
M00748_P00221,0.0
M00748_P00222,0.0
M00748_P00232,6.65
M00748_P00234,7.98
M00748_P00266,6.68
M00748_P00271,5.48
M00748_P00278,7.79
M00748_P00286,6.77
M00749_P00443,0.0
M00749_P00448,0.0
M00749_P00452,0.0
M00749_P00462,0.0
M00749_P00463,0.0
M00749_P00465,0.0
M00749_P00468,6.34
M00749_P00835,0.0
M00749_P00840,6.24
M00749_P00844,0.0
M00749_P00847,6.54
M00749_P00848,0.0
M00749_P00856,6.25
M00750_P00266,6.08
M00750_P00271,5.9
M00750_P00278,6.72
M00750_P00286,0.0
M00750_P00732,0.0
M00750_P00738,6.62
M00750_P00742,5.91
M00750_P00744,6.4
M00750_P00747,7.76
M00750_P00753,0.0
M00751_P00515,6.3
M00751_P00807,0.0
M00751_P00812,7.12
M00751_P00819,6.46
M00751_P00826,6.78
M00751_P00827,6.69
M00752_P00423,0.0
M00752_P00424,5.96
M00752_P00425,6.48
M00752_P00426,0.0
M00752_P00431,6.71
M00752_P00436,0.0
M00752_P00440,0.0
M00752_P00611,0.0
M00752_P00618,6.43
M00752_P00619,6.4
M00752_P00622,6.34
M00753_P00991,0.0
M00753_P00993,5.9
M00753_P00997,0.0
M00753_P01000,6.41
M00753_P01010,6.0
M00753_P01041,0.0
M00753_P01042,5.52
M00753_P01048,0.0
M00753_P01049,6.58
M00753_P01051,6.3
M00753_P01055,6.01
M00753_P01063,0.0
M00753_P01064,6.38
M00754_P00157,6.02
M00754_P00159,0.0
M00754_P00164,0.0
M00754_P00169,0.0
M00754_P00171,6.76
M00754_P00175,6.34
M00754_P00241,6.14
M00754_P00244,0.0
M00754_P00245,6.48
M00754_P00248,5.64
M00754_P00255,6.77
M00754_P00260,6.94
M00755_P00549,0.0
M00755_P00552,5.75
M00755_P00554,6.52
M00755_P00561,0.0
M00755_P00562,5.6
M00755_P00568,6.21
M00755_P00655,7.58
M00755_P00662,6.52
M00755_P00666,6.62
M00755_P00668,5.96
M00755_P00669,6.88
M00755_P00673,6.86
M00755_P00674,0.0
M00756_P00549,0.0
M00756_P00552,0.0
M00756_P00554,0.0
M00756_P00561,7.98
M00756_P00562,6.56
M00756_P00568,0.0
M00756_P00761,6.54
M00756_P00772,5.68
M00757_P00991,0.0
M00757_P00993,0.0
M00757_P00997,0.0
M00757_P01000,0.0
M00757_P01010,6.04
M00757_P01070,0.0
M00757_P01074,0.0
M00757_P01082,0.0
M00758_P00529,5.34
M00758_P00535,0.0
M00758_P00536,4.98
M00758_P00542,0.0
M00758_P00543,0.0
M00758_P01020,0.0
M00758_P01034,5.34
M00758_P01037,0.0
M00758_P01038,5.41
M00759_P00529,6.12
M00759_P00535,5.79
M00759_P00536,6.57
M00759_P00542,0.0
M00759_P00543,0.0
M00759_P00782,0.0
M00759_P00786,0.0
M00759_P00788,6.4
M00759_P00797,0.0
M00759_P00803,0.0
M00760_P00478,0.0
M00760_P00479,6.41
M00760_P00486,7.6
M00760_P00491,5.26
M00760_P00529,0.0
M00760_P00535,6.38
M00760_P00536,5.71
M00760_P00542,5.9
M00760_P00543,6.38
M00761_P00391,0.0
M00761_P00399,5.3
M00761_P00410,0.0
M00761_P00416,0.0
M00761_P00940,6.48
M00761_P00948,0.0
M00761_P00950,6.92
M00761_P00951,0.0
M00761_P00959,6.78
M00761_P00962,0.0
M00762_P00443,0.0
M00762_P00448,0.0
M00762_P00452,6.42
M00762_P00462,6.7
M00762_P00463,7.23
M00762_P00465,6.52
M00762_P00468,7.13
M00762_P00678,0.0
M00762_P00679,6.2
M00762_P00680,5.52
M00762_P00681,5.62
M00762_P00683,0.0
M00762_P00694,0.0
M00763_P00313,0.0
M00763_P00324,5.65
M00763_P00329,4.82
M00763_P00333,0.0
M00763_P00334,0.0
M00763_P00940,0.0
M00763_P00948,0.0
M00763_P00950,5.82
M00763_P00951,0.0
M00763_P00959,5.76
M00763_P00962,6.24
M00764_P00922,0.0
M00764_P00927,6.4
M00764_P00931,6.02
M00764_P00935,5.84
M00764_P01120,5.81
M00765_P00345,6.18
M00765_P00347,0.0
M00765_P00351,0.0
M00765_P00353,5.32
M00765_P00359,6.42
M00765_P00362,0.0
M00765_P01177,6.66
M00765_P01182,4.66
M00765_P01184,0.0
M00765_P01193,6.5
M00765_P01196,5.65
M00766_P00108,0.0
M00766_P00110,0.0
M00766_P00114,7.04
M00766_P00124,7.11
M00766_P00129,5.7
M00766_P01146,6.22
M00766_P01157,6.1
M00766_P01166,6.59
M00766_P01169,7.36
M00767_P00807,0.0
M00767_P00812,8.09
M00767_P00819,0.0
M00767_P00826,6.86
M00767_P00827,7.22
M00767_P01120,0.0
M00768_P00391,0.0
M00768_P00399,5.96
M00768_P00410,6.87
M00768_P00416,0.0
M00768_P00443,0.0
M00768_P00448,6.38
M00768_P00452,0.0
M00768_P00462,7.36
M00768_P00463,6.85
M00768_P00465,6.98
M00768_P00468,6.64
M00769_P00705,0.0
M00769_P00707,6.6
M00769_P00716,7.03
M00769_P00718,0.0
M00769_P00724,5.2
M00769_P00728,6.6
M00769_P01177,0.0
M00769_P01182,5.63
M00769_P01184,6.14
M00769_P01193,5.96
M00769_P01196,6.78
M00770_P00108,0.0
M00770_P00110,5.25
M00770_P00114,0.0
M00770_P00124,0.0
M00770_P00129,5.66
M00770_P00761,0.0
M00770_P00772,6.6
M00771_P00655,0.0
M00771_P00662,0.0
M00771_P00666,6.47
M00771_P00668,6.97
M00771_P00669,6.16
M00771_P00673,5.72
M00771_P00674,6.46
M00771_P00965,0.0
M00771_P00966,6.89
M00771_P00975,7.1
M00771_P00978,6.52
M00771_P00980,0.0
M00771_P00986,0.0
M00772_P00055,0.0
M00772_P00057,5.44
M00772_P00059,6.07
M00772_P00064,0.0
M00772_P00066,0.0
M00772_P00071,6.26
M00772_P00077,0.0
M00772_P00888,0.0
M00772_P00889,0.0
M00772_P00893,5.68
M00772_P00894,6.2
M00772_P00895,6.65
M00772_P00901,6.06
M00772_P00909,6.08
M00773_P00888,7.03
M00773_P00889,5.34
M00773_P00893,5.18
M00773_P00894,5.86
M00773_P00895,5.92
M00773_P00901,0.0
M00773_P00909,6.08
M00773_P01146,0.0
M00773_P01157,5.61
M00773_P01166,0.0
M00773_P01169,0.0
M00774_P00157,0.0
M00774_P00159,5.82
M00774_P00164,0.0
M00774_P00169,6.44
M00774_P00171,0.0
M00774_P00175,5.74
M00774_P00423,6.98
M00774_P00424,5.82
M00774_P00425,0.0
M00774_P00426,0.0
M00774_P00431,5.85
M00774_P00436,5.83
M00774_P00440,5.78
M00775_P00266,0.0
M00775_P00271,6.3
M00775_P00278,7.54
M00775_P00286,0.0
M00775_P01099,4.7
M00775_P01107,0.0
M00775_P01108,6.28
M00775_P01109,6.06
M00775_P01114,6.1
M00775_P01118,6.34
M00776_P00940,5.54
M00776_P00948,7.03
M00776_P00950,5.65
M00776_P00951,7.17
M00776_P00959,0.0
M00776_P00962,7.06
M00776_P01099,0.0
M00776_P01107,4.43
M00776_P01108,0.0
M00776_P01109,0.0
M00776_P01114,0.0
M00776_P01118,6.61
M00777_P00549,5.22
M00777_P00552,5.73
M00777_P00554,0.0
M00777_P00561,0.0
M00777_P00562,5.71
M00777_P00568,5.93
M00777_P00732,6.22
M00777_P00738,0.0
M00777_P00742,0.0
M00777_P00744,6.02
M00777_P00747,7.32
M00777_P00753,4.94
M00778_P00157,0.0
M00778_P00159,6.33
M00778_P00164,5.52
M00778_P00169,0.0
M00778_P00171,0.0
M00778_P00175,6.27
M00778_P00443,6.08
M00778_P00448,5.34
M00778_P00452,0.0
M00778_P00462,0.0
M00778_P00463,7.67
M00778_P00465,0.0
M00778_P00468,6.84
M00779_P00611,5.32
M00779_P00618,0.0
M00779_P00619,6.66
M00779_P00622,6.74
M00779_P00732,5.72
M00779_P00738,6.16
M00779_P00742,0.0
M00779_P00744,0.0
M00779_P00747,7.54
M00779_P00753,6.76
M00780_P00965,5.93
M00780_P00966,0.0
M00780_P00975,6.38
M00780_P00978,0.0
M00780_P00980,0.0
M00780_P00986,7.6
M00780_P01120,0.0
M00781_P00032,6.86
M00781_P00044,0.0
M00781_P00045,5.63
M00781_P00050,6.26
M00781_P00052,5.26
M00781_P00574,0.0
M00781_P00579,0.0
M00781_P00582,6.66
M00781_P00584,6.02
M00781_P00586,0.0
M00781_P00590,6.26
M00782_P00478,0.0
M00782_P00479,6.86
M00782_P00486,0.0
M00782_P00491,0.0
M00782_P00705,0.0
M00782_P00707,0.0
M00782_P00716,5.83
M00782_P00718,5.98
M00782_P00724,0.0
M00782_P00728,0.0
M00783_P00241,0.0
M00783_P00244,6.46
M00783_P00245,6.9
M00783_P00248,0.0
M00783_P00255,7.68
M00783_P00260,6.3
M00783_P01201,5.94
M00783_P01209,5.72
M00783_P01210,0.0
M00783_P01211,6.56
M00783_P01214,5.78
M00784_P00549,0.0
M00784_P00552,4.42
M00784_P00554,0.0
M00784_P00561,7.61
M00784_P00562,6.89
M00784_P00568,5.21
M00784_P00782,6.2
M00784_P00786,6.27
M00784_P00788,0.0
M00784_P00797,6.11
M00784_P00803,0.0
M00785_P00782,6.56
M00785_P00786,5.8
M00785_P00788,7.76
M00785_P00797,6.14
M00785_P00803,0.0
M00785_P00863,5.76
M00785_P00880,5.96
M00785_P00882,0.0
M00786_P00157,0.0
M00786_P00159,6.04
M00786_P00164,0.0
M00786_P00169,6.66
M00786_P00171,5.52
M00786_P00175,0.0
M00786_P00761,7.6
M00786_P00772,5.48
M00787_P00108,0.0
M00787_P00110,6.91
M00787_P00114,0.0
M00787_P00124,0.0
M00787_P00129,0.0
M00787_P00529,5.69
M00787_P00535,5.59
M00787_P00536,0.0
M00787_P00542,0.0
M00787_P00543,7.0
M00788_P00185,6.02
M00788_P00193,0.0
M00788_P00197,0.0
M00788_P00199,5.7
M00788_P00200,6.94
M00788_P01177,0.0
M00788_P01182,0.0
M00788_P01184,0.0
M00788_P01193,6.48
M00788_P01196,6.76
M00789_P00157,0.0
M00789_P00159,6.7
M00789_P00164,0.0
M00789_P00169,0.0
M00789_P00171,5.07
M00789_P00175,0.0
M00789_P01070,5.78
M00789_P01074,5.69
M00789_P01082,0.0
M00790_P00391,0.0
M00790_P00399,5.82
M00790_P00410,0.0
M00790_P00416,0.0
M00790_P01223,0.0
M00790_P01234,6.92
M00790_P01236,0.0
M00790_P01241,0.0
M00790_P01242,6.33
M00791_P00266,0.0
M00791_P00271,0.0
M00791_P00278,6.88
M00791_P00286,0.0
M00791_P00922,6.94
M00791_P00927,5.88
M00791_P00931,5.38
M00791_P00935,5.66
M00792_P00368,5.22
M00792_P00372,7.62
M00792_P00378,0.0
M00792_P00382,0.0
M00792_P00383,0.0
M00792_P00761,6.97
M00792_P00772,5.98
M00793_P00287,0.0
M00793_P00290,0.0
M00793_P00291,5.07
M00793_P00295,7.06
M00793_P00297,0.0
M00793_P00298,5.82
M00793_P00299,0.0
M00793_P00304,6.38
M00793_P00307,5.96
M00793_P00309,0.0
M00793_P00310,5.56
M00793_P01070,6.09
M00793_P01074,7.23
M00793_P01082,0.0
M00794_P00032,6.93
M00794_P00044,6.94
M00794_P00045,0.0
M00794_P00050,0.0
M00794_P00052,6.32
M00794_P00655,0.0
M00794_P00662,0.0
M00794_P00666,0.0
M00794_P00668,6.56
M00794_P00669,0.0
M00794_P00673,0.0
M00794_P00674,6.07
M00795_P00732,6.71
M00795_P00738,5.26
M00795_P00742,6.52
M00795_P00744,6.26
M00795_P00747,0.0
M00795_P00753,6.27
M00795_P00991,0.0
M00795_P00993,5.4
M00795_P00997,0.0
M00795_P01000,5.88
M00795_P01010,5.96
M00796_P00011,6.21
M00796_P00024,6.37
M00796_P01201,6.12
M00796_P01209,5.84
M00796_P01210,0.0
M00796_P01211,0.0
M00796_P01214,6.15
M00797_P00443,0.0
M00797_P00448,0.0
M00797_P00452,5.94
M00797_P00462,4.85
M00797_P00463,6.28
M00797_P00465,7.56
M00797_P00468,6.82
M00797_P01201,5.82
M00797_P01209,6.07
M00797_P01210,5.66
M00797_P01211,6.68
M00797_P01214,5.84
M00798_P00157,0.0
M00798_P00159,5.96
M00798_P00164,5.62
M00798_P00169,0.0
M00798_P00171,7.62
M00798_P00175,0.0
M00798_P00940,5.27
M00798_P00948,0.0
M00798_P00950,0.0
M00798_P00951,6.13
M00798_P00959,6.46
M00798_P00962,0.0
M00799_P00529,0.0
M00799_P00535,5.94
M00799_P00536,5.52
M00799_P00542,5.83
M00799_P00543,6.77
M00799_P00611,6.54
M00799_P00618,0.0
M00799_P00619,0.0
M00799_P00622,5.68
M00800_P00185,0.0
M00800_P00193,5.16
M00800_P00197,0.0
M00800_P00199,6.42
M00800_P00200,5.43
M00800_P00443,0.0
M00800_P00448,6.01
M00800_P00452,0.0
M00800_P00462,5.9
M00800_P00463,6.54
M00800_P00465,0.0
M00800_P00468,5.82
M00801_P00863,6.14
M00801_P00880,6.2
M00801_P00882,0.0
M00801_P01070,0.0
M00801_P01074,6.83
M00801_P01082,4.94
M00802_P00655,5.56
M00802_P00662,6.34
M00802_P00666,0.0
M00802_P00668,0.0
M00802_P00669,5.68
M00802_P00673,6.2
M00802_P00674,6.03
M00802_P01020,6.23
M00802_P01034,6.54
M00802_P01037,4.94
M00802_P01038,5.63
M00803_P00574,0.0
M00803_P00579,0.0
M00803_P00582,5.94
M00803_P00584,0.0
M00803_P00586,0.0
M00803_P00590,6.9
M00803_P00611,6.63
M00803_P00618,0.0
M00803_P00619,5.52
M00803_P00622,6.24
M00804_P01120,5.75
M00804_P01201,0.0
M00804_P01209,5.8
M00804_P01210,6.58
M00804_P01211,6.76
M00804_P01214,6.38
M00805_P00209,0.0
M00805_P00210,6.84
M00805_P00211,0.0
M00805_P00219,5.66
M00805_P00221,0.0
M00805_P00222,0.0
M00805_P00232,0.0
M00805_P00234,0.0
M00805_P01120,6.22
M00806_P00391,0.0
M00806_P00399,6.49
M00806_P00410,0.0
M00806_P00416,7.04
M00806_P00529,0.0
M00806_P00535,6.64
M00806_P00536,6.42
M00806_P00542,0.0
M00806_P00543,6.3
M00807_P00611,0.0
M00807_P00618,0.0
M00807_P00619,0.0
M00807_P00622,6.22
M00807_P01177,6.31
M00807_P01182,6.0
M00807_P01184,6.44
M00807_P01193,0.0
M00807_P01196,6.38
M00808_P00678,0.0
M00808_P00679,6.24
M00808_P00680,0.0
M00808_P00681,5.12
M00808_P00683,6.32
M00808_P00694,5.76
M00808_P01020,0.0
M00808_P01034,5.59
M00808_P01037,0.0
M00808_P01038,0.0
M00809_P00287,0.0
M00809_P00290,5.64
M00809_P00291,5.76
M00809_P00295,0.0
M00809_P00297,0.0
M00809_P00298,6.94
M00809_P00299,5.16
M00809_P00304,5.68
M00809_P00307,7.17
M00809_P00309,0.0
M00809_P00310,6.38
M00809_P00705,0.0
M00809_P00707,5.24
M00809_P00716,0.0
M00809_P00718,7.62
M00809_P00724,5.7
M00809_P00728,0.0
M00810_P00266,0.0
M00810_P00271,0.0
M00810_P00278,7.58
M00810_P00286,7.06
M00810_P00922,6.62
M00810_P00927,6.21
M00810_P00931,4.78
M00810_P00935,0.0
M00811_P00209,0.0
M00811_P00210,0.0
M00811_P00211,5.74
M00811_P00219,0.0
M00811_P00221,6.84
M00811_P00222,5.58
M00811_P00232,6.08
M00811_P00234,6.84
M00811_P00313,0.0
M00811_P00324,6.19
M00811_P00329,5.65
M00811_P00333,6.18
M00811_P00334,6.6
M00812_P00079,7.07
M00812_P00082,5.54
M00812_P00087,6.84
M00812_P00097,6.4
M00812_P00102,5.77
M00812_P01020,0.0
M00812_P01034,0.0
M00812_P01037,5.68
M00812_P01038,6.04
M00813_P00209,0.0
M00813_P00210,6.68
M00813_P00211,0.0
M00813_P00219,0.0
M00813_P00221,6.36
M00813_P00222,6.66
M00813_P00232,6.17
M00813_P00234,0.0
M00813_P00807,0.0
M00813_P00812,0.0
M00813_P00819,6.52
M00813_P00826,6.61
M00813_P00827,0.0
M00814_P00835,0.0
M00814_P00840,0.0
M00814_P00844,0.0
M00814_P00847,5.35
M00814_P00848,6.68
M00814_P00856,0.0
M00814_P00922,0.0
M00814_P00927,7.12
M00814_P00931,0.0
M00814_P00935,6.04
M00815_P00678,0.0
M00815_P00679,6.86
M00815_P00680,0.0
M00815_P00681,6.29
M00815_P00683,0.0
M00815_P00694,6.81
M00815_P01146,6.79
M00815_P01157,0.0
M00815_P01166,0.0
M00815_P01169,4.93
M00816_P00732,5.98
M00816_P00738,5.6
M00816_P00742,5.7
M00816_P00744,6.41
M00816_P00747,0.0
M00816_P00753,0.0
M00816_P01177,5.76
M00816_P01182,5.6
M00816_P01184,0.0
M00816_P01193,0.0
M00816_P01196,5.58
M00817_P00136,7.02
M00817_P00141,6.76
M00817_P00148,0.0
M00817_P00156,6.52
M00817_P00965,6.66
M00817_P00966,0.0
M00817_P00975,7.16
M00817_P00978,6.94
M00817_P00980,0.0
M00817_P00986,0.0
M00818_P00055,0.0
M00818_P00057,0.0
M00818_P00059,0.0
M00818_P00064,6.46
M00818_P00066,7.2
M00818_P00071,5.63
M00818_P00077,6.24
M00818_P00478,5.35
M00818_P00479,0.0
M00818_P00486,0.0
M00818_P00491,6.3
M00819_P00478,6.56
M00819_P00479,0.0
M00819_P00486,0.0
M00819_P00491,5.54
M00819_P00888,0.0
M00819_P00889,5.4
M00819_P00893,5.91
M00819_P00894,6.71
M00819_P00895,5.57
M00819_P00901,7.26
M00819_P00909,6.66
M00820_P00807,0.0
M00820_P00812,7.33
M00820_P00819,6.42
M00820_P00826,6.34
M00820_P00827,0.0
M00820_P00940,5.58
M00820_P00948,6.2
M00820_P00950,0.0
M00820_P00951,6.57
M00820_P00959,0.0
M00820_P00962,7.05
M00821_P00185,5.56
M00821_P00193,7.15
M00821_P00197,5.48
M00821_P00199,0.0
M00821_P00200,0.0
M00821_P00940,0.0
M00821_P00948,0.0
M00821_P00950,7.1
M00821_P00951,0.0
M00821_P00959,5.3
M00821_P00962,7.35
M00822_P00055,0.0
M00822_P00057,6.59
M00822_P00059,6.0
M00822_P00064,5.15
M00822_P00066,8.1
M00822_P00071,7.44
M00822_P00077,6.98
M00822_P00888,6.3
M00822_P00889,6.21
M00822_P00893,6.64
M00822_P00894,0.0
M00822_P00895,6.84
M00822_P00901,6.68
M00822_P00909,6.58
M00823_P00345,0.0
M00823_P00347,6.57
M00823_P00351,6.0
M00823_P00353,0.0
M00823_P00359,6.95
M00823_P00362,7.21
M00823_P00888,0.0
M00823_P00889,5.79
M00823_P00893,5.04
M00823_P00894,6.76
M00823_P00895,0.0
M00823_P00901,7.62
M00823_P00909,0.0
M00824_P01070,5.74
M00824_P01074,5.76
M00824_P01082,5.36
M00824_P01223,0.0
M00824_P01234,7.17
M00824_P01236,6.77
M00824_P01241,0.0
M00824_P01242,0.0
M00825_P00055,5.04
M00825_P00057,0.0
M00825_P00059,0.0
M00825_P00064,0.0
M00825_P00066,7.74
M00825_P00071,0.0
M00825_P00077,6.94
M00825_P00515,0.0
M00826_P00136,6.54
M00826_P00141,7.38
M00826_P00148,6.64
M00826_P00156,0.0
M00826_P00574,0.0
M00826_P00579,6.24
M00826_P00582,0.0
M00826_P00584,5.28
M00826_P00586,6.4
M00826_P00590,6.35
M00827_P00345,0.0
M00827_P00347,6.03
M00827_P00351,5.86
M00827_P00353,0.0
M00827_P00359,0.0
M00827_P00362,5.15
M00827_P00391,6.58
M00827_P00399,5.74
M00827_P00410,5.4
M00827_P00416,5.51
M00828_P01020,0.0
M00828_P01034,0.0
M00828_P01037,5.81
M00828_P01038,0.0
M00828_P01177,0.0
M00828_P01182,0.0
M00828_P01184,6.03
M00828_P01193,5.87
M00828_P01196,7.05
M00829_P00266,0.0
M00829_P00271,6.94
M00829_P00278,0.0
M00829_P00286,0.0
M00829_P01041,0.0
M00829_P01042,5.88
M00829_P01048,0.0
M00829_P01049,0.0
M00829_P01051,5.29
M00829_P01055,5.62
M00829_P01063,0.0
M00829_P01064,0.0
M00830_P00079,0.0
M00830_P00082,5.77
M00830_P00087,0.0
M00830_P00097,0.0
M00830_P00102,6.46
M00830_P00345,0.0
M00830_P00347,0.0
M00830_P00351,5.99
M00830_P00353,0.0
M00830_P00359,6.51
M00830_P00362,0.0
M00831_P00443,6.82
M00831_P00448,0.0
M00831_P00452,5.17
M00831_P00462,5.94
M00831_P00463,5.51
M00831_P00465,0.0
M00831_P00468,0.0
M00831_P00888,0.0
M00831_P00889,5.97
M00831_P00893,0.0
M00831_P00894,6.88
M00831_P00895,6.42
M00831_P00901,6.82
M00831_P00909,0.0
M00832_P00529,0.0
M00832_P00535,5.83
M00832_P00536,6.5
M00832_P00542,0.0
M00832_P00543,7.64
M00832_P01201,6.18
M00832_P01209,6.28
M00832_P01210,0.0
M00832_P01211,0.0
M00832_P01214,5.64
M00833_P00443,5.7
M00833_P00448,5.36
M00833_P00452,5.46
M00833_P00462,5.58
M00833_P00463,0.0
M00833_P00465,6.68
M00833_P00468,6.33
M00833_P00940,5.31
M00833_P00948,6.3
M00833_P00950,6.4
M00833_P00951,0.0
M00833_P00959,5.68
M00833_P00962,5.94
M00834_P00209,6.86
M00834_P00210,0.0
M00834_P00211,0.0
M00834_P00219,5.18
M00834_P00221,5.66
M00834_P00222,0.0
M00834_P00232,5.49
M00834_P00234,7.51
M00834_P00705,6.28
M00834_P00707,5.56
M00834_P00716,0.0
M00834_P00718,0.0
M00834_P00724,5.44
M00834_P00728,0.0
M00835_P00209,0.0
M00835_P00210,7.27
M00835_P00211,0.0
M00835_P00219,5.47
M00835_P00221,7.07
M00835_P00222,6.4
M00835_P00232,5.92
M00835_P00234,7.8
M00835_P01070,5.19
M00835_P01074,0.0
M00835_P01082,6.42
M00836_P00241,0.0
M00836_P00244,6.01
M00836_P00245,6.34
M00836_P00248,0.0
M00836_P00255,7.13
M00836_P00260,6.73
M00836_P00391,0.0
M00836_P00399,0.0
M00836_P00410,6.18
M00836_P00416,6.8
M00837_P00391,0.0
M00837_P00399,7.19
M00837_P00410,6.06
M00837_P00416,6.06
M00837_P01146,6.32
M00837_P01157,5.71
M00837_P01166,0.0
M00837_P01169,5.12
M00838_P00241,5.96
M00838_P00244,6.43
M00838_P00245,6.3
M00838_P00248,0.0
M00838_P00255,0.0
M00838_P00260,6.96
M00838_P00965,0.0
M00838_P00966,5.77
M00838_P00975,6.56
M00838_P00978,0.0
M00838_P00980,6.39
M00838_P00986,0.0
M00839_P00678,0.0
M00839_P00679,6.86
M00839_P00680,0.0
M00839_P00681,0.0
M00839_P00683,5.54
M00839_P00694,6.82
M00839_P01041,0.0
M00839_P01042,0.0
M00839_P01048,0.0
M00839_P01049,6.74
M00839_P01051,6.08
M00839_P01055,6.84
M00839_P01063,0.0
M00839_P01064,0.0
M00840_P00108,5.79
M00840_P00110,5.97
M00840_P00114,7.7
M00840_P00124,6.44
M00840_P00129,6.06
M00840_P01070,6.24
M00840_P01074,5.96
M00840_P01082,5.24
M00841_P00655,5.53
M00841_P00662,0.0
M00841_P00666,0.0
M00841_P00668,6.72
M00841_P00669,5.68
M00841_P00673,7.13
M00841_P00674,6.26
M00841_P00863,0.0
M00841_P00880,6.66
M00841_P00882,0.0
M00842_P00611,0.0
M00842_P00618,0.0
M00842_P00619,6.52
M00842_P00622,0.0
M00842_P01146,7.38
M00842_P01157,0.0
M00842_P01166,6.65
M00842_P01169,0.0
M00843_P00529,0.0
M00843_P00535,5.94
M00843_P00536,5.82
M00843_P00542,6.01
M00843_P00543,6.96
M00843_P00991,7.75
M00843_P00993,4.62
M00843_P00997,0.0
M00843_P01000,5.99
M00843_P01010,6.29
M00844_P00761,6.45
M00844_P00772,0.0
M00844_P01201,6.24
M00844_P01209,6.06
M00844_P01210,5.82
M00844_P01211,0.0
M00844_P01214,6.0
M00845_P00108,6.42
M00845_P00110,6.42
M00845_P00114,6.95
M00845_P00124,6.36
M00845_P00129,6.99
M00845_P00922,5.59
M00845_P00927,6.62
M00845_P00931,5.73
M00845_P00935,6.63
M00846_P00345,5.66
M00846_P00347,7.06
M00846_P00351,6.35
M00846_P00353,6.58
M00846_P00359,6.18
M00846_P00362,6.32
M00846_P00705,5.98
M00846_P00707,0.0
M00846_P00716,0.0
M00846_P00718,0.0
M00846_P00724,0.0
M00846_P00728,6.99
M00847_P00478,5.77
M00847_P00479,7.16
M00847_P00486,0.0
M00847_P00491,6.02
M00847_P00529,0.0
M00847_P00535,0.0
M00847_P00536,0.0
M00847_P00542,0.0
M00847_P00543,6.26
M00848_P00807,5.66
M00848_P00812,7.98
M00848_P00819,0.0
M00848_P00826,0.0
M00848_P00827,7.18
M00848_P00940,5.82
M00848_P00948,5.92
M00848_P00950,6.58
M00848_P00951,6.64
M00848_P00959,0.0
M00848_P00962,7.08
M00849_P00079,7.14
M00849_P00082,0.0
M00849_P00087,6.7
M00849_P00097,6.28
M00849_P00102,0.0
M00849_P01120,6.44
M00850_P00761,7.77
M00850_P00772,0.0
M00850_P01041,0.0
M00850_P01042,0.0
M00850_P01048,5.74
M00850_P01049,7.93
M00850_P01051,0.0
M00850_P01055,5.64
M00850_P01063,0.0
M00850_P01064,5.72
M00851_P00266,7.0
M00851_P00271,4.82
M00851_P00278,7.9
M00851_P00286,6.45
M00851_P00761,6.28
M00851_P00772,6.04
M00852_P00313,0.0
M00852_P00324,0.0
M00852_P00329,6.66
M00852_P00333,0.0
M00852_P00334,0.0
M00852_P00705,5.69
M00852_P00707,6.2
M00852_P00716,6.06
M00852_P00718,7.96
M00852_P00724,0.0
M00852_P00728,5.63
M00853_P00515,5.66
M00853_P01070,6.3
M00853_P01074,6.44
M00853_P01082,6.96
M00854_P00136,6.72
M00854_P00141,8.04
M00854_P00148,0.0
M00854_P00156,6.8
M00854_P01099,6.28
M00854_P01107,0.0
M00854_P01108,6.36
M00854_P01109,4.98
M00854_P01114,7.06
M00854_P01118,0.0
M00855_P00136,6.84
M00855_P00141,7.64
M00855_P00148,7.13
M00855_P00156,0.0
M00855_P00625,0.0
M00855_P00630,6.22
M00855_P00632,5.44
M00855_P00635,0.0
M00855_P00644,6.4
M00855_P00645,0.0
M00855_P00650,5.97
M00856_P00079,0.0
M00856_P00082,5.32
M00856_P00087,6.94
M00856_P00097,6.7
M00856_P00102,5.6
M00856_P00678,5.86
M00856_P00679,0.0
M00856_P00680,0.0
M00856_P00681,6.02
M00856_P00683,0.0
M00856_P00694,6.27
M00857_P01146,7.44
M00857_P01157,4.98
M00857_P01166,6.26
M00857_P01169,6.96
M00857_P01201,0.0
M00857_P01209,0.0
M00857_P01210,0.0
M00857_P01211,0.0
M00857_P01214,0.0
M00858_P00705,0.0
M00858_P00707,6.28
M00858_P00716,0.0
M00858_P00718,0.0
M00858_P00724,0.0
M00858_P00728,6.32
M00858_P01099,0.0
M00858_P01107,0.0
M00858_P01108,6.37
M00858_P01109,0.0
M00858_P01114,6.7
M00858_P01118,0.0
M00859_P00011,0.0
M00859_P00024,0.0
M00859_P00368,0.0
M00859_P00372,0.0
M00859_P00378,6.24
M00859_P00382,5.44
M00859_P00383,0.0
M00860_P00209,6.68
M00860_P00210,0.0
M00860_P00211,0.0
M00860_P00219,6.06
M00860_P00221,0.0
M00860_P00222,6.0
M00860_P00232,5.43
M00860_P00234,0.0
M00860_P00991,7.06
M00860_P00993,0.0
M00860_P00997,6.39
M00860_P01000,5.8
M00860_P01010,0.0
M00861_P00011,0.0
M00861_P00024,0.0
M00861_P00032,0.0
M00861_P00044,7.54
M00861_P00045,0.0
M00861_P00050,0.0
M00861_P00052,6.56
M00862_P00185,0.0
M00862_P00193,5.92
M00862_P00197,5.4
M00862_P00199,6.11
M00862_P00200,5.57
M00862_P00732,0.0
M00862_P00738,4.87
M00862_P00742,0.0
M00862_P00744,6.27
M00862_P00747,0.0
M00862_P00753,5.87
M00863_P00108,0.0
M00863_P00110,5.24
M00863_P00114,7.44
M00863_P00124,0.0
M00863_P00129,5.6
M00863_P00782,0.0
M00863_P00786,0.0
M00863_P00788,0.0
M00863_P00797,6.4
M00863_P00803,0.0
M00864_P00136,6.72
M00864_P00141,0.0
M00864_P00148,6.6
M00864_P00156,0.0
M00864_P01223,0.0
M00864_P01234,0.0
M00864_P01236,0.0
M00864_P01241,5.78
M00864_P01242,6.18
M00865_P00529,0.0
M00865_P00535,0.0
M00865_P00536,5.37
M00865_P00542,6.14
M00865_P00543,6.62
M00865_P00625,6.6
M00865_P00630,0.0
M00865_P00632,6.63
M00865_P00635,5.67
M00865_P00644,0.0
M00865_P00645,0.0
M00865_P00650,6.79
M00866_P00209,0.0
M00866_P00210,7.66
M00866_P00211,0.0
M00866_P00219,5.69
M00866_P00221,6.13
M00866_P00222,0.0
M00866_P00232,0.0
M00866_P00234,8.41
M00866_P00625,0.0
M00866_P00630,4.75
M00866_P00632,6.12
M00866_P00635,0.0
M00866_P00644,0.0
M00866_P00645,6.88
M00866_P00650,0.0
M00867_P00108,0.0
M00867_P00110,6.35
M00867_P00114,6.82
M00867_P00124,6.98
M00867_P00129,5.94
M00867_P00888,5.68
M00867_P00889,0.0
M00867_P00893,5.37
M00867_P00894,5.96
M00867_P00895,6.79
M00867_P00901,0.0
M00867_P00909,0.0
M00868_P01020,0.0
M00868_P01034,5.13
M00868_P01037,0.0
M00868_P01038,6.34
M00868_P01099,0.0
M00868_P01107,6.7
M00868_P01108,0.0
M00868_P01109,6.89
M00868_P01114,5.54
M00868_P01118,0.0
M00869_P00574,0.0
M00869_P00579,6.72
M00869_P00582,6.79
M00869_P00584,6.5
M00869_P00586,5.69
M00869_P00590,6.74
M00869_P01223,0.0
M00869_P01234,0.0
M00869_P01236,6.06
M00869_P01241,6.76
M00869_P01242,5.55
M00870_P00678,0.0
M00870_P00679,7.61
M00870_P00680,7.16
M00870_P00681,6.0
M00870_P00683,0.0
M00870_P00694,0.0
M00870_P01041,0.0
M00870_P01042,6.43
M00870_P01048,0.0
M00870_P01049,6.33
M00870_P01051,0.0
M00870_P01055,0.0
M00870_P01063,5.22
M00870_P01064,5.76
M00871_P00136,6.58
M00871_P00141,6.58
M00871_P00148,5.7
M00871_P00156,6.8
M00871_P00345,0.0
M00871_P00347,0.0
M00871_P00351,0.0
M00871_P00353,0.0
M00871_P00359,6.91
M00871_P00362,0.0
M00872_P00185,0.0
M00872_P00193,0.0
M00872_P00197,6.23
M00872_P00199,0.0
M00872_P00200,6.55
M00872_P00991,7.18
M00872_P00993,0.0
M00872_P00997,5.5
M00872_P01000,6.41
M00872_P01010,5.94
M00873_P00574,0.0
M00873_P00579,0.0
M00873_P00582,0.0
M00873_P00584,6.18
M00873_P00586,6.13
M00873_P00590,6.98
M00873_P00732,5.87
M00873_P00738,5.79
M00873_P00742,0.0
M00873_P00744,6.28
M00873_P00747,7.44
M00873_P00753,6.87
M00874_P00391,0.0
M00874_P00399,0.0
M00874_P00410,0.0
M00874_P00416,6.62
M00874_P00478,5.46
M00874_P00479,0.0
M00874_P00486,6.12
M00874_P00491,0.0
M00875_P00391,0.0
M00875_P00399,0.0
M00875_P00410,6.78
M00875_P00416,0.0
M00875_P00940,6.26
M00875_P00948,0.0
M00875_P00950,6.66
M00875_P00951,6.02
M00875_P00959,6.32
M00875_P00962,0.0
M00876_P00032,6.37
M00876_P00044,5.94
M00876_P00045,6.9
M00876_P00050,0.0
M00876_P00052,0.0
M00876_P01146,0.0
M00876_P01157,5.77
M00876_P01166,0.0
M00876_P01169,6.7
M00877_P00345,0.0
M00877_P00347,0.0
M00877_P00351,6.72
M00877_P00353,6.38
M00877_P00359,0.0
M00877_P00362,0.0
M00877_P00888,0.0
M00877_P00889,6.37
M00877_P00893,5.78
M00877_P00894,6.14
M00877_P00895,0.0
M00877_P00901,6.59
M00877_P00909,0.0
M00878_P00655,5.77
M00878_P00662,0.0
M00878_P00666,0.0
M00878_P00668,5.42
M00878_P00669,6.08
M00878_P00673,0.0
M00878_P00674,0.0
M00878_P01223,4.96
M00878_P01234,0.0
M00878_P01236,0.0
M00878_P01241,6.36
M00878_P01242,6.34
M00879_P00391,0.0
M00879_P00399,0.0
M00879_P00410,0.0
M00879_P00416,5.92
M00879_P00835,0.0
M00879_P00840,6.5
M00879_P00844,5.5
M00879_P00847,5.34
M00879_P00848,6.4
M00879_P00856,6.84
M00880_P00391,5.34
M00880_P00399,0.0
M00880_P00410,6.02
M00880_P00416,0.0
M00880_P00835,0.0
M00880_P00840,0.0
M00880_P00844,6.13
M00880_P00847,5.3
M00880_P00848,0.0
M00880_P00856,0.0
M00881_P00011,0.0
M00881_P00024,7.24
M00881_P00863,0.0
M00881_P00880,5.7
M00881_P00882,0.0
M00882_P00209,0.0
M00882_P00210,7.21
M00882_P00211,0.0
M00882_P00219,5.88
M00882_P00221,6.04
M00882_P00222,6.46
M00882_P00232,0.0
M00882_P00234,6.99
M00882_P00655,0.0
M00882_P00662,6.19
M00882_P00666,6.74
M00882_P00668,0.0
M00882_P00669,6.64
M00882_P00673,7.62
M00882_P00674,5.3
M00883_P00611,6.28
M00883_P00618,6.37
M00883_P00619,0.0
M00883_P00622,6.24
M00883_P00922,5.84
M00883_P00927,0.0
M00883_P00931,5.3
M00883_P00935,6.58
M00884_P00108,5.9
M00884_P00110,0.0
M00884_P00114,6.74
M00884_P00124,0.0
M00884_P00129,6.0
M00884_P00782,0.0
M00884_P00786,0.0
M00884_P00788,6.96
M00884_P00797,0.0
M00884_P00803,7.45
M00885_P00011,6.28
M00885_P00024,5.32
M00885_P00443,0.0
M00885_P00448,0.0
M00885_P00452,0.0
M00885_P00462,6.22
M00885_P00463,0.0
M00885_P00465,0.0
M00885_P00468,0.0
M00886_P00079,0.0
M00886_P00082,0.0
M00886_P00087,7.26
M00886_P00097,5.44
M00886_P00102,5.32
M00886_P00678,6.14
M00886_P00679,0.0
M00886_P00680,6.18
M00886_P00681,0.0
M00886_P00683,0.0
M00886_P00694,0.0
M00887_P01041,0.0
M00887_P01042,4.94
M00887_P01048,6.58
M00887_P01049,7.2
M00887_P01051,0.0
M00887_P01055,5.73
M00887_P01063,0.0
M00887_P01064,6.65
M00887_P01201,0.0
M00887_P01209,5.94
M00887_P01210,0.0
M00887_P01211,6.73
M00887_P01214,6.05
M00888_P00705,0.0
M00888_P00707,6.2
M00888_P00716,0.0
M00888_P00718,6.9
M00888_P00724,6.76
M00888_P00728,6.74
M00888_P01177,5.44
M00888_P01182,0.0
M00888_P01184,0.0
M00888_P01193,6.05
M00888_P01196,0.0
M00889_P00888,0.0
M00889_P00889,0.0
M00889_P00893,5.94
M00889_P00894,7.0
M00889_P00895,6.36
M00889_P00901,6.32
M00889_P00909,5.93
M00889_P01041,0.0
M00889_P01042,0.0
M00889_P01048,0.0
M00889_P01049,0.0
M00889_P01051,6.69
M00889_P01055,0.0
M00889_P01063,7.24
M00889_P01064,0.0
M00890_P00136,7.46
M00890_P00141,6.67
M00890_P00148,5.37
M00890_P00156,6.37
M00890_P00443,0.0
M00890_P00448,0.0
M00890_P00452,6.36
M00890_P00462,0.0
M00890_P00463,6.43
M00890_P00465,5.86
M00890_P00468,5.4
M00891_P00345,0.0
M00891_P00347,0.0
M00891_P00351,5.8
M00891_P00353,6.34
M00891_P00359,6.95
M00891_P00362,0.0
M00891_P00835,6.94
M00891_P00840,0.0
M00891_P00844,5.3
M00891_P00847,5.9
M00891_P00848,0.0
M00891_P00856,6.06
M00892_P00655,6.68
M00892_P00662,5.99
M00892_P00666,6.39
M00892_P00668,6.56
M00892_P00669,7.18
M00892_P00673,6.04
M00892_P00674,0.0
M00892_P00991,0.0
M00892_P00993,0.0
M00892_P00997,0.0
M00892_P01000,6.28
M00892_P01010,0.0
M00893_P00515,0.0
M00893_P01177,5.2
M00893_P01182,5.08
M00893_P01184,0.0
M00893_P01193,0.0
M00893_P01196,6.78
M00894_P00079,0.0
M00894_P00082,5.77
M00894_P00087,6.02
M00894_P00097,6.57
M00894_P00102,0.0
M00894_P00423,7.64
M00894_P00424,6.4
M00894_P00425,0.0
M00894_P00426,6.68
M00894_P00431,6.01
M00894_P00436,0.0
M00894_P00440,5.92
M00895_P00185,0.0
M00895_P00193,0.0
M00895_P00197,0.0
M00895_P00199,6.96
M00895_P00200,5.9
M00895_P00782,0.0
M00895_P00786,0.0
M00895_P00788,0.0
M00895_P00797,6.66
M00895_P00803,6.32
M00896_P00515,5.29
M00896_P01120,0.0
M00897_P00011,5.46
M00897_P00024,0.0
M00897_P00185,0.0
M00897_P00193,6.24
M00897_P00197,5.52
M00897_P00199,6.7
M00897_P00200,6.14
M00898_P00011,0.0
M00898_P00024,6.04
M00898_P01146,7.62
M00898_P01157,0.0
M00898_P01166,5.91
M00898_P01169,0.0
M00899_P00574,5.4
M00899_P00579,0.0
M00899_P00582,6.24
M00899_P00584,0.0
M00899_P00586,5.67
M00899_P00590,6.63
M00899_P00888,0.0
M00899_P00889,7.16
M00899_P00893,0.0
M00899_P00894,5.47
M00899_P00895,6.16
M00899_P00901,7.32
M00899_P00909,0.0
M00900_P00266,0.0
M00900_P00271,0.0
M00900_P00278,6.64
M00900_P00286,0.0
M00900_P00625,0.0
M00900_P00630,0.0
M00900_P00632,5.99
M00900_P00635,5.32
M00900_P00644,0.0
M00900_P00645,0.0
M00900_P00650,5.85
M00901_P00185,0.0
M00901_P00193,6.21
M00901_P00197,6.48
M00901_P00199,0.0
M00901_P00200,5.78
M00901_P01201,6.43
M00901_P01209,4.08
M00901_P01210,0.0
M00901_P01211,0.0
M00901_P01214,0.0
M00902_P00549,5.94
M00902_P00552,5.39
M00902_P00554,0.0
M00902_P00561,0.0
M00902_P00562,0.0
M00902_P00568,5.14
M00902_P00732,6.22
M00902_P00738,0.0
M00902_P00742,0.0
M00902_P00744,5.68
M00902_P00747,7.25
M00902_P00753,5.82
M00903_P00423,7.12
M00903_P00424,0.0
M00903_P00425,6.64
M00903_P00426,0.0
M00903_P00431,0.0
M00903_P00436,0.0
M00903_P00440,6.12
M00903_P01201,5.94
M00903_P01209,0.0
M00903_P01210,0.0
M00903_P01211,0.0
M00903_P01214,5.77
M00904_P00761,0.0
M00904_P00772,5.85
M00904_P00807,0.0
M00904_P00812,7.63
M00904_P00819,5.56
M00904_P00826,6.46
M00904_P00827,0.0
M00905_P00079,0.0
M00905_P00082,0.0
M00905_P00087,6.09
M00905_P00097,6.43
M00905_P00102,6.07
M00905_P00835,5.6
M00905_P00840,0.0
M00905_P00844,5.78
M00905_P00847,6.02
M00905_P00848,5.68
M00905_P00856,0.0
M00906_P00266,6.66
M00906_P00271,0.0
M00906_P00278,7.34
M00906_P00286,6.58
M00906_P00611,4.81
M00906_P00618,6.02
M00906_P00619,0.0
M00906_P00622,5.21
M00907_P00940,0.0
M00907_P00948,6.5
M00907_P00950,0.0
M00907_P00951,6.77
M00907_P00959,0.0
M00907_P00962,7.44
M00907_P01146,0.0
M00907_P01157,5.93
M00907_P01166,6.81
M00907_P01169,5.7
M00908_P00368,6.22
M00908_P00372,0.0
M00908_P00378,0.0
M00908_P00382,0.0
M00908_P00383,5.98
M00908_P00863,5.01
M00908_P00880,6.32
M00908_P00882,7.26
M00909_P00011,0.0
M00909_P00024,0.0
M00909_P00423,6.8
M00909_P00424,0.0
M00909_P00425,0.0
M00909_P00426,0.0
M00909_P00431,6.02
M00909_P00436,6.46
M00909_P00440,6.32
M00910_P00611,0.0
M00910_P00618,0.0
M00910_P00619,0.0
M00910_P00622,0.0
M00910_P00655,0.0
M00910_P00662,6.28
M00910_P00666,0.0
M00910_P00668,0.0
M00910_P00669,6.94
M00910_P00673,6.48
M00910_P00674,6.06
M00911_P00055,0.0
M00911_P00057,5.32
M00911_P00059,6.2
M00911_P00064,0.0
M00911_P00066,7.06
M00911_P00071,5.78
M00911_P00077,0.0
M00911_P00940,6.55
M00911_P00948,0.0
M00911_P00950,5.99
M00911_P00951,6.72
M00911_P00959,5.45
M00911_P00962,6.82
M00912_P00368,6.14
M00912_P00372,7.11
M00912_P00378,5.43
M00912_P00382,5.99
M00912_P00383,0.0
M00912_P00549,5.2
M00912_P00552,6.15
M00912_P00554,6.24
M00912_P00561,7.18
M00912_P00562,5.32
M00912_P00568,0.0
M00913_P00529,6.07
M00913_P00535,0.0
M00913_P00536,5.76
M00913_P00542,6.48
M00913_P00543,0.0
M00913_P01201,5.21
M00913_P01209,6.78
M00913_P01210,5.8
M00913_P01211,0.0
M00913_P01214,5.92
M00914_P00611,0.0
M00914_P00618,6.38
M00914_P00619,6.06
M00914_P00622,5.17
M00914_P00940,6.34
M00914_P00948,5.76
M00914_P00950,6.84
M00914_P00951,6.75
M00914_P00959,6.51
M00914_P00962,6.35
M00915_P00287,0.0
M00915_P00290,5.42
M00915_P00291,0.0
M00915_P00295,7.38
M00915_P00297,0.0
M00915_P00298,6.03
M00915_P00299,5.48
M00915_P00304,0.0
M00915_P00307,0.0
M00915_P00309,6.02
M00915_P00310,5.62
M00915_P00391,0.0
M00915_P00399,0.0
M00915_P00410,0.0
M00915_P00416,6.9
M00916_P00108,4.27
M00916_P00110,6.24
M00916_P00114,7.52
M00916_P00124,5.92
M00916_P00129,0.0
M00916_P00655,0.0
M00916_P00662,5.74
M00916_P00666,6.28
M00916_P00668,0.0
M00916_P00669,0.0
M00916_P00673,6.24
M00916_P00674,0.0
M00917_P00515,0.0
M00917_P00549,0.0
M00917_P00552,0.0
M00917_P00554,0.0
M00917_P00561,7.86
M00917_P00562,6.22
M00917_P00568,0.0
M00918_P00011,6.14
M00918_P00024,5.72
M00918_P00625,6.08
M00918_P00630,6.3
M00918_P00632,6.95
M00918_P00635,6.52
M00918_P00644,7.22
M00918_P00645,0.0
M00918_P00650,6.58
M00919_P00515,4.92
M00919_P00940,5.34
M00919_P00948,0.0
M00919_P00950,0.0
M00919_P00951,6.6
M00919_P00959,0.0
M00919_P00962,6.49
M00920_P00611,6.43
M00920_P00618,6.34
M00920_P00619,0.0
M00920_P00622,0.0
M00920_P00761,6.23
M00920_P00772,5.48
M00921_P00313,0.0
M00921_P00324,7.1
M00921_P00329,6.25
M00921_P00333,5.9
M00921_P00334,0.0
M00921_P01223,5.18
M00921_P01234,6.06
M00921_P01236,5.45
M00921_P01241,0.0
M00921_P01242,5.21
M00922_P00011,0.0
M00922_P00024,6.78
M00922_P00241,5.22
M00922_P00244,0.0
M00922_P00245,6.31
M00922_P00248,7.16
M00922_P00255,0.0
M00922_P00260,6.32
M00923_P00368,4.46
M00923_P00372,7.34
M00923_P00378,6.4
M00923_P00382,5.81
M00923_P00383,6.68
M00923_P00922,7.55
M00923_P00927,5.93
M00923_P00931,5.62
M00923_P00935,0.0
M00924_P00011,6.04
M00924_P00024,6.13
M00924_P00549,6.61
M00924_P00552,0.0
M00924_P00554,6.66
M00924_P00561,7.8
M00924_P00562,6.28
M00924_P00568,0.0
M00925_P01201,5.82
M00925_P01209,6.19
M00925_P01210,5.22
M00925_P01211,6.27
M00925_P01214,0.0
M00925_P01223,5.46
M00925_P01234,6.72
M00925_P01236,5.77
M00925_P01241,6.71
M00925_P01242,6.01
M00926_P00345,6.44
M00926_P00347,5.98
M00926_P00351,6.24
M00926_P00353,0.0
M00926_P00359,6.5
M00926_P00362,6.2
M00926_P00888,0.0
M00926_P00889,5.16
M00926_P00893,5.58
M00926_P00894,0.0
M00926_P00895,0.0
M00926_P00901,0.0
M00926_P00909,6.54
M00927_P00079,7.28
M00927_P00082,0.0
M00927_P00087,0.0
M00927_P00097,0.0
M00927_P00102,0.0
M00927_P00807,0.0
M00927_P00812,0.0
M00927_P00819,0.0
M00927_P00826,6.62
M00927_P00827,7.66
M00928_P00055,0.0
M00928_P00057,5.68
M00928_P00059,5.92
M00928_P00064,5.65
M00928_P00066,6.78
M00928_P00071,0.0
M00928_P00077,5.84
M00928_P00136,6.76
M00928_P00141,7.64
M00928_P00148,5.96
M00928_P00156,0.0
M00929_P00611,0.0
M00929_P00618,0.0
M00929_P00619,5.71
M00929_P00622,0.0
M00929_P01146,7.44
M00929_P01157,6.41
M00929_P01166,0.0
M00929_P01169,5.5
M00930_P00157,6.19
M00930_P00159,0.0
M00930_P00164,0.0
M00930_P00169,0.0
M00930_P00171,6.9
M00930_P00175,0.0
M00930_P00965,6.31
M00930_P00966,0.0
M00930_P00975,6.44
M00930_P00978,0.0
M00930_P00980,0.0
M00930_P00986,0.0
M00931_P00655,6.2
M00931_P00662,5.8
M00931_P00666,0.0
M00931_P00668,0.0
M00931_P00669,5.78
M00931_P00673,6.64
M00931_P00674,0.0
M00931_P01041,0.0
M00931_P01042,6.0
M00931_P01048,6.34
M00931_P01049,6.76
M00931_P01051,6.52
M00931_P01055,0.0
M00931_P01063,5.6
M00931_P01064,0.0
M00932_P00705,0.0
M00932_P00707,6.62
M00932_P00716,7.72
M00932_P00718,7.52
M00932_P00724,0.0
M00932_P00728,0.0
M00932_P01120,4.67
M00933_P00423,0.0
M00933_P00424,6.52
M00933_P00425,5.4
M00933_P00426,4.76
M00933_P00431,5.87
M00933_P00436,5.58
M00933_P00440,0.0
M00933_P00478,5.18
M00933_P00479,0.0
M00933_P00486,5.76
M00933_P00491,6.57
M00934_P00529,0.0
M00934_P00535,5.56
M00934_P00536,0.0
M00934_P00542,5.33
M00934_P00543,0.0
M00934_P01146,0.0
M00934_P01157,5.42
M00934_P01166,0.0
M00934_P01169,5.8
M00935_P00368,5.38
M00935_P00372,0.0
M00935_P00378,6.06
M00935_P00382,0.0
M00935_P00383,6.89
M00935_P00443,0.0
M00935_P00448,6.28
M00935_P00452,6.33
M00935_P00462,6.56
M00935_P00463,6.95
M00935_P00465,5.68
M00935_P00468,6.26
M00936_P00209,5.7
M00936_P00210,0.0
M00936_P00211,0.0
M00936_P00219,5.28
M00936_P00221,5.62
M00936_P00222,6.48
M00936_P00232,0.0
M00936_P00234,8.46
M00936_P00991,6.7
M00936_P00993,6.02
M00936_P00997,0.0
M00936_P01000,6.55
M00936_P01010,0.0
M00937_P00157,6.54
M00937_P00159,0.0
M00937_P00164,6.32
M00937_P00169,5.43
M00937_P00171,7.06
M00937_P00175,0.0
M00937_P00287,0.0
M00937_P00290,5.92
M00937_P00291,5.36
M00937_P00295,0.0
M00937_P00297,5.37
M00937_P00298,5.16
M00937_P00299,0.0
M00937_P00304,6.23
M00937_P00307,6.41
M00937_P00309,7.2
M00937_P00310,5.9
M00938_P00529,5.24
M00938_P00535,6.39
M00938_P00536,5.78
M00938_P00542,0.0
M00938_P00543,6.46
M00938_P00705,0.0
M00938_P00707,0.0
M00938_P00716,6.17
M00938_P00718,0.0
M00938_P00724,0.0
M00938_P00728,0.0
M00939_P00345,6.24
M00939_P00347,0.0
M00939_P00351,0.0
M00939_P00353,5.88
M00939_P00359,6.54
M00939_P00362,5.77
M00939_P00761,0.0
M00939_P00772,5.76
M00940_P00185,5.68
M00940_P00193,5.78
M00940_P00197,0.0
M00940_P00199,6.53
M00940_P00200,0.0
M00940_P00423,0.0
M00940_P00424,6.54
M00940_P00425,6.66
M00940_P00426,5.49
M00940_P00431,5.76
M00940_P00436,0.0
M00940_P00440,6.3
M00941_P00515,4.93
M00941_P01120,0.0
M00942_P00345,0.0
M00942_P00347,6.46
M00942_P00351,7.34
M00942_P00353,6.51
M00942_P00359,0.0
M00942_P00362,5.7
M00942_P00549,0.0
M00942_P00552,0.0
M00942_P00554,0.0
M00942_P00561,6.28
M00942_P00562,5.22
M00942_P00568,6.2
M00943_P00391,0.0
M00943_P00399,6.4
M00943_P00410,0.0
M00943_P00416,0.0
M00943_P01177,6.08
M00943_P01182,0.0
M00943_P01184,6.64
M00943_P01193,6.62
M00943_P01196,0.0
M00944_P00079,0.0
M00944_P00082,0.0
M00944_P00087,5.68
M00944_P00097,5.82
M00944_P00102,6.04
M00944_P00835,6.35
M00944_P00840,4.64
M00944_P00844,5.82
M00944_P00847,0.0
M00944_P00848,6.22
M00944_P00856,5.94
M00945_P00287,0.0
M00945_P00290,6.04
M00945_P00291,5.86
M00945_P00295,0.0
M00945_P00297,5.3
M00945_P00298,5.45
M00945_P00299,0.0
M00945_P00304,0.0
M00945_P00307,6.62
M00945_P00309,5.46
M00945_P00310,0.0
M00945_P00423,7.96
M00945_P00424,0.0
M00945_P00425,0.0
M00945_P00426,5.14
M00945_P00431,0.0
M00945_P00436,0.0
M00945_P00440,6.56
M00946_P00732,6.4
M00946_P00738,0.0
M00946_P00742,0.0
M00946_P00744,5.98
M00946_P00747,7.16
M00946_P00753,6.89
M00946_P00940,0.0
M00946_P00948,5.56
M00946_P00950,6.65
M00946_P00951,6.69
M00946_P00959,0.0
M00946_P00962,6.81
M00947_P00157,0.0
M00947_P00159,0.0
M00947_P00164,0.0
M00947_P00169,5.08
M00947_P00171,0.0
M00947_P00175,5.8
M00947_P00782,0.0
M00947_P00786,4.4
M00947_P00788,0.0
M00947_P00797,5.7
M00947_P00803,0.0
M00948_P00011,0.0
M00948_P00024,5.4
M00948_P00185,0.0
M00948_P00193,6.96
M00948_P00197,5.46
M00948_P00199,0.0
M00948_P00200,0.0
M00949_P00209,0.0
M00949_P00210,8.05
M00949_P00211,0.0
M00949_P00219,0.0
M00949_P00221,6.61
M00949_P00222,0.0
M00949_P00232,0.0
M00949_P00234,7.32
M00949_P00345,5.58
M00949_P00347,6.49
M00949_P00351,6.24
M00949_P00353,6.33
M00949_P00359,6.06
M00949_P00362,4.91
M00950_P01041,0.0
M00950_P01042,6.16
M00950_P01048,5.53
M00950_P01049,0.0
M00950_P01051,5.99
M00950_P01055,6.27
M00950_P01063,6.05
M00950_P01064,6.8
M00950_P01120,0.0
M00951_P00965,0.0
M00951_P00966,6.06
M00951_P00975,7.31
M00951_P00978,6.62
M00951_P00980,0.0
M00951_P00986,6.86
M00951_P00991,8.06
M00951_P00993,5.7
M00951_P00997,6.36
M00951_P01000,0.0
M00951_P01010,6.52
M00952_P00032,6.6
M00952_P00044,7.04
M00952_P00045,6.62
M00952_P00050,6.98
M00952_P00052,0.0
M00952_P00136,0.0
M00952_P00141,6.76
M00952_P00148,5.34
M00952_P00156,6.66
M00953_P00136,7.91
M00953_P00141,0.0
M00953_P00148,6.77
M00953_P00156,0.0
M00953_P00209,0.0
M00953_P00210,0.0
M00953_P00211,5.3
M00953_P00219,0.0
M00953_P00221,6.96
M00953_P00222,6.2
M00953_P00232,5.9
M00953_P00234,0.0
M00954_P00055,6.58
M00954_P00057,0.0
M00954_P00059,5.82
M00954_P00064,5.85
M00954_P00066,0.0
M00954_P00071,6.15
M00954_P00077,0.0
M00954_P00782,0.0
M00954_P00786,5.84
M00954_P00788,0.0
M00954_P00797,7.38
M00954_P00803,5.38
M00955_P00705,0.0
M00955_P00707,0.0
M00955_P00716,6.48
M00955_P00718,0.0
M00955_P00724,6.22
M00955_P00728,6.7
M00955_P00940,5.91
M00955_P00948,7.06
M00955_P00950,6.2
M00955_P00951,5.54
M00955_P00959,0.0
M00955_P00962,6.36
M00956_P00032,5.96
M00956_P00044,5.74
M00956_P00045,0.0
M00956_P00050,5.76
M00956_P00052,0.0
M00956_P00807,6.45
M00956_P00812,7.16
M00956_P00819,0.0
M00956_P00826,5.84
M00956_P00827,7.44
M00957_P00287,0.0
M00957_P00290,6.44
M00957_P00291,5.43
M00957_P00295,6.94
M00957_P00297,0.0
M00957_P00298,5.08
M00957_P00299,4.8
M00957_P00304,5.6
M00957_P00307,5.92
M00957_P00309,5.26
M00957_P00310,0.0
M00957_P00611,0.0
M00957_P00618,0.0
M00957_P00619,0.0
M00957_P00622,0.0
M00958_P00443,0.0
M00958_P00448,0.0
M00958_P00452,6.18
M00958_P00462,0.0
M00958_P00463,6.16
M00958_P00465,6.91
M00958_P00468,5.86
M00958_P00478,6.0
M00958_P00479,6.62
M00958_P00486,6.3
M00958_P00491,6.12
M00959_P00055,0.0
M00959_P00057,6.8
M00959_P00059,6.24
M00959_P00064,0.0
M00959_P00066,7.57
M00959_P00071,6.1
M00959_P00077,6.69
M00959_P01041,0.0
M00959_P01042,7.26
M00959_P01048,6.3
M00959_P01049,7.86
M00959_P01051,5.12
M00959_P01055,0.0
M00959_P01063,6.72
M00959_P01064,5.92
M00960_P00478,6.16
M00960_P00479,7.12
M00960_P00486,0.0
M00960_P00491,0.0
M00960_P01070,6.14
M00960_P01074,0.0
M00960_P01082,0.0
M00961_P00782,5.94
M00961_P00786,5.48
M00961_P00788,7.64
M00961_P00797,6.12
M00961_P00803,6.06
M00961_P00922,0.0
M00961_P00927,6.06
M00961_P00931,4.94
M00961_P00935,0.0
M00962_P00443,0.0
M00962_P00448,5.4
M00962_P00452,6.28
M00962_P00462,0.0
M00962_P00463,0.0
M00962_P00465,6.44
M00962_P00468,6.11
M00962_P00655,0.0
M00962_P00662,5.26
M00962_P00666,6.82
M00962_P00668,5.5
M00962_P00669,6.23
M00962_P00673,0.0
M00962_P00674,0.0
M00963_P00313,0.0
M00963_P00324,6.64
M00963_P00329,5.6
M00963_P00333,6.58
M00963_P00334,0.0
M00963_P01099,0.0
M00963_P01107,0.0
M00963_P01108,6.64
M00963_P01109,5.82
M00963_P01114,0.0
M00963_P01118,6.06
M00964_P00888,0.0
M00964_P00889,6.08
M00964_P00893,5.22
M00964_P00894,5.34
M00964_P00895,6.12
M00964_P00901,0.0
M00964_P00909,6.56
M00964_P01041,0.0
M00964_P01042,0.0
M00964_P01048,0.0
M00964_P01049,0.0
M00964_P01051,6.32
M00964_P01055,0.0
M00964_P01063,5.83
M00964_P01064,6.01
M00965_P00625,0.0
M00965_P00630,6.27
M00965_P00632,6.46
M00965_P00635,0.0
M00965_P00644,7.34
M00965_P00645,0.0
M00965_P00650,0.0
M00965_P01201,0.0
M00965_P01209,0.0
M00965_P01210,0.0
M00965_P01211,6.9
M00965_P01214,6.26
M00966_P00807,6.02
M00966_P00812,0.0
M00966_P00819,7.63
M00966_P00826,6.07
M00966_P00827,0.0
M00966_P00888,5.7
M00966_P00889,5.88
M00966_P00893,0.0
M00966_P00894,0.0
M00966_P00895,0.0
M00966_P00901,8.16
M00966_P00909,0.0
M00967_P00443,6.12
M00967_P00448,5.5
M00967_P00452,6.74
M00967_P00462,0.0
M00967_P00463,5.88
M00967_P00465,6.76
M00967_P00468,5.53
M00967_P00625,0.0
M00967_P00630,6.46
M00967_P00632,7.26
M00967_P00635,0.0
M00967_P00644,6.04
M00967_P00645,6.82
M00967_P00650,6.46
M00968_P00529,5.36
M00968_P00535,0.0
M00968_P00536,5.78
M00968_P00542,6.32
M00968_P00543,0.0
M00968_P01020,0.0
M00968_P01034,6.52
M00968_P01037,5.82
M00968_P01038,6.96
M00969_P00079,6.06
M00969_P00082,0.0
M00969_P00087,0.0
M00969_P00097,6.46
M00969_P00102,5.48
M00969_P00443,0.0
M00969_P00448,0.0
M00969_P00452,0.0
M00969_P00462,0.0
M00969_P00463,5.98
M00969_P00465,0.0
M00969_P00468,6.66
M00970_P00368,5.06
M00970_P00372,6.6
M00970_P00378,5.54
M00970_P00382,7.29
M00970_P00383,7.04
M00970_P00965,0.0
M00970_P00966,0.0
M00970_P00975,0.0
M00970_P00978,0.0
M00970_P00980,6.36
M00970_P00986,6.48
M00971_P00391,0.0
M00971_P00399,6.14
M00971_P00410,0.0
M00971_P00416,0.0
M00971_P01120,5.79
M00972_P00079,0.0
M00972_P00082,6.32
M00972_P00087,5.94
M00972_P00097,5.82
M00972_P00102,0.0
M00972_P00888,0.0
M00972_P00889,5.44
M00972_P00893,5.94
M00972_P00894,0.0
M00972_P00895,6.9
M00972_P00901,0.0
M00972_P00909,6.9
M00973_P00625,0.0
M00973_P00630,6.1
M00973_P00632,6.54
M00973_P00635,6.72
M00973_P00644,0.0
M00973_P00645,5.9
M00973_P00650,0.0
M00973_P00940,6.28
M00973_P00948,5.43
M00973_P00950,6.33
M00973_P00951,0.0
M00973_P00959,6.22
M00973_P00962,0.0
M00974_P00287,0.0
M00974_P00290,7.18
M00974_P00291,5.66
M00974_P00295,7.68
M00974_P00297,0.0
M00974_P00298,6.42
M00974_P00299,6.88
M00974_P00304,6.96
M00974_P00307,5.88
M00974_P00309,0.0
M00974_P00310,0.0
M00974_P00423,7.42
M00974_P00424,0.0
M00974_P00425,5.54
M00974_P00426,0.0
M00974_P00431,5.19
M00974_P00436,6.12
M00974_P00440,0.0
M00975_P01146,6.91
M00975_P01157,0.0
M00975_P01166,6.62
M00975_P01169,5.8
M00975_P01223,6.64
M00975_P01234,0.0
M00975_P01236,0.0
M00975_P01241,0.0
M00975_P01242,4.78
M00976_P01146,0.0
M00976_P01157,0.0
M00976_P01166,6.61
M00976_P01169,5.94
M00976_P01177,6.18
M00976_P01182,0.0
M00976_P01184,5.95
M00976_P01193,5.38
M00976_P01196,0.0
M00977_P00313,0.0
M00977_P00324,6.56
M00977_P00329,5.54
M00977_P00333,6.7
M00977_P00334,6.34
M00977_P00940,5.62
M00977_P00948,5.18
M00977_P00950,7.22
M00977_P00951,6.0
M00977_P00959,0.0
M00977_P00962,6.44
M00978_P00287,6.44
M00978_P00290,6.55
M00978_P00291,5.18
M00978_P00295,6.78
M00978_P00297,5.68
M00978_P00298,0.0
M00978_P00299,5.32
M00978_P00304,6.41
M00978_P00307,6.04
M00978_P00309,0.0
M00978_P00310,7.12
M00978_P00835,6.12
M00978_P00840,5.82
M00978_P00844,5.9
M00978_P00847,0.0
M00978_P00848,0.0
M00978_P00856,0.0
M00979_P00079,7.15
M00979_P00082,6.35
M00979_P00087,6.72
M00979_P00097,7.46
M00979_P00102,5.93
M00979_P00391,0.0
M00979_P00399,5.8
M00979_P00410,5.72
M00979_P00416,5.54
M00980_P00032,0.0
M00980_P00044,7.34
M00980_P00045,5.14
M00980_P00050,0.0
M00980_P00052,5.74
M00980_P00888,0.0
M00980_P00889,4.72
M00980_P00893,5.48
M00980_P00894,6.16
M00980_P00895,0.0
M00980_P00901,0.0
M00980_P00909,0.0
M00981_P00549,0.0
M00981_P00552,5.88
M00981_P00554,0.0
M00981_P00561,7.12
M00981_P00562,5.78
M00981_P00568,6.97
M00981_P01041,0.0
M00981_P01042,0.0
M00981_P01048,5.68
M00981_P01049,8.3
M00981_P01051,0.0
M00981_P01055,6.83
M00981_P01063,0.0
M00981_P01064,6.73
M00982_P00549,0.0
M00982_P00552,4.89
M00982_P00554,7.9
M00982_P00561,0.0
M00982_P00562,6.79
M00982_P00568,6.07
M00982_P01201,0.0
M00982_P01209,6.12
M00982_P01210,6.1
M00982_P01211,0.0
M00982_P01214,6.05
M00983_P00032,6.19
M00983_P00044,6.86
M00983_P00045,0.0
M00983_P00050,0.0
M00983_P00052,0.0
M00983_P00079,7.55
M00983_P00082,0.0
M00983_P00087,0.0
M00983_P00097,0.0
M00983_P00102,6.46
M00984_P00185,5.8
M00984_P00193,0.0
M00984_P00197,5.6
M00984_P00199,6.74
M00984_P00200,0.0
M00984_P00888,6.9
M00984_P00889,0.0
M00984_P00893,0.0
M00984_P00894,6.3
M00984_P00895,5.67
M00984_P00901,7.16
M00984_P00909,5.65
M00985_P00611,6.3
M00985_P00618,0.0
M00985_P00619,0.0
M00985_P00622,0.0
M00985_P01201,6.05
M00985_P01209,6.06
M00985_P01210,6.2
M00985_P01211,7.56
M00985_P01214,5.98
M00986_P00157,5.46
M00986_P00159,0.0
M00986_P00164,0.0
M00986_P00169,6.04
M00986_P00171,0.0
M00986_P00175,6.15
M00986_P00965,0.0
M00986_P00966,6.4
M00986_P00975,7.01
M00986_P00978,0.0
M00986_P00980,0.0
M00986_P00986,0.0
M00987_P00209,0.0
M00987_P00210,7.16
M00987_P00211,0.0
M00987_P00219,0.0
M00987_P00221,0.0
M00987_P00222,5.36
M00987_P00232,5.42
M00987_P00234,0.0
M00987_P00529,6.75
M00987_P00535,6.8
M00987_P00536,6.2
M00987_P00542,0.0
M00987_P00543,0.0
M00988_P00807,6.65
M00988_P00812,7.14
M00988_P00819,5.86
M00988_P00826,6.28
M00988_P00827,6.72
M00988_P01041,6.34
M00988_P01042,0.0
M00988_P01048,6.55
M00988_P01049,7.28
M00988_P01051,6.56
M00988_P01055,5.51
M00988_P01063,0.0
M00988_P01064,0.0
M00989_P00287,0.0
M00989_P00290,4.76
M00989_P00291,6.05
M00989_P00295,7.05
M00989_P00297,6.92
M00989_P00298,0.0
M00989_P00299,6.58
M00989_P00304,0.0
M00989_P00307,5.7
M00989_P00309,6.6
M00989_P00310,0.0
M00989_P01201,5.01
M00989_P01209,0.0
M00989_P01210,5.6
M00989_P01211,0.0
M00989_P01214,0.0
M00990_P00368,5.53
M00990_P00372,6.24
M00990_P00378,4.98
M00990_P00382,0.0
M00990_P00383,5.5
M00990_P01120,0.0
M00991_P00515,6.08
M00991_P00625,6.47
M00991_P00630,5.73
M00991_P00632,6.35
M00991_P00635,0.0
M00991_P00644,0.0
M00991_P00645,6.22
M00991_P00650,6.14
M00992_P00209,5.57
M00992_P00210,0.0
M00992_P00211,0.0
M00992_P00219,0.0
M00992_P00221,6.73
M00992_P00222,0.0
M00992_P00232,7.04
M00992_P00234,7.24
M00992_P00313,0.0
M00992_P00324,6.72
M00992_P00329,6.98
M00992_P00333,6.64
M00992_P00334,6.94
M00993_P00940,5.24
M00993_P00948,4.99
M00993_P00950,6.63
M00993_P00951,5.4
M00993_P00959,0.0
M00993_P00962,6.8
M00993_P01146,0.0
M00993_P01157,6.73
M00993_P01166,0.0
M00993_P01169,5.59
M00994_P00287,0.0
M00994_P00290,5.65
M00994_P00291,0.0
M00994_P00295,6.82
M00994_P00297,6.15
M00994_P00298,0.0
M00994_P00299,6.22
M00994_P00304,5.34
M00994_P00307,0.0
M00994_P00309,5.75
M00994_P00310,0.0
M00994_P01020,7.62
M00994_P01034,5.28
M00994_P01037,6.66
M00994_P01038,5.94
M00995_P00940,5.9
M00995_P00948,6.67
M00995_P00950,0.0
M00995_P00951,6.22
M00995_P00959,5.15
M00995_P00962,0.0
M00995_P01041,0.0
M00995_P01042,0.0
M00995_P01048,5.49
M00995_P01049,0.0
M00995_P01051,6.67
M00995_P01055,6.54
M00995_P01063,5.62
M00995_P01064,5.09
M00996_P00241,0.0
M00996_P00244,5.14
M00996_P00245,7.35
M00996_P00248,0.0
M00996_P00255,7.56
M00996_P00260,0.0
M00996_P00574,0.0
M00996_P00579,0.0
M00996_P00582,7.18
M00996_P00584,6.48
M00996_P00586,0.0
M00996_P00590,0.0
M00997_P00391,0.0
M00997_P00399,0.0
M00997_P00410,6.68
M00997_P00416,0.0
M00997_P00611,0.0
M00997_P00618,5.88
M00997_P00619,5.51
M00997_P00622,6.78
M00998_P00136,7.69
M00998_P00141,0.0
M00998_P00148,0.0
M00998_P00156,0.0
M00998_P01041,0.0
M00998_P01042,6.51
M00998_P01048,5.98
M00998_P01049,7.74
M00998_P01051,6.96
M00998_P01055,4.72
M00998_P01063,6.09
M00998_P01064,5.84
M00999_P00011,6.08
M00999_P00024,7.06
M00999_P00732,6.25
M00999_P00738,0.0
M00999_P00742,6.66
M00999_P00744,0.0
M00999_P00747,7.54
M00999_P00753,5.14
M01000_P00391,0.0
M01000_P00399,7.1
M01000_P00410,0.0
M01000_P00416,7.02
M01000_P01177,6.74
M01000_P01182,6.14
M01000_P01184,0.0
M01000_P01193,0.0
M01000_P01196,6.48
M01001_P00157,6.67
M01001_P00159,0.0
M01001_P00164,5.3
M01001_P00169,6.2
M01001_P00171,5.51
M01001_P00175,6.65
M01001_P00423,0.0
M01001_P00424,5.2
M01001_P00425,7.26
M01001_P00426,0.0
M01001_P00431,5.55
M01001_P00436,0.0
M01001_P00440,5.19
M01002_P00079,0.0
M01002_P00082,0.0
M01002_P00087,6.16
M01002_P00097,6.71
M01002_P00102,6.1
M01002_P00655,6.03
M01002_P00662,4.88
M01002_P00666,6.13
M01002_P00668,0.0
M01002_P00669,0.0
M01002_P00673,5.86
M01002_P00674,5.48
M01003_P00266,7.08
M01003_P00271,6.82
M01003_P00278,6.76
M01003_P00286,0.0
M01003_P00705,4.74
M01003_P00707,6.38
M01003_P00716,7.21
M01003_P00718,7.92
M01003_P00724,4.92
M01003_P00728,0.0
M01004_P00574,0.0
M01004_P00579,0.0
M01004_P00582,0.0
M01004_P00584,6.96
M01004_P00586,0.0
M01004_P00590,6.39
M01004_P00922,5.64
M01004_P00927,5.55
M01004_P00931,0.0
M01004_P00935,7.06
M01005_P00782,0.0
M01005_P00786,0.0
M01005_P00788,7.38
M01005_P00797,0.0
M01005_P00803,5.22
M01005_P00965,5.63
M01005_P00966,6.34
M01005_P00975,7.37
M01005_P00978,0.0
M01005_P00980,0.0
M01005_P00986,0.0
M01006_P00266,0.0
M01006_P00271,0.0
M01006_P00278,0.0
M01006_P00286,0.0
M01006_P00761,5.9
M01006_P00772,6.44
M01007_P00032,0.0
M01007_P00044,7.65
M01007_P00045,0.0
M01007_P00050,5.42
M01007_P00052,7.16
M01007_P00478,0.0
M01007_P00479,7.38
M01007_P00486,7.28
M01007_P00491,6.7
M01008_P00108,5.66
M01008_P00110,0.0
M01008_P00114,7.68
M01008_P00124,7.2
M01008_P00129,6.29
M01008_P00157,5.34
M01008_P00159,0.0
M01008_P00164,0.0
M01008_P00169,0.0
M01008_P00171,6.24
M01008_P00175,6.26
M01009_P00266,0.0
M01009_P00271,6.34
M01009_P00278,0.0
M01009_P00286,0.0
M01009_P00625,0.0
M01009_P00630,6.04
M01009_P00632,6.39
M01009_P00635,5.59
M01009_P00644,0.0
M01009_P00645,6.36
M01009_P00650,0.0
M01010_P00136,7.02
M01010_P00141,7.32
M01010_P00148,0.0
M01010_P00156,7.4
M01010_P00922,0.0
M01010_P00927,6.03
M01010_P00931,0.0
M01010_P00935,6.82
M01011_P00032,6.61
M01011_P00044,6.72
M01011_P00045,5.41
M01011_P00050,0.0
M01011_P00052,0.0
M01011_P01177,6.1
M01011_P01182,5.94
M01011_P01184,6.02
M01011_P01193,6.74
M01011_P01196,6.0
M01012_P00705,0.0
M01012_P00707,6.3
M01012_P00716,7.14
M01012_P00718,5.68
M01012_P00724,5.8
M01012_P00728,0.0
M01012_P00991,7.05
M01012_P00993,5.81
M01012_P00997,6.57
M01012_P01000,0.0
M01012_P01010,0.0
M01013_P00157,0.0
M01013_P00159,6.1
M01013_P00164,6.78
M01013_P00169,0.0
M01013_P00171,5.18
M01013_P00175,5.94
M01013_P00574,6.13
M01013_P00579,0.0
M01013_P00582,0.0
M01013_P00584,6.78
M01013_P00586,6.04
M01013_P00590,0.0
M01014_P00678,0.0
M01014_P00679,0.0
M01014_P00680,5.83
M01014_P00681,0.0
M01014_P00683,5.7
M01014_P00694,5.72
M01014_P01177,0.0
M01014_P01182,0.0
M01014_P01184,6.89
M01014_P01193,0.0
M01014_P01196,6.61
M01015_P00478,6.16
M01015_P00479,5.98
M01015_P00486,6.62
M01015_P00491,6.85
M01015_P01099,0.0
M01015_P01107,0.0
M01015_P01108,6.66
M01015_P01109,0.0
M01015_P01114,5.45
M01015_P01118,7.21
M01016_P00079,0.0
M01016_P00082,6.14
M01016_P00087,5.78
M01016_P00097,7.5
M01016_P00102,5.42
M01016_P00157,0.0
M01016_P00159,0.0
M01016_P00164,0.0
M01016_P00169,6.24
M01016_P00171,0.0
M01016_P00175,5.86
M01017_P00079,7.29
M01017_P00082,6.4
M01017_P00087,0.0
M01017_P00097,7.02
M01017_P00102,0.0
M01017_P00241,0.0
M01017_P00244,5.0
M01017_P00245,6.69
M01017_P00248,0.0
M01017_P00255,0.0
M01017_P00260,6.27
M01018_P00136,7.9
M01018_P00141,5.74
M01018_P00148,5.24
M01018_P00156,6.21
M01018_P00705,0.0
M01018_P00707,5.98
M01018_P00716,0.0
M01018_P00718,6.84
M01018_P00724,6.76
M01018_P00728,0.0
M01019_P00157,0.0
M01019_P00159,5.44
M01019_P00164,0.0
M01019_P00169,7.03
M01019_P00171,7.68
M01019_P00175,0.0
M01019_P00313,0.0
M01019_P00324,5.88
M01019_P00329,0.0
M01019_P00333,7.08
M01019_P00334,6.3
M01020_P00266,6.34
M01020_P00271,0.0
M01020_P00278,7.1
M01020_P00286,6.79
M01020_P01070,5.54
M01020_P01074,0.0
M01020_P01082,0.0
M01021_P00185,0.0
M01021_P00193,6.32
M01021_P00197,0.0
M01021_P00199,0.0
M01021_P00200,6.3
M01021_P00782,0.0
M01021_P00786,6.3
M01021_P00788,0.0
M01021_P00797,6.1
M01021_P00803,0.0
M01022_P00782,6.13
M01022_P00786,0.0
M01022_P00788,7.62
M01022_P00797,6.7
M01022_P00803,0.0
M01022_P00835,6.56
M01022_P00840,0.0
M01022_P00844,6.39
M01022_P00847,6.07
M01022_P00848,5.0
M01022_P00856,0.0
M01023_P00136,0.0
M01023_P00141,0.0
M01023_P00148,0.0
M01023_P00156,6.4
M01023_P01099,6.98
M01023_P01107,5.3
M01023_P01108,5.78
M01023_P01109,0.0
M01023_P01114,0.0
M01023_P01118,6.8
M01024_P00287,6.22
M01024_P00290,5.93
M01024_P00291,5.81
M01024_P00295,8.04
M01024_P00297,5.56
M01024_P00298,5.37
M01024_P00299,0.0
M01024_P00304,0.0
M01024_P00307,5.48
M01024_P00309,0.0
M01024_P00310,7.57
M01024_P00625,0.0
M01024_P00630,6.24
M01024_P00632,5.96
M01024_P00635,5.34
M01024_P00644,7.54
M01024_P00645,0.0
M01024_P00650,0.0
M01025_P00287,0.0
M01025_P00290,0.0
M01025_P00291,4.62
M01025_P00295,0.0
M01025_P00297,6.2
M01025_P00298,6.46
M01025_P00299,5.82
M01025_P00304,6.13
M01025_P00307,6.45
M01025_P00309,0.0
M01025_P00310,0.0
M01025_P00761,6.1
M01025_P00772,6.06
M01026_P00732,5.65
M01026_P00738,6.18
M01026_P00742,6.57
M01026_P00744,0.0
M01026_P00747,0.0
M01026_P00753,0.0
M01026_P00782,0.0
M01026_P00786,6.07
M01026_P00788,0.0
M01026_P00797,6.14
M01026_P00803,0.0
M01027_P00443,0.0
M01027_P00448,6.2
M01027_P00452,5.44
M01027_P00462,6.7
M01027_P00463,0.0
M01027_P00465,6.43
M01027_P00468,5.34
M01027_P00965,6.19
M01027_P00966,0.0
M01027_P00975,6.76
M01027_P00978,7.02
M01027_P00980,0.0
M01027_P00986,7.47
M01028_P01099,0.0
M01028_P01107,0.0
M01028_P01108,7.18
M01028_P01109,6.28
M01028_P01114,0.0
M01028_P01118,0.0
M01028_P01146,0.0
M01028_P01157,0.0
M01028_P01166,5.88
M01028_P01169,0.0
M01029_P00574,0.0
M01029_P00579,4.86
M01029_P00582,0.0
M01029_P00584,6.4
M01029_P00586,6.44
M01029_P00590,6.58
M01029_P01099,5.87
M01029_P01107,5.88
M01029_P01108,7.33
M01029_P01109,0.0
M01029_P01114,0.0
M01029_P01118,6.78
M01030_P00368,6.83
M01030_P00372,6.18
M01030_P00378,0.0
M01030_P00382,5.35
M01030_P00383,6.39
M01030_P00965,0.0
M01030_P00966,0.0
M01030_P00975,6.88
M01030_P00978,0.0
M01030_P00980,7.09
M01030_P00986,7.46
M01031_P00625,0.0
M01031_P00630,5.7
M01031_P00632,0.0
M01031_P00635,6.67
M01031_P00644,5.5
M01031_P00645,7.23
M01031_P00650,0.0
M01031_P00888,0.0
M01031_P00889,5.83
M01031_P00893,4.39
M01031_P00894,6.1
M01031_P00895,6.27
M01031_P00901,0.0
M01031_P00909,0.0
M01032_P00391,0.0
M01032_P00399,0.0
M01032_P00410,6.78
M01032_P00416,7.48
M01032_P00940,5.34
M01032_P00948,7.08
M01032_P00950,6.34
M01032_P00951,0.0
M01032_P00959,0.0
M01032_P00962,0.0
M01033_P00136,0.0
M01033_P00141,0.0
M01033_P00148,6.37
M01033_P00156,6.89
M01033_P00678,0.0
M01033_P00679,7.28
M01033_P00680,0.0
M01033_P00681,6.82
M01033_P00683,7.26
M01033_P00694,6.54
M01034_P00835,0.0
M01034_P00840,4.93
M01034_P00844,0.0
M01034_P00847,5.42
M01034_P00848,6.26
M01034_P00856,6.66
M01034_P00965,6.81
M01034_P00966,0.0
M01034_P00975,5.81
M01034_P00978,7.55
M01034_P00980,6.36
M01034_P00986,0.0
M01035_P00185,0.0
M01035_P00193,0.0
M01035_P00197,0.0
M01035_P00199,5.18
M01035_P00200,6.13
M01035_P00761,5.26
M01035_P00772,0.0
M01036_P00313,5.82
M01036_P00324,6.22
M01036_P00329,5.61
M01036_P00333,0.0
M01036_P00334,0.0
M01036_P00345,0.0
M01036_P00347,6.05
M01036_P00351,0.0
M01036_P00353,0.0
M01036_P00359,0.0
M01036_P00362,5.46
M01037_P00136,0.0
M01037_P00141,7.6
M01037_P00148,7.03
M01037_P00156,6.06
M01037_P00705,0.0
M01037_P00707,6.18
M01037_P00716,0.0
M01037_P00718,6.76
M01037_P00724,0.0
M01037_P00728,0.0
M01038_P00313,6.52
M01038_P00324,0.0
M01038_P00329,5.15
M01038_P00333,6.43
M01038_P00334,7.03
M01038_P01070,6.38
M01038_P01074,7.02
M01038_P01082,6.42
M01039_P00529,6.36
M01039_P00535,5.66
M01039_P00536,5.38
M01039_P00542,5.86
M01039_P00543,0.0
M01039_P01223,0.0
M01039_P01234,0.0
M01039_P01236,0.0
M01039_P01241,5.22
M01039_P01242,5.63
M01040_P00625,0.0
M01040_P00630,5.48
M01040_P00632,0.0
M01040_P00635,6.56
M01040_P00644,5.58
M01040_P00645,6.62
M01040_P00650,6.32
M01040_P00940,0.0
M01040_P00948,6.79
M01040_P00950,7.18
M01040_P00951,0.0
M01040_P00959,6.2
M01040_P00962,7.07
M01041_P00443,7.04
M01041_P00448,5.07
M01041_P00452,5.88
M01041_P00462,6.22
M01041_P00463,6.71
M01041_P00465,0.0
M01041_P00468,0.0
M01041_P00888,0.0
M01041_P00889,0.0
M01041_P00893,5.66
M01041_P00894,0.0
M01041_P00895,0.0
M01041_P00901,7.43
M01041_P00909,0.0
M01042_P01020,0.0
M01042_P01034,0.0
M01042_P01037,6.24
M01042_P01038,0.0
M01042_P01146,0.0
M01042_P01157,0.0
M01042_P01166,0.0
M01042_P01169,0.0
M01043_P00185,5.74
M01043_P00193,0.0
M01043_P00197,6.5
M01043_P00199,5.46
M01043_P00200,0.0
M01043_P00705,5.61
M01043_P00707,0.0
M01043_P00716,5.9
M01043_P00718,0.0
M01043_P00724,0.0
M01043_P00728,7.02
M01044_P00940,5.8
M01044_P00948,7.31
M01044_P00950,5.48
M01044_P00951,0.0
M01044_P00959,0.0
M01044_P00962,7.02
M01044_P00991,0.0
M01044_P00993,6.38
M01044_P00997,5.9
M01044_P01000,0.0
M01044_P01010,6.82
M01045_P00157,5.64
M01045_P00159,0.0
M01045_P00164,6.28
M01045_P00169,6.26
M01045_P00171,0.0
M01045_P00175,5.77
M01045_P00965,6.92
M01045_P00966,5.52
M01045_P00975,0.0
M01045_P00978,7.38
M01045_P00980,0.0
M01045_P00986,0.0
M01046_P00478,6.23
M01046_P00479,6.46
M01046_P00486,6.57
M01046_P00491,0.0
M01046_P00922,6.7
M01046_P00927,6.0
M01046_P00931,6.69
M01046_P00935,5.9
M01047_P00423,6.1
M01047_P00424,5.27
M01047_P00425,0.0
M01047_P00426,0.0
M01047_P00431,4.99
M01047_P00436,5.75
M01047_P00440,6.32
M01047_P00655,7.3
M01047_P00662,6.04
M01047_P00666,7.1
M01047_P00668,0.0
M01047_P00669,6.84
M01047_P00673,7.01
M01047_P00674,6.2
M01048_P00940,5.66
M01048_P00948,0.0
M01048_P00950,6.0
M01048_P00951,0.0
M01048_P00959,0.0
M01048_P00962,6.47
M01048_P01020,6.26
M01048_P01034,5.36
M01048_P01037,0.0
M01048_P01038,6.85
M01049_P00287,0.0
M01049_P00290,0.0
M01049_P00291,5.46
M01049_P00295,0.0
M01049_P00297,5.3
M01049_P00298,5.76
M01049_P00299,5.34
M01049_P00304,5.07
M01049_P00307,6.16
M01049_P00309,0.0
M01049_P00310,6.01
M01049_P00478,0.0
M01049_P00479,7.94
M01049_P00486,0.0
M01049_P00491,5.36
M01050_P00991,0.0
M01050_P00993,4.61
M01050_P00997,5.6
M01050_P01000,5.81
M01050_P01010,5.98
M01050_P01020,7.63
M01050_P01034,0.0
M01050_P01037,7.52
M01050_P01038,0.0
