Id,Player Rating
M00001_P00055,5.28
M00001_P00057,0.0
M00001_P00059,5.69
M00001_P00064,0.0
M00001_P00066,8.16
M00001_P00071,6.64
M00001_P00077,0.0
M00001_P01223,0.0
M00001_P01234,0.0
M00001_P01236,0.0
M00001_P01241,7.39
M00001_P01242,0.0
M00002_P00136,7.08
M00002_P00141,6.54
M00002_P00148,0.0
M00002_P00156,5.96
M00002_P00625,0.0
M00002_P00630,6.8
M00002_P00632,5.64
M00002_P00635,7.31
M00002_P00644,0.0
M00002_P00645,0.0
M00002_P00650,5.89
M00003_P01020,7.4
M00003_P01034,5.0
M00003_P01037,6.73
M00003_P01038,5.87
M00003_P01041,5.88
M00003_P01042,0.0
M00003_P01048,6.14
M00003_P01049,0.0
M00003_P01051,0.0
M00003_P01055,0.0
M00003_P01063,6.03
M00003_P01064,5.54
M00004_P00108,0.0
M00004_P00110,0.0
M00004_P00114,6.47
M00004_P00124,7.25
M00004_P00129,5.22
M00004_P01177,6.55
M00004_P01182,5.36
M00004_P01184,0.0
M00004_P01193,5.9
M00004_P01196,6.89
M00005_P00136,6.67
M00005_P00141,7.15
M00005_P00148,0.0
M00005_P00156,0.0
M00005_P00478,5.95
M00005_P00479,8.23
M00005_P00486,0.0
M00005_P00491,0.0
M00006_P00443,0.0
M00006_P00448,5.56
M00006_P00452,0.0
M00006_P00462,6.19
M00006_P00463,5.56
M00006_P00465,6.54
M00006_P00468,6.17
M00006_P00625,0.0
M00006_P00630,0.0
M00006_P00632,5.46
M00006_P00635,6.7
M00006_P00644,7.7
M00006_P00645,0.0
M00006_P00650,7.14
M00007_P00266,6.54
M00007_P00271,6.89
M00007_P00278,5.5
M00007_P00286,0.0
M00007_P00625,0.0
M00007_P00630,0.0
M00007_P00632,6.14
M00007_P00635,7.31
M00007_P00644,0.0
M00007_P00645,6.69
M00007_P00650,6.45
M00008_P00443,6.82
M00008_P00448,0.0
M00008_P00452,0.0
M00008_P00462,6.87
M00008_P00463,0.0
M00008_P00465,6.0
M00008_P00468,7.0
M00008_P01099,6.57
M00008_P01107,5.19
M00008_P01108,0.0
M00008_P01109,0.0
M00008_P01114,5.46
M00008_P01118,6.09
M00009_P00991,0.0
M00009_P00993,6.22
M00009_P00997,6.14
M00009_P01000,0.0
M00009_P01010,5.51
M00009_P01070,0.0
M00009_P01074,0.0
M00009_P01082,0.0
M00010_P00266,0.0
M00010_P00271,5.45
M00010_P00278,0.0
M00010_P00286,0.0
M00010_P00782,0.0
M00010_P00786,0.0
M00010_P00788,6.04
M00010_P00797,6.82
M00010_P00803,7.54
M00011_P01041,0.0
M00011_P01042,0.0
M00011_P01048,0.0
M00011_P01049,7.03
M00011_P01051,6.14
M00011_P01055,6.03
M00011_P01063,7.27
M00011_P01064,0.0
M00011_P01177,0.0
M00011_P01182,5.31
M00011_P01184,6.1
M00011_P01193,6.8
M00011_P01196,0.0
M00012_P00529,5.61
M00012_P00535,5.8
M00012_P00536,5.64
M00012_P00542,0.0
M00012_P00543,0.0
M00012_P01120,0.0
M00013_P00055,5.77
M00013_P00057,6.19
M00013_P00059,0.0
M00013_P00064,0.0
M00013_P00066,0.0
M00013_P00071,5.99
M00013_P00077,7.3
M00013_P00368,5.57
M00013_P00372,0.0
M00013_P00378,0.0
M00013_P00382,0.0
M00013_P00383,6.32
M00014_P00108,6.21
M00014_P00110,0.0
M00014_P00114,6.47
M00014_P00124,0.0
M00014_P00129,0.0
M00014_P00443,0.0
M00014_P00448,5.04
M00014_P00452,0.0
M00014_P00462,6.32
M00014_P00463,0.0
M00014_P00465,5.36
M00014_P00468,5.85
M00015_P00345,6.72
M00015_P00347,6.58
M00015_P00351,0.0
M00015_P00353,6.23
M00015_P00359,5.55
M00015_P00362,5.77
M00015_P01099,6.45
M00015_P01107,6.5
M00015_P01108,0.0
M00015_P01109,6.52
M00015_P01114,0.0
M00015_P01118,0.0
M00016_P00761,0.0
M00016_P00772,6.17
M00016_P01070,6.78
M00016_P01074,6.62
M00016_P01082,0.0
M00017_P00209,0.0
M00017_P00210,0.0
M00017_P00211,5.77
M00017_P00219,0.0
M00017_P00221,0.0
M00017_P00222,6.55
M00017_P00232,5.63
M00017_P00234,8.29
M00017_P00423,6.08
M00017_P00424,0.0
M00017_P00425,0.0
M00017_P00426,6.39
M00017_P00431,0.0
M00017_P00436,0.0
M00017_P00440,6.85
M00018_P00965,0.0
M00018_P00966,0.0
M00018_P00975,0.0
M00018_P00978,6.81
M00018_P00980,6.0
M00018_P00986,6.91
M00018_P01223,6.13
M00018_P01234,5.44
M00018_P01236,0.0
M00018_P01241,6.68
M00018_P01242,6.2
M00019_P00368,5.52
M00019_P00372,7.11
M00019_P00378,5.45
M00019_P00382,0.0
M00019_P00383,6.13
M00019_P00611,5.52
M00019_P00618,7.43
M00019_P00619,0.0
M00019_P00622,7.19
M00020_P00079,7.22
M00020_P00082,6.39
M00020_P00087,5.57
M00020_P00097,5.62
M00020_P00102,0.0
M00020_P00136,6.35
M00020_P00141,7.65
M00020_P00148,5.38
M00020_P00156,6.68
M00021_P00266,0.0
M00021_P00271,0.0
M00021_P00278,7.08
M00021_P00286,5.14
M00021_P01041,6.51
M00021_P01042,0.0
M00021_P01048,0.0
M00021_P01049,8.16
M00021_P01051,5.8
M00021_P01055,0.0
M00021_P01063,6.53
M00021_P01064,0.0
M00022_P00108,5.93
M00022_P00110,5.54
M00022_P00114,0.0
M00022_P00124,0.0
M00022_P00129,5.57
M00022_P00991,0.0
M00022_P00993,5.07
M00022_P00997,0.0
M00022_P01000,6.08
M00022_P01010,6.37
M00023_P00761,0.0
M00023_P00772,5.62
M00023_P00991,0.0
M00023_P00993,5.27
M00023_P00997,0.0
M00023_P01000,6.31
M00023_P01010,6.52
M00024_P00011,6.94
M00024_P00024,5.79
M00024_P00922,5.86
M00024_P00927,6.45
M00024_P00931,0.0
M00024_P00935,7.54
M00025_P00888,5.6
M00025_P00889,5.86
M00025_P00893,4.38
M00025_P00894,0.0
M00025_P00895,5.8
M00025_P00901,7.74
M00025_P00909,7.24
M00025_P01120,6.29
M00026_P00549,0.0
M00026_P00552,7.55
M00026_P00554,6.59
M00026_P00561,6.81
M00026_P00562,7.05
M00026_P00568,0.0
M00026_P01070,0.0
M00026_P01074,5.99
M00026_P01082,0.0
M00027_P00266,0.0
M00027_P00271,0.0
M00027_P00278,0.0
M00027_P00286,6.62
M00027_P00705,5.65
M00027_P00707,5.78
M00027_P00716,6.39
M00027_P00718,0.0
M00027_P00724,5.59
M00027_P00728,5.95
M00028_P01201,5.12
M00028_P01209,0.0
M00028_P01210,6.26
M00028_P01211,7.39
M00028_P01214,5.7
M00028_P01223,0.0
M00028_P01234,6.62
M00028_P01236,6.04
M00028_P01241,6.56
M00028_P01242,0.0
M00029_P00157,5.38
M00029_P00159,0.0
M00029_P00164,5.95
M00029_P00169,5.02
M00029_P00171,0.0
M00029_P00175,0.0
M00029_P00835,0.0
M00029_P00840,5.68
M00029_P00844,5.8
M00029_P00847,0.0
M00029_P00848,6.2
M00029_P00856,0.0
M00030_P00835,0.0
M00030_P00840,5.38
M00030_P00844,0.0
M00030_P00847,6.32
M00030_P00848,6.04
M00030_P00856,0.0
M00030_P01041,6.27
M00030_P01042,0.0
M00030_P01048,0.0
M00030_P01049,0.0
M00030_P01051,0.0
M00030_P01055,6.41
M00030_P01063,7.06
M00030_P01064,0.0
M00031_P00241,0.0
M00031_P00244,0.0
M00031_P00245,6.34
M00031_P00248,5.87
M00031_P00255,8.08
M00031_P00260,0.0
M00031_P00625,0.0
M00031_P00630,0.0
M00031_P00632,5.79
M00031_P00635,5.88
M00031_P00644,6.26
M00031_P00645,7.5
M00031_P00650,7.09
M00032_P00863,6.61
M00032_P00880,0.0
M00032_P00882,0.0
M00032_P00888,0.0
M00032_P00889,6.23
M00032_P00893,5.7
M00032_P00894,6.07
M00032_P00895,0.0
M00032_P00901,7.55
M00032_P00909,6.26
M00033_P00032,0.0
M00033_P00044,6.54
M00033_P00045,5.68
M00033_P00050,6.26
M00033_P00052,0.0
M00033_P00807,5.96
M00033_P00812,0.0
M00033_P00819,0.0
M00033_P00826,6.24
M00033_P00827,7.05
M00034_P00391,0.0
M00034_P00399,6.24
M00034_P00410,5.32
M00034_P00416,5.85
M00034_P00515,4.82
M00035_P00136,0.0
M00035_P00141,6.16
M00035_P00148,0.0
M00035_P00156,6.11
M00035_P00940,0.0
M00035_P00948,0.0
M00035_P00950,5.63
M00035_P00951,7.3
M00035_P00959,6.29
M00035_P00962,0.0
M00036_P00108,0.0
M00036_P00110,6.03
M00036_P00114,0.0
M00036_P00124,6.5
M00036_P00129,6.45
M00036_P00922,6.57
M00036_P00927,0.0
M00036_P00931,0.0
M00036_P00935,0.0
M00037_P00209,6.25
M00037_P00210,0.0
M00037_P00211,0.0
M00037_P00219,5.73
M00037_P00221,6.09
M00037_P00222,0.0
M00037_P00232,6.13
M00037_P00234,7.68
M00037_P01120,0.0
M00038_P00423,0.0
M00038_P00424,5.43
M00038_P00425,0.0
M00038_P00426,0.0
M00038_P00431,0.0
M00038_P00436,5.81
M00038_P00440,0.0
M00038_P00888,5.93
M00038_P00889,6.2
M00038_P00893,5.24
M00038_P00894,0.0
M00038_P00895,7.18
M00038_P00901,7.37
M00038_P00909,0.0
M00039_P00345,6.22
M00039_P00347,6.62
M00039_P00351,6.46
M00039_P00353,6.84
M00039_P00359,7.68
M00039_P00362,5.48
M00039_P00922,0.0
M00039_P00927,6.18
M00039_P00931,6.23
M00039_P00935,0.0
M00040_P00515,0.0
M00040_P01177,0.0
M00040_P01182,6.39
M00040_P01184,6.28
M00040_P01193,5.51
M00040_P01196,7.51
M00041_P00732,6.05
M00041_P00738,0.0
M00041_P00742,0.0
M00041_P00744,0.0
M00041_P00747,6.44
M00041_P00753,6.39
M00041_P00888,5.7
M00041_P00889,5.12
M00041_P00893,5.45
M00041_P00894,7.0
M00041_P00895,6.45
M00041_P00901,8.11
M00041_P00909,0.0
M00042_P00368,0.0
M00042_P00372,6.59
M00042_P00378,5.45
M00042_P00382,0.0
M00042_P00383,6.12
M00042_P00391,0.0
M00042_P00399,0.0
M00042_P00410,6.5
M00042_P00416,5.88
M00043_P00032,6.84
M00043_P00044,6.87
M00043_P00045,0.0
M00043_P00050,0.0
M00043_P00052,6.26
M00043_P00991,0.0
M00043_P00993,0.0
M00043_P00997,0.0
M00043_P01000,6.14
M00043_P01010,6.85
M00044_P00368,5.91
M00044_P00372,7.18
M00044_P00378,5.72
M00044_P00382,0.0
M00044_P00383,6.18
M00044_P00965,0.0
M00044_P00966,0.0
M00044_P00975,0.0
M00044_P00978,6.52
M00044_P00980,0.0
M00044_P00986,6.33
M00045_P01041,5.71
M00045_P01042,0.0
M00045_P01048,5.97
M00045_P01049,7.52
M00045_P01051,0.0
M00045_P01055,5.09
M00045_P01063,0.0
M00045_P01064,5.12
M00045_P01177,6.29
M00045_P01182,0.0
M00045_P01184,5.91
M00045_P01193,6.23
M00045_P01196,0.0
M00046_P00055,0.0
M00046_P00057,5.6
M00046_P00059,0.0
M00046_P00064,0.0
M00046_P00066,0.0
M00046_P00071,0.0
M00046_P00077,0.0
M00046_P00108,5.81
M00046_P00110,0.0
M00046_P00114,7.45
M00046_P00124,6.39
M00046_P00129,6.21
M00047_P00391,0.0
M00047_P00399,6.01
M00047_P00410,6.15
M00047_P00416,6.5
M00047_P00835,5.92
M00047_P00840,0.0
M00047_P00844,0.0
M00047_P00847,0.0
M00047_P00848,0.0
M00047_P00856,5.77
M00048_P00345,5.93
M00048_P00347,0.0
M00048_P00351,5.77
M00048_P00353,0.0
M00048_P00359,4.04
M00048_P00362,6.16
M00048_P00922,0.0
M00048_P00927,0.0
M00048_P00931,6.12
M00048_P00935,0.0
M00049_P00391,0.0
M00049_P00399,6.49
M00049_P00410,6.14
M00049_P00416,5.58
M00049_P00807,0.0
M00049_P00812,6.6
M00049_P00819,5.81
M00049_P00826,0.0
M00049_P00827,7.65
M00050_P00157,6.5
M00050_P00159,0.0
M00050_P00164,0.0
M00050_P00169,0.0
M00050_P00171,5.87
M00050_P00175,6.11
M00050_P00185,5.6
M00050_P00193,5.76
M00050_P00197,6.36
M00050_P00199,0.0
M00050_P00200,5.33
M00051_P00574,0.0
M00051_P00579,6.45
M00051_P00582,0.0
M00051_P00584,5.64
M00051_P00586,0.0
M00051_P00590,6.62
M00051_P00732,0.0
M00051_P00738,6.13
M00051_P00742,6.86
M00051_P00744,5.67
M00051_P00747,0.0
M00051_P00753,5.52
M00052_P00079,6.84
M00052_P00082,5.74
M00052_P00087,0.0
M00052_P00097,6.49
M00052_P00102,6.74
M00052_P01201,5.27
M00052_P01209,0.0
M00052_P01210,0.0
M00052_P01211,7.39
M00052_P01214,0.0
M00053_P00079,0.0
M00053_P00082,6.73
M00053_P00087,5.67
M00053_P00097,0.0
M00053_P00102,4.92
M00053_P00678,0.0
M00053_P00679,0.0
M00053_P00680,0.0
M00053_P00681,5.99
M00053_P00683,0.0
M00053_P00694,0.0
M00054_P00157,0.0
M00054_P00159,0.0
M00054_P00164,6.63
M00054_P00169,0.0
M00054_P00171,6.12
M00054_P00175,6.01
M00054_P00423,0.0
M00054_P00424,0.0
M00054_P00425,6.72
M00054_P00426,6.21
M00054_P00431,6.42
M00054_P00436,7.76
M00054_P00440,6.22
M00055_P00732,6.75
M00055_P00738,6.06
M00055_P00742,0.0
M00055_P00744,0.0
M00055_P00747,0.0
M00055_P00753,6.47
M00055_P00888,0.0
M00055_P00889,6.43
M00055_P00893,5.71
M00055_P00894,0.0
M00055_P00895,6.34
M00055_P00901,7.49
M00055_P00909,6.44
M00056_P00287,0.0
M00056_P00290,5.15
M00056_P00291,0.0
M00056_P00295,7.33
M00056_P00297,6.44
M00056_P00298,0.0
M00056_P00299,0.0
M00056_P00304,6.85
M00056_P00307,6.3
M00056_P00309,6.07
M00056_P00310,6.19
M00056_P00478,0.0
M00056_P00479,6.59
M00056_P00486,0.0
M00056_P00491,0.0
M00057_P00108,6.87
M00057_P00110,6.58
M00057_P00114,0.0
M00057_P00124,6.37
M00057_P00129,5.7
M00057_P00761,0.0
M00057_P00772,6.04
M00058_P00079,0.0
M00058_P00082,6.62
M00058_P00087,6.87
M00058_P00097,6.2
M00058_P00102,5.77
M00058_P01099,5.79
M00058_P01107,5.6
M00058_P01108,6.35
M00058_P01109,0.0
M00058_P01114,6.69
M00058_P01118,0.0
M00059_P00136,0.0
M00059_P00141,6.46
M00059_P00148,6.17
M00059_P00156,0.0
M00059_P00423,0.0
M00059_P00424,0.0
M00059_P00425,6.97
M00059_P00426,5.38
M00059_P00431,4.67
M00059_P00436,0.0
M00059_P00440,6.54
M00060_P00782,0.0
M00060_P00786,0.0
M00060_P00788,6.84
M00060_P00797,6.08
M00060_P00803,6.52
M00060_P00807,5.56
M00060_P00812,7.0
M00060_P00819,6.24
M00060_P00826,0.0
M00060_P00827,7.43
M00061_P00079,0.0
M00061_P00082,6.03
M00061_P00087,6.68
M00061_P00097,0.0
M00061_P00102,6.36
M00061_P00287,6.5
M00061_P00290,0.0
M00061_P00291,6.06
M00061_P00295,6.58
M00061_P00297,5.61
M00061_P00298,0.0
M00061_P00299,5.67
M00061_P00304,6.83
M00061_P00307,0.0
M00061_P00309,0.0
M00061_P00310,6.56
M00062_P00423,0.0
M00062_P00424,4.99
M00062_P00425,6.84
M00062_P00426,6.23
M00062_P00431,0.0
M00062_P00436,6.51
M00062_P00440,7.34
M00062_P00625,0.0
M00062_P00630,0.0
M00062_P00632,7.01
M00062_P00635,5.44
M00062_P00644,5.53
M00062_P00645,7.53
M00062_P00650,6.37
M00063_P00478,5.45
M00063_P00479,7.76
M00063_P00486,6.48
M00063_P00491,0.0
M00063_P00732,5.65
M00063_P00738,5.32
M00063_P00742,7.56
M00063_P00744,0.0
M00063_P00747,7.04
M00063_P00753,5.79
M00064_P00241,6.29
M00064_P00244,5.68
M00064_P00245,0.0
M00064_P00248,0.0
M00064_P00255,6.96
M00064_P00260,7.54
M00064_P00345,6.51
M00064_P00347,0.0
M00064_P00351,7.08
M00064_P00353,6.04
M00064_P00359,6.87
M00064_P00362,5.11
M00065_P00079,7.49
M00065_P00082,0.0
M00065_P00087,6.21
M00065_P00097,5.8
M00065_P00102,6.14
M00065_P00991,0.0
M00065_P00993,5.53
M00065_P00997,5.61
M00065_P01000,0.0
M00065_P01010,6.75
M00066_P00529,0.0
M00066_P00535,0.0
M00066_P00536,5.93
M00066_P00542,6.33
M00066_P00543,0.0
M00066_P01223,0.0
M00066_P01234,7.65
M00066_P01236,5.63
M00066_P01241,0.0
M00066_P01242,6.08
M00067_P00782,0.0
M00067_P00786,0.0
M00067_P00788,6.54
M00067_P00797,0.0
M00067_P00803,5.92
M00067_P00965,0.0
M00067_P00966,6.54
M00067_P00975,6.61
M00067_P00978,0.0
M00067_P00980,6.19
M00067_P00986,0.0
M00068_P00079,6.02
M00068_P00082,5.53
M00068_P00087,5.58
M00068_P00097,5.46
M00068_P00102,0.0
M00068_P00863,6.15
M00068_P00880,5.93
M00068_P00882,8.04
M00069_P00108,0.0
M00069_P00110,0.0
M00069_P00114,0.0
M00069_P00124,5.77
M00069_P00129,5.92
M00069_P01020,6.63
M00069_P01034,5.61
M00069_P01037,5.78
M00069_P01038,5.65
M00070_P00185,6.02
M00070_P00193,0.0
M00070_P00197,5.76
M00070_P00199,6.76
M00070_P00200,5.94
M00070_P00655,0.0
M00070_P00662,6.57
M00070_P00666,0.0
M00070_P00668,5.99
M00070_P00669,0.0
M00070_P00673,6.22
M00070_P00674,6.03
M00071_P00965,0.0
M00071_P00966,5.77
M00071_P00975,0.0
M00071_P00978,6.34
M00071_P00980,6.53
M00071_P00986,6.75
M00071_P01020,0.0
M00071_P01034,6.24
M00071_P01037,6.08
M00071_P01038,0.0
M00072_P00678,0.0
M00072_P00679,0.0
M00072_P00680,6.67
M00072_P00681,0.0
M00072_P00683,0.0
M00072_P00694,6.45
M00072_P01120,6.22
M00073_P00345,5.46
M00073_P00347,6.32
M00073_P00351,6.54
M00073_P00353,6.04
M00073_P00359,5.29
M00073_P00362,6.31
M00073_P00423,7.17
M00073_P00424,7.0
M00073_P00425,6.93
M00073_P00426,5.94
M00073_P00431,5.71
M00073_P00436,0.0
M00073_P00440,0.0
M00074_P00391,0.0
M00074_P00399,5.59
M00074_P00410,5.56
M00074_P00416,5.71
M00074_P00443,6.0
M00074_P00448,0.0
M00074_P00452,5.51
M00074_P00462,5.71
M00074_P00463,0.0
M00074_P00465,5.69
M00074_P00468,6.41
M00075_P01070,6.25
M00075_P01074,0.0
M00075_P01082,0.0
M00075_P01099,6.19
M00075_P01107,4.71
M00075_P01108,6.05
M00075_P01109,6.35
M00075_P01114,5.85
M00075_P01118,0.0
M00076_P00108,0.0
M00076_P00110,6.51
M00076_P00114,8.9
M00076_P00124,0.0
M00076_P00129,6.34
M00076_P00529,5.99
M00076_P00535,0.0
M00076_P00536,6.28
M00076_P00542,0.0
M00076_P00543,5.84
M00077_P00940,6.05
M00077_P00948,6.54
M00077_P00950,6.3
M00077_P00951,6.24
M00077_P00959,0.0
M00077_P00962,5.68
M00077_P01020,0.0
M00077_P01034,0.0
M00077_P01037,5.93
M00077_P01038,5.05
M00078_P00345,5.88
M00078_P00347,5.09
M00078_P00351,6.66
M00078_P00353,5.83
M00078_P00359,6.03
M00078_P00362,0.0
M00078_P00888,4.51
M00078_P00889,0.0
M00078_P00893,5.69
M00078_P00894,0.0
M00078_P00895,0.0
M00078_P00901,0.0
M00078_P00909,6.37
M00079_P00209,5.64
M00079_P00210,0.0
M00079_P00211,0.0
M00079_P00219,6.34
M00079_P00221,6.46
M00079_P00222,6.04
M00079_P00232,0.0
M00079_P00234,0.0
M00079_P00611,6.43
M00079_P00618,0.0
M00079_P00619,0.0
M00079_P00622,0.0
M00080_P00478,0.0
M00080_P00479,6.79
M00080_P00486,6.58
M00080_P00491,6.2
M00080_P00611,6.36
M00080_P00618,7.14
M00080_P00619,4.95
M00080_P00622,5.25
M00081_P00888,6.33
M00081_P00889,5.35
M00081_P00893,6.28
M00081_P00894,5.72
M00081_P00895,0.0
M00081_P00901,7.88
M00081_P00909,0.0
M00081_P01201,5.03
M00081_P01209,0.0
M00081_P01210,0.0
M00081_P01211,6.88
M00081_P01214,0.0
M00082_P00922,0.0
M00082_P00927,0.0
M00082_P00931,0.0
M00082_P00935,0.0
M00082_P01099,6.13
M00082_P01107,0.0
M00082_P01108,0.0
M00082_P01109,6.43
M00082_P01114,7.39
M00082_P01118,6.25
M00083_P00209,5.84
M00083_P00210,0.0
M00083_P00211,0.0
M00083_P00219,0.0
M00083_P00221,0.0
M00083_P00222,6.24
M00083_P00232,6.12
M00083_P00234,0.0
M00083_P00443,0.0
M00083_P00448,5.58
M00083_P00452,0.0
M00083_P00462,0.0
M00083_P00463,5.52
M00083_P00465,6.14
M00083_P00468,6.15
M00084_P00922,7.42
M00084_P00927,6.38
M00084_P00931,0.0
M00084_P00935,5.75
M00084_P01223,0.0
M00084_P01234,6.98
M00084_P01236,6.77
M00084_P01241,0.0
M00084_P01242,6.34
M00085_P00478,5.94
M00085_P00479,6.93
M00085_P00486,6.25
M00085_P00491,6.25
M00085_P01020,5.59
M00085_P01034,5.72
M00085_P01037,5.65
M00085_P01038,6.14
M00086_P00345,0.0
M00086_P00347,6.42
M00086_P00351,0.0
M00086_P00353,6.2
M00086_P00359,0.0
M00086_P00362,0.0
M00086_P01146,0.0
M00086_P01157,5.8
M00086_P01166,6.95
M00086_P01169,6.11
M00087_P00807,0.0
M00087_P00812,6.94
M00087_P00819,6.25
M00087_P00826,0.0
M00087_P00827,6.49
M00087_P00835,0.0
M00087_P00840,0.0
M00087_P00844,0.0
M00087_P00847,5.71
M00087_P00848,0.0
M00087_P00856,0.0
M00088_P00136,0.0
M00088_P00141,7.1
M00088_P00148,6.96
M00088_P00156,5.49
M00088_P01070,5.48
M00088_P01074,0.0
M00088_P01082,6.23
M00089_P00011,0.0
M00089_P00024,0.0
M00089_P00055,0.0
M00089_P00057,0.0
M00089_P00059,5.81
M00089_P00064,5.81
M00089_P00066,0.0
M00089_P00071,6.34
M00089_P00077,0.0
M00090_P00423,0.0
M00090_P00424,5.63
M00090_P00425,7.07
M00090_P00426,5.43
M00090_P00431,5.6
M00090_P00436,5.97
M00090_P00440,7.11
M00090_P01041,0.0
M00090_P01042,5.7
M00090_P01048,5.8
M00090_P01049,0.0
M00090_P01051,6.1
M00090_P01055,0.0
M00090_P01063,5.32
M00090_P01064,6.68
M00091_P00922,6.68
M00091_P00927,6.9
M00091_P00931,6.15
M00091_P00935,5.88
M00091_P01201,0.0
M00091_P01209,5.49
M00091_P01210,0.0
M00091_P01211,7.14
M00091_P01214,0.0
M00092_P00108,5.96
M00092_P00110,0.0
M00092_P00114,7.33
M00092_P00124,5.77
M00092_P00129,0.0
M00092_P00185,0.0
M00092_P00193,6.15
M00092_P00197,0.0
M00092_P00199,5.65
M00092_P00200,5.78
M00093_P00055,0.0
M00093_P00057,5.72
M00093_P00059,0.0
M00093_P00064,0.0
M00093_P00066,8.23
M00093_P00071,0.0
M00093_P00077,6.08
M00093_P00888,5.98
M00093_P00889,6.46
M00093_P00893,6.88
M00093_P00894,6.68
M00093_P00895,6.96
M00093_P00901,0.0
M00093_P00909,0.0
M00094_P00209,0.0
M00094_P00210,7.09
M00094_P00211,0.0
M00094_P00219,0.0
M00094_P00221,0.0
M00094_P00222,6.49
M00094_P00232,0.0
M00094_P00234,0.0
M00094_P00705,0.0
M00094_P00707,6.63
M00094_P00716,5.48
M00094_P00718,7.56
M00094_P00724,0.0
M00094_P00728,6.06
M00095_P00055,0.0
M00095_P00057,0.0
M00095_P00059,0.0
M00095_P00064,0.0
M00095_P00066,0.0
M00095_P00071,0.0
M00095_P00077,0.0
M00095_P00611,6.26
M00095_P00618,0.0
M00095_P00619,5.65
M00095_P00622,0.0
M00096_P00391,0.0
M00096_P00399,6.4
M00096_P00410,0.0
M00096_P00416,5.22
M00096_P01120,0.0
M00097_P00574,0.0
M00097_P00579,7.04
M00097_P00582,0.0
M00097_P00584,0.0
M00097_P00586,5.93
M00097_P00590,7.2
M00097_P00940,6.38
M00097_P00948,0.0
M00097_P00950,6.47
M00097_P00951,0.0
M00097_P00959,0.0
M00097_P00962,6.65
M00098_P00266,6.66
M00098_P00271,5.89
M00098_P00278,0.0
M00098_P00286,0.0
M00098_P00391,6.62
M00098_P00399,5.25
M00098_P00410,0.0
M00098_P00416,5.81
M00099_P00032,7.0
M00099_P00044,0.0
M00099_P00045,0.0
M00099_P00050,5.29
M00099_P00052,0.0
M00099_P00313,0.0
M00099_P00324,0.0
M00099_P00329,6.63
M00099_P00333,6.7
M00099_P00334,5.88
M00100_P00678,0.0
M00100_P00679,0.0
M00100_P00680,4.89
M00100_P00681,0.0
M00100_P00683,0.0
M00100_P00694,0.0
M00100_P01120,0.0
M00101_P00266,6.26
M00101_P00271,5.32
M00101_P00278,0.0
M00101_P00286,5.88
M00101_P00443,0.0
M00101_P00448,6.65
M00101_P00452,5.02
M00101_P00462,6.53
M00101_P00463,5.64
M00101_P00465,0.0
M00101_P00468,6.62
M00102_P00055,0.0
M00102_P00057,5.79
M00102_P00059,4.79
M00102_P00064,5.9
M00102_P00066,0.0
M00102_P00071,0.0
M00102_P00077,6.27
M00102_P00625,0.0
M00102_P00630,5.37
M00102_P00632,6.74
M00102_P00635,0.0
M00102_P00644,0.0
M00102_P00645,0.0
M00102_P00650,6.27
M00103_P00313,7.16
M00103_P00324,7.29
M00103_P00329,5.94
M00103_P00333,6.26
M00103_P00334,6.27
M00103_P00782,6.89
M00103_P00786,0.0
M00103_P00788,0.0
M00103_P00797,0.0
M00103_P00803,5.2
M00104_P00368,5.62
M00104_P00372,6.86
M00104_P00378,0.0
M00104_P00382,6.14
M00104_P00383,5.67
M00104_P00391,0.0
M00104_P00399,0.0
M00104_P00410,6.83
M00104_P00416,6.54
M00105_P00549,0.0
M00105_P00552,6.14
M00105_P00554,5.17
M00105_P00561,0.0
M00105_P00562,5.05
M00105_P00568,5.57
M00105_P00655,0.0
M00105_P00662,5.79
M00105_P00666,0.0
M00105_P00668,5.29
M00105_P00669,5.8
M00105_P00673,5.71
M00105_P00674,0.0
M00106_P00443,0.0
M00106_P00448,0.0
M00106_P00452,0.0
M00106_P00462,7.2
M00106_P00463,6.29
M00106_P00465,0.0
M00106_P00468,5.79
M00106_P00611,5.22
M00106_P00618,6.28
M00106_P00619,5.81
M00106_P00622,6.32
M00107_P00888,6.3
M00107_P00889,5.79
M00107_P00893,6.63
M00107_P00894,0.0
M00107_P00895,0.0
M00107_P00901,6.63
M00107_P00909,6.23
M00107_P01120,0.0
M00108_P00185,0.0
M00108_P00193,5.37
M00108_P00197,0.0
M00108_P00199,0.0
M00108_P00200,6.13
M00108_P00443,0.0
M00108_P00448,0.0
M00108_P00452,0.0
M00108_P00462,5.78
M00108_P00463,5.88
M00108_P00465,7.03
M00108_P00468,0.0
M00109_P00055,6.28
M00109_P00057,0.0
M00109_P00059,6.76
M00109_P00064,6.39
M00109_P00066,0.0
M00109_P00071,6.01
M00109_P00077,5.72
M00109_P00185,6.53
M00109_P00193,7.18
M00109_P00197,0.0
M00109_P00199,0.0
M00109_P00200,6.55
M00110_P00574,6.45
M00110_P00579,0.0
M00110_P00582,5.98
M00110_P00584,6.29
M00110_P00586,6.69
M00110_P00590,7.28
M00110_P01223,0.0
M00110_P01234,7.32
M00110_P01236,5.81
M00110_P01241,6.2
M00110_P01242,5.08
M00111_P00705,5.13
M00111_P00707,0.0
M00111_P00716,4.71
M00111_P00718,6.27
M00111_P00724,6.94
M00111_P00728,6.66
M00111_P01020,6.46
M00111_P01034,6.17
M00111_P01037,6.24
M00111_P01038,0.0
M00112_P00625,6.45
M00112_P00630,5.98
M00112_P00632,7.03
M00112_P00635,6.04
M00112_P00644,0.0
M00112_P00645,0.0
M00112_P00650,5.2
M00112_P00965,0.0
M00112_P00966,0.0
M00112_P00975,6.39
M00112_P00978,6.49
M00112_P00980,0.0
M00112_P00986,0.0
M00113_P00055,0.0
M00113_P00057,0.0
M00113_P00059,6.71
M00113_P00064,0.0
M00113_P00066,7.3
M00113_P00071,0.0
M00113_P00077,6.57
M00113_P01201,5.27
M00113_P01209,8.05
M00113_P01210,5.71
M00113_P01211,6.58
M00113_P01214,6.01
M00114_P00863,5.72
M00114_P00880,5.76
M00114_P00882,0.0
M00114_P00922,6.05
M00114_P00927,5.95
M00114_P00931,6.54
M00114_P00935,0.0
M00115_P00611,6.28
M00115_P00618,6.98
M00115_P00619,0.0
M00115_P00622,0.0
M00115_P00732,0.0
M00115_P00738,0.0
M00115_P00742,7.2
M00115_P00744,0.0
M00115_P00747,7.2
M00115_P00753,6.79
M00116_P00529,0.0
M00116_P00535,5.64
M00116_P00536,6.74
M00116_P00542,0.0
M00116_P00543,0.0
M00116_P01020,0.0
M00116_P01034,5.39
M00116_P01037,0.0
M00116_P01038,6.09
M00117_P00515,0.0
M00117_P01201,6.62
M00117_P01209,6.51
M00117_P01210,0.0
M00117_P01211,7.06
M00117_P01214,0.0
M00118_P00678,0.0
M00118_P00679,0.0
M00118_P00680,5.97
M00118_P00681,5.34
M00118_P00683,6.76
M00118_P00694,0.0
M00118_P01099,5.0
M00118_P01107,0.0
M00118_P01108,7.16
M00118_P01109,0.0
M00118_P01114,0.0
M00118_P01118,0.0
M00119_P00478,0.0
M00119_P00479,0.0
M00119_P00486,6.29
M00119_P00491,6.28
M00119_P01146,7.51
M00119_P01157,0.0
M00119_P01166,6.11
M00119_P01169,5.89
M00120_P00313,7.49
M00120_P00324,6.02
M00120_P00329,6.22
M00120_P00333,6.81
M00120_P00334,0.0
M00120_P00705,0.0
M00120_P00707,6.39
M00120_P00716,5.8
M00120_P00718,0.0
M00120_P00724,5.44
M00120_P00728,6.91
M00121_P00287,0.0
M00121_P00290,0.0
M00121_P00291,4.98
M00121_P00295,7.01
M00121_P00297,6.55
M00121_P00298,0.0
M00121_P00299,0.0
M00121_P00304,0.0
M00121_P00307,5.79
M00121_P00309,6.63
M00121_P00310,6.63
M00121_P01120,0.0
M00122_P00655,0.0
M00122_P00662,6.38
M00122_P00666,6.4
M00122_P00668,0.0
M00122_P00669,6.09
M00122_P00673,0.0
M00122_P00674,0.0
M00122_P00940,5.9
M00122_P00948,5.71
M00122_P00950,0.0
M00122_P00951,5.8
M00122_P00959,0.0
M00122_P00962,0.0
M00123_P00345,0.0
M00123_P00347,0.0
M00123_P00351,0.0
M00123_P00353,0.0
M00123_P00359,5.77
M00123_P00362,6.48
M00123_P00478,4.75
M00123_P00479,0.0
M00123_P00486,5.89
M00123_P00491,6.34
M00124_P00732,5.14
M00124_P00738,0.0
M00124_P00742,0.0
M00124_P00744,6.11
M00124_P00747,8.43
M00124_P00753,5.9
M00124_P00761,5.8
M00124_P00772,5.15
M00125_P00782,0.0
M00125_P00786,5.96
M00125_P00788,6.17
M00125_P00797,5.69
M00125_P00803,0.0
M00125_P00835,0.0
M00125_P00840,5.92
M00125_P00844,6.1
M00125_P00847,0.0
M00125_P00848,0.0
M00125_P00856,0.0
M00126_P00136,0.0
M00126_P00141,6.11
M00126_P00148,5.01
M00126_P00156,0.0
M00126_P01099,7.21
M00126_P01107,5.67
M00126_P01108,0.0
M00126_P01109,6.23
M00126_P01114,0.0
M00126_P01118,6.5
M00127_P00136,0.0
M00127_P00141,7.1
M00127_P00148,0.0
M00127_P00156,5.76
M00127_P00423,0.0
M00127_P00424,0.0
M00127_P00425,7.35
M00127_P00426,6.13
M00127_P00431,0.0
M00127_P00436,6.97
M00127_P00440,0.0
M00128_P00313,0.0
M00128_P00324,6.07
M00128_P00329,5.72
M00128_P00333,6.71
M00128_P00334,6.58
M00128_P00368,0.0
M00128_P00372,7.45
M00128_P00378,5.81
M00128_P00382,5.78
M00128_P00383,0.0
M00129_P00055,0.0
M00129_P00057,0.0
M00129_P00059,0.0
M00129_P00064,0.0
M00129_P00066,7.04
M00129_P00071,0.0
M00129_P00077,0.0
M00129_P00423,0.0
M00129_P00424,0.0
M00129_P00425,6.22
M00129_P00426,0.0
M00129_P00431,5.04
M00129_P00436,5.14
M00129_P00440,0.0
M00130_P00678,0.0
M00130_P00679,0.0
M00130_P00680,0.0
M00130_P00681,6.02
M00130_P00683,5.35
M00130_P00694,6.28
M00130_P00761,5.96
M00130_P00772,5.9
M00131_P01146,0.0
M00131_P01157,6.6
M00131_P01166,6.21
M00131_P01169,0.0
M00131_P01177,0.0
M00131_P01182,0.0
M00131_P01184,6.47
M00131_P01193,5.4
M00131_P01196,6.9
M00132_P00391,0.0
M00132_P00399,5.87
M00132_P00410,0.0
M00132_P00416,0.0
M00132_P00655,0.0
M00132_P00662,5.93
M00132_P00666,0.0
M00132_P00668,5.54
M00132_P00669,6.85
M00132_P00673,0.0
M00132_P00674,7.32
M00133_P00157,0.0
M00133_P00159,5.08
M00133_P00164,5.95
M00133_P00169,6.15
M00133_P00171,6.02
M00133_P00175,0.0
M00133_P00732,0.0
M00133_P00738,5.76
M00133_P00742,6.02
M00133_P00744,4.81
M00133_P00747,0.0
M00133_P00753,0.0
M00134_P00863,0.0
M00134_P00880,5.74
M00134_P00882,6.67
M00134_P01146,0.0
M00134_P01157,4.35
M00134_P01166,5.91
M00134_P01169,7.03
M00135_P00391,0.0
M00135_P00399,0.0
M00135_P00410,5.86
M00135_P00416,0.0
M00135_P00922,6.52
M00135_P00927,6.3
M00135_P00931,6.65
M00135_P00935,6.13
M00136_P00209,0.0
M00136_P00210,0.0
M00136_P00211,6.11
M00136_P00219,5.95
M00136_P00221,6.72
M00136_P00222,5.65
M00136_P00232,0.0
M00136_P00234,6.73
M00136_P00782,0.0
M00136_P00786,6.54
M00136_P00788,6.57
M00136_P00797,6.39
M00136_P00803,6.18
M00137_P00732,0.0
M00137_P00738,6.09
M00137_P00742,0.0
M00137_P00744,0.0
M00137_P00747,7.91
M00137_P00753,5.48
M00137_P01041,0.0
M00137_P01042,0.0
M00137_P01048,5.89
M00137_P01049,5.32
M00137_P01051,0.0
M00137_P01055,5.87
M00137_P01063,0.0
M00137_P01064,0.0
M00138_P00732,6.91
M00138_P00738,0.0
M00138_P00742,6.62
M00138_P00744,0.0
M00138_P00747,7.4
M00138_P00753,0.0
M00138_P00922,0.0
M00138_P00927,5.75
M00138_P00931,5.67
M00138_P00935,0.0
M00139_P00423,7.31
M00139_P00424,5.8
M00139_P00425,5.79
M00139_P00426,6.35
M00139_P00431,0.0
M00139_P00436,0.0
M00139_P00440,5.81
M00139_P00732,5.97
M00139_P00738,5.85
M00139_P00742,0.0
M00139_P00744,5.8
M00139_P00747,6.41
M00139_P00753,6.26
M00140_P00443,0.0
M00140_P00448,0.0
M00140_P00452,5.83
M00140_P00462,6.73
M00140_P00463,0.0
M00140_P00465,6.21
M00140_P00468,0.0
M00140_P01041,0.0
M00140_P01042,5.37
M00140_P01048,5.55
M00140_P01049,0.0
M00140_P01051,0.0
M00140_P01055,5.76
M00140_P01063,6.08
M00140_P01064,7.1
M00141_P00391,0.0
M00141_P00399,0.0
M00141_P00410,6.92
M00141_P00416,5.74
M00141_P01041,0.0
M00141_P01042,0.0
M00141_P01048,6.6
M00141_P01049,8.58
M00141_P01051,0.0
M00141_P01055,5.85
M00141_P01063,7.11
M00141_P01064,0.0
M00142_P00108,6.16
M00142_P00110,5.64
M00142_P00114,0.0
M00142_P00124,6.26
M00142_P00129,5.22
M00142_P01201,6.2
M00142_P01209,0.0
M00142_P01210,5.95
M00142_P01211,0.0
M00142_P01214,5.95
M00143_P00443,0.0
M00143_P00448,4.7
M00143_P00452,7.27
M00143_P00462,6.39
M00143_P00463,5.61
M00143_P00465,6.13
M00143_P00468,0.0
M00143_P00574,0.0
M00143_P00579,6.13
M00143_P00582,0.0
M00143_P00584,0.0
M00143_P00586,6.1
M00143_P00590,7.28
M00144_P00209,5.43
M00144_P00210,0.0
M00144_P00211,0.0
M00144_P00219,0.0
M00144_P00221,6.88
M00144_P00222,5.98
M00144_P00232,5.56
M00144_P00234,6.79
M00144_P00266,0.0
M00144_P00271,6.94
M00144_P00278,7.05
M00144_P00286,8.54
M00145_P00241,0.0
M00145_P00244,0.0
M00145_P00245,5.25
M00145_P00248,6.37
M00145_P00255,7.15
M00145_P00260,6.19
M00145_P01146,0.0
M00145_P01157,4.66
M00145_P01166,6.69
M00145_P01169,5.82
M00146_P00108,6.97
M00146_P00110,0.0
M00146_P00114,0.0
M00146_P00124,0.0
M00146_P00129,6.7
M00146_P00705,0.0
M00146_P00707,6.94
M00146_P00716,0.0
M00146_P00718,0.0
M00146_P00724,6.21
M00146_P00728,6.6
M00147_P00761,0.0
M00147_P00772,4.55
M00147_P00888,6.57
M00147_P00889,0.0
M00147_P00893,6.14
M00147_P00894,0.0
M00147_P00895,0.0
M00147_P00901,0.0
M00147_P00909,6.37
M00148_P00345,6.17
M00148_P00347,5.75
M00148_P00351,0.0
M00148_P00353,6.93
M00148_P00359,5.37
M00148_P00362,0.0
M00148_P00705,5.74
M00148_P00707,6.38
M00148_P00716,6.21
M00148_P00718,0.0
M00148_P00724,7.01
M00148_P00728,0.0
M00149_P00625,6.31
M00149_P00630,0.0
M00149_P00632,7.12
M00149_P00635,6.69
M00149_P00644,6.79
M00149_P00645,0.0
M00149_P00650,7.21
M00149_P00940,0.0
M00149_P00948,0.0
M00149_P00950,6.63
M00149_P00951,0.0
M00149_P00959,0.0
M00149_P00962,6.91
M00150_P00515,6.34
M00150_P00574,0.0
M00150_P00579,5.82
M00150_P00582,5.6
M00150_P00584,6.29
M00150_P00586,6.82
M00150_P00590,7.03
M00151_P00678,0.0
M00151_P00679,0.0
M00151_P00680,5.43
M00151_P00681,5.59
M00151_P00683,6.6
M00151_P00694,6.86
M00151_P00922,0.0
M00151_P00927,5.46
M00151_P00931,6.15
M00151_P00935,5.3
M00152_P00368,0.0
M00152_P00372,6.25
M00152_P00378,5.65
M00152_P00382,0.0
M00152_P00383,5.42
M00152_P00807,6.63
M00152_P00812,0.0
M00152_P00819,6.33
M00152_P00826,6.0
M00152_P00827,0.0
M00153_P00032,0.0
M00153_P00044,7.14
M00153_P00045,5.81
M00153_P00050,6.66
M00153_P00052,6.27
M00153_P00807,6.1
M00153_P00812,8.17
M00153_P00819,0.0
M00153_P00826,6.5
M00153_P00827,0.0
M00154_P01099,0.0
M00154_P01107,6.05
M00154_P01108,6.9
M00154_P01109,0.0
M00154_P01114,0.0
M00154_P01118,6.7
M00154_P01146,0.0
M00154_P01157,5.66
M00154_P01166,0.0
M00154_P01169,5.95
M00155_P00209,0.0
M00155_P00210,0.0
M00155_P00211,6.35
M00155_P00219,0.0
M00155_P00221,5.78
M00155_P00222,7.06
M00155_P00232,5.6
M00155_P00234,7.95
M00155_P00761,0.0
M00155_P00772,6.05
M00156_P00655,6.35
M00156_P00662,6.84
M00156_P00666,6.46
M00156_P00668,0.0
M00156_P00669,5.67
M00156_P00673,0.0
M00156_P00674,0.0
M00156_P00991,7.06
M00156_P00993,0.0
M00156_P00997,5.94
M00156_P01000,5.99
M00156_P01010,0.0
M00157_P00136,0.0
M00157_P00141,7.31
M00157_P00148,5.0
M00157_P00156,6.09
M00157_P01099,6.07
M00157_P01107,0.0
M00157_P01108,6.94
M00157_P01109,6.24
M00157_P01114,6.35
M00157_P01118,6.34
M00158_P00287,6.08
M00158_P00290,0.0
M00158_P00291,0.0
M00158_P00295,6.14
M00158_P00297,5.74
M00158_P00298,5.69
M00158_P00299,0.0
M00158_P00304,6.87
M00158_P00307,0.0
M00158_P00309,0.0
M00158_P00310,7.17
M00158_P00761,6.41
M00158_P00772,5.39
M00159_P00529,5.45
M00159_P00535,5.09
M00159_P00536,5.81
M00159_P00542,0.0
M00159_P00543,0.0
M00159_P00625,6.99
M00159_P00630,0.0
M00159_P00632,7.54
M00159_P00635,0.0
M00159_P00644,0.0
M00159_P00645,6.45
M00159_P00650,0.0
M00160_P00529,0.0
M00160_P00535,0.0
M00160_P00536,0.0
M00160_P00542,6.75
M00160_P00543,0.0
M00160_P00574,0.0
M00160_P00579,0.0
M00160_P00582,0.0
M00160_P00584,7.17
M00160_P00586,4.52
M00160_P00590,7.02
M00161_P00443,7.47
M00161_P00448,5.0
M00161_P00452,6.58
M00161_P00462,0.0
M00161_P00463,0.0
M00161_P00465,5.85
M00161_P00468,6.87
M00161_P00705,0.0
M00161_P00707,7.16
M00161_P00716,6.49
M00161_P00718,6.37
M00161_P00724,0.0
M00161_P00728,6.53
M00162_P00032,7.55
M00162_P00044,7.41
M00162_P00045,0.0
M00162_P00050,6.43
M00162_P00052,6.0
M00162_P00782,0.0
M00162_P00786,0.0
M00162_P00788,7.64
M00162_P00797,6.52
M00162_P00803,6.58
M00163_P00368,6.07
M00163_P00372,8.07
M00163_P00378,0.0
M00163_P00382,5.82
M00163_P00383,5.89
M00163_P00574,5.91
M00163_P00579,0.0
M00163_P00582,0.0
M00163_P00584,5.54
M00163_P00586,6.42
M00163_P00590,0.0
M00164_P00055,5.34
M00164_P00057,5.71
M00164_P00059,0.0
M00164_P00064,0.0
M00164_P00066,7.82
M00164_P00071,5.44
M00164_P00077,5.62
M00164_P01070,5.68
M00164_P01074,0.0
M00164_P01082,5.9
M00165_P00313,5.49
M00165_P00324,0.0
M00165_P00329,7.4
M00165_P00333,0.0
M00165_P00334,5.49
M00165_P00391,5.92
M00165_P00399,0.0
M00165_P00410,7.07
M00165_P00416,0.0
M00166_P00209,0.0
M00166_P00210,0.0
M00166_P00211,5.65
M00166_P00219,5.82
M00166_P00221,6.55
M00166_P00222,5.88
M00166_P00232,0.0
M00166_P00234,7.14
M00166_P00391,0.0
M00166_P00399,0.0
M00166_P00410,6.01
M00166_P00416,6.93
M00167_P00345,5.55
M00167_P00347,6.77
M00167_P00351,0.0
M00167_P00353,5.38
M00167_P00359,0.0
M00167_P00362,5.79
M00167_P00940,6.33
M00167_P00948,5.65
M00167_P00950,6.45
M00167_P00951,5.44
M00167_P00959,0.0
M00167_P00962,6.46
M00168_P00266,6.08
M00168_P00271,0.0
M00168_P00278,7.16
M00168_P00286,0.0
M00168_P00611,6.4
M00168_P00618,0.0
M00168_P00619,0.0
M00168_P00622,0.0
M00169_P00266,0.0
M00169_P00271,5.73
M00169_P00278,5.69
M00169_P00286,0.0
M00169_P00529,5.14
M00169_P00535,0.0
M00169_P00536,6.28
M00169_P00542,0.0
M00169_P00543,6.3
M00170_P00515,0.0
M00170_P00965,0.0
M00170_P00966,6.68
M00170_P00975,7.34
M00170_P00978,7.32
M00170_P00980,6.51
M00170_P00986,0.0
M00171_P00655,5.97
M00171_P00662,0.0
M00171_P00666,6.15
M00171_P00668,0.0
M00171_P00669,6.2
M00171_P00673,0.0
M00171_P00674,5.34
M00171_P01201,6.4
M00171_P01209,5.76
M00171_P01210,0.0
M00171_P01211,0.0
M00171_P01214,0.0
M00172_P00965,0.0
M00172_P00966,6.23
M00172_P00975,6.8
M00172_P00978,0.0
M00172_P00980,6.03
M00172_P00986,6.99
M00172_P01177,5.9
M00172_P01182,0.0
M00172_P01184,4.96
M00172_P01193,0.0
M00172_P01196,6.55
M00173_P00157,5.05
M00173_P00159,0.0
M00173_P00164,6.07
M00173_P00169,5.12
M00173_P00171,7.08
M00173_P00175,0.0
M00173_P01177,0.0
M00173_P01182,6.22
M00173_P01184,0.0
M00173_P01193,5.72
M00173_P01196,0.0
M00174_P00991,0.0
M00174_P00993,6.08
M00174_P00997,0.0
M00174_P01000,0.0
M00174_P01010,6.16
M00174_P01120,0.0
M00175_P00574,5.12
M00175_P00579,6.73
M00175_P00582,6.26
M00175_P00584,6.41
M00175_P00586,0.0
M00175_P00590,6.54
M00175_P00922,0.0
M00175_P00927,0.0
M00175_P00931,6.4
M00175_P00935,5.7
M00176_P00108,0.0
M00176_P00110,5.1
M00176_P00114,6.58
M00176_P00124,6.41
M00176_P00129,5.71
M00176_P00863,0.0
M00176_P00880,0.0
M00176_P00882,0.0
M00177_P00011,6.1
M00177_P00024,6.51
M00177_P00705,0.0
M00177_P00707,7.35
M00177_P00716,7.03
M00177_P00718,6.37
M00177_P00724,0.0
M00177_P00728,0.0
M00178_P00611,0.0
M00178_P00618,0.0
M00178_P00619,6.38
M00178_P00622,5.24
M00178_P00705,6.08
M00178_P00707,0.0
M00178_P00716,0.0
M00178_P00718,6.95
M00178_P00724,0.0
M00178_P00728,0.0
M00179_P00241,0.0
M00179_P00244,0.0
M00179_P00245,0.0
M00179_P00248,5.94
M00179_P00255,7.27
M00179_P00260,0.0
M00179_P01177,6.17
M00179_P01182,5.89
M00179_P01184,6.6
M00179_P01193,0.0
M00179_P01196,0.0
M00180_P00863,5.01
M00180_P00880,0.0
M00180_P00882,0.0
M00180_P01201,0.0
M00180_P01209,5.42
M00180_P01210,0.0
M00180_P01211,7.32
M00180_P01214,6.51
M00181_P00888,0.0
M00181_P00889,5.83
M00181_P00893,0.0
M00181_P00894,7.0
M00181_P00895,0.0
M00181_P00901,0.0
M00181_P00909,6.12
M00181_P01020,7.43
M00181_P01034,5.59
M00181_P01037,6.39
M00181_P01038,5.29
M00182_P00705,0.0
M00182_P00707,5.59
M00182_P00716,5.7
M00182_P00718,7.01
M00182_P00724,6.09
M00182_P00728,7.03
M00182_P00761,0.0
M00182_P00772,6.82
M00183_P00391,0.0
M00183_P00399,0.0
M00183_P00410,6.23
M00183_P00416,6.88
M00183_P00529,0.0
M00183_P00535,0.0
M00183_P00536,0.0
M00183_P00542,0.0
M00183_P00543,6.71
M00184_P00391,5.94
M00184_P00399,0.0
M00184_P00410,5.87
M00184_P00416,6.98
M00184_P00732,0.0
M00184_P00738,0.0
M00184_P00742,6.39
M00184_P00744,0.0
M00184_P00747,0.0
M00184_P00753,5.74
M00185_P00940,0.0
M00185_P00948,0.0
M00185_P00950,6.61
M00185_P00951,6.11
M00185_P00959,0.0
M00185_P00962,7.24
M00185_P01041,0.0
M00185_P01042,0.0
M00185_P01048,6.3
M00185_P01049,6.7
M00185_P01051,5.66
M00185_P01055,0.0
M00185_P01063,0.0
M00185_P01064,5.59
M00186_P00032,7.14
M00186_P00044,6.74
M00186_P00045,0.0
M00186_P00050,0.0
M00186_P00052,0.0
M00186_P00549,5.77
M00186_P00552,5.05
M00186_P00554,0.0
M00186_P00561,0.0
M00186_P00562,6.43
M00186_P00568,4.41
M00187_P00287,0.0
M00187_P00290,6.03
M00187_P00291,4.88
M00187_P00295,7.62
M00187_P00297,0.0
M00187_P00298,0.0
M00187_P00299,6.18
M00187_P00304,6.19
M00187_P00307,0.0
M00187_P00309,0.0
M00187_P00310,7.67
M00187_P00835,6.06
M00187_P00840,5.8
M00187_P00844,0.0
M00187_P00847,5.59
M00187_P00848,0.0
M00187_P00856,6.62
M00188_P00423,0.0
M00188_P00424,0.0
M00188_P00425,6.39
M00188_P00426,6.25
M00188_P00431,5.62
M00188_P00436,5.92
M00188_P00440,5.93
M00188_P00574,0.0
M00188_P00579,0.0
M00188_P00582,6.7
M00188_P00584,5.66
M00188_P00586,5.76
M00188_P00590,7.29
M00189_P00011,0.0
M00189_P00024,5.68
M00189_P00922,0.0
M00189_P00927,4.87
M00189_P00931,0.0
M00189_P00935,0.0
M00190_P00136,0.0
M00190_P00141,6.98
M00190_P00148,6.11
M00190_P00156,6.52
M00190_P00423,0.0
M00190_P00424,0.0
M00190_P00425,6.3
M00190_P00426,5.92
M00190_P00431,5.98
M00190_P00436,0.0
M00190_P00440,0.0
M00191_P00807,0.0
M00191_P00812,6.93
M00191_P00819,0.0
M00191_P00826,6.19
M00191_P00827,0.0
M00191_P00940,0.0
M00191_P00948,0.0
M00191_P00950,0.0
M00191_P00951,0.0
M00191_P00959,6.61
M00191_P00962,0.0
M00192_P00782,7.19
M00192_P00786,6.05
M00192_P00788,6.53
M00192_P00797,0.0
M00192_P00803,5.98
M00192_P01146,7.73
M00192_P01157,6.45
M00192_P01166,5.31
M00192_P01169,0.0
M00193_P00032,7.37
M00193_P00044,7.22
M00193_P00045,5.59
M00193_P00050,6.99
M00193_P00052,0.0
M00193_P00732,0.0
M00193_P00738,0.0
M00193_P00742,6.35
M00193_P00744,0.0
M00193_P00747,0.0
M00193_P00753,5.89
M00194_P00368,4.78
M00194_P00372,5.5
M00194_P00378,0.0
M00194_P00382,0.0
M00194_P00383,0.0
M00194_P00678,0.0
M00194_P00679,0.0
M00194_P00680,4.79
M00194_P00681,5.49
M00194_P00683,6.78
M00194_P00694,5.09
M00195_P00515,0.0
M00195_P01120,5.98
M00196_P00782,0.0
M00196_P00786,0.0
M00196_P00788,0.0
M00196_P00797,5.42
M00196_P00803,5.09
M00196_P00940,6.41
M00196_P00948,5.43
M00196_P00950,0.0
M00196_P00951,0.0
M00196_P00959,0.0
M00196_P00962,8.1
M00197_P00705,0.0
M00197_P00707,0.0
M00197_P00716,5.03
M00197_P00718,6.2
M00197_P00724,0.0
M00197_P00728,0.0
M00197_P00940,6.09
M00197_P00948,0.0
M00197_P00950,6.26
M00197_P00951,6.07
M00197_P00959,6.48
M00197_P00962,7.66
M00198_P00761,6.29
M00198_P00772,5.14
M00198_P01146,0.0
M00198_P01157,0.0
M00198_P01166,6.24
M00198_P01169,0.0
M00199_P00368,0.0
M00199_P00372,0.0
M00199_P00378,0.0
M00199_P00382,6.46
M00199_P00383,0.0
M00199_P00423,0.0
M00199_P00424,5.25
M00199_P00425,5.67
M00199_P00426,5.54
M00199_P00431,0.0
M00199_P00436,6.9
M00199_P00440,0.0
M00200_P00185,0.0
M00200_P00193,0.0
M00200_P00197,5.98
M00200_P00199,5.89
M00200_P00200,5.77
M00200_P00529,0.0
M00200_P00535,5.64
M00200_P00536,0.0
M00200_P00542,0.0
M00200_P00543,5.54
M00201_P00313,0.0
M00201_P00324,6.27
M00201_P00329,0.0
M00201_P00333,0.0
M00201_P00334,7.0
M00201_P00368,7.13
M00201_P00372,6.97
M00201_P00378,6.15
M00201_P00382,4.6
M00201_P00383,6.06
M00202_P00443,6.4
M00202_P00448,6.57
M00202_P00452,0.0
M00202_P00462,6.37
M00202_P00463,0.0
M00202_P00465,6.36
M00202_P00468,0.0
M00202_P01223,0.0
M00202_P01234,6.8
M00202_P01236,6.18
M00202_P01241,5.46
M00202_P01242,0.0
M00203_P00157,0.0
M00203_P00159,0.0
M00203_P00164,0.0
M00203_P00169,5.74
M00203_P00171,0.0
M00203_P00175,7.33
M00203_P00345,5.66
M00203_P00347,6.84
M00203_P00351,5.76
M00203_P00353,0.0
M00203_P00359,0.0
M00203_P00362,6.46
M00204_P00287,0.0
M00204_P00290,6.77
M00204_P00291,0.0
M00204_P00295,7.51
M00204_P00297,6.28
M00204_P00298,0.0
M00204_P00299,5.94
M00204_P00304,6.39
M00204_P00307,0.0
M00204_P00309,5.72
M00204_P00310,0.0
M00204_P00611,0.0
M00204_P00618,6.25
M00204_P00619,0.0
M00204_P00622,6.55
M00205_P00888,0.0
M00205_P00889,0.0
M00205_P00893,5.73
M00205_P00894,6.13
M00205_P00895,5.87
M00205_P00901,7.23
M00205_P00909,0.0
M00205_P01177,0.0
M00205_P01182,6.8
M00205_P01184,5.78
M00205_P01193,6.07
M00205_P01196,0.0
M00206_P00055,0.0
M00206_P00057,6.47
M00206_P00059,0.0
M00206_P00064,6.4
M00206_P00066,8.33
M00206_P00071,6.87
M00206_P00077,7.67
M00206_P00108,5.79
M00206_P00110,6.15
M00206_P00114,6.4
M00206_P00124,0.0
M00206_P00129,6.3
M00207_P00209,0.0
M00207_P00210,7.41
M00207_P00211,0.0
M00207_P00219,0.0
M00207_P00221,5.92
M00207_P00222,6.01
M00207_P00232,0.0
M00207_P00234,0.0
M00207_P01146,0.0
M00207_P01157,0.0
M00207_P01166,6.94
M00207_P01169,5.51
M00208_P00011,5.06
M00208_P00024,0.0
M00208_P00157,4.84
M00208_P00159,0.0
M00208_P00164,6.2
M00208_P00169,7.21
M00208_P00171,0.0
M00208_P00175,0.0
M00209_P00782,6.85
M00209_P00786,0.0
M00209_P00788,0.0
M00209_P00797,7.66
M00209_P00803,0.0
M00209_P00807,5.73
M00209_P00812,7.2
M00209_P00819,5.73
M00209_P00826,6.12
M00209_P00827,6.97
M00210_P00079,0.0
M00210_P00082,6.32
M00210_P00087,5.92
M00210_P00097,6.95
M00210_P00102,0.0
M00210_P00287,0.0
M00210_P00290,5.14
M00210_P00291,4.95
M00210_P00295,7.49
M00210_P00297,0.0
M00210_P00298,4.36
M00210_P00299,6.59
M00210_P00304,0.0
M00210_P00307,0.0
M00210_P00309,0.0
M00210_P00310,0.0
M00211_P00108,0.0
M00211_P00110,5.45
M00211_P00114,6.99
M00211_P00124,0.0
M00211_P00129,6.14
M00211_P00185,0.0
M00211_P00193,6.27
M00211_P00197,0.0
M00211_P00199,0.0
M00211_P00200,6.21
M00212_P00108,5.61
M00212_P00110,5.08
M00212_P00114,0.0
M00212_P00124,5.96
M00212_P00129,5.84
M00212_P00965,0.0
M00212_P00966,5.52
M00212_P00975,0.0
M00212_P00978,6.4
M00212_P00980,7.02
M00212_P00986,5.73
M00213_P00241,4.94
M00213_P00244,6.3
M00213_P00245,0.0
M00213_P00248,0.0
M00213_P00255,0.0
M00213_P00260,7.36
M00213_P00266,7.5
M00213_P00271,5.72
M00213_P00278,6.13
M00213_P00286,0.0
M00214_P00136,7.43
M00214_P00141,0.0
M00214_P00148,0.0
M00214_P00156,6.71
M00214_P00423,0.0
M00214_P00424,5.66
M00214_P00425,7.51
M00214_P00426,0.0
M00214_P00431,5.43
M00214_P00436,0.0
M00214_P00440,6.1
M00215_P00991,7.42
M00215_P00993,0.0
M00215_P00997,6.06
M00215_P01000,5.57
M00215_P01010,0.0
M00215_P01020,6.34
M00215_P01034,0.0
M00215_P01037,0.0
M00215_P01038,6.71
M00216_P00625,0.0
M00216_P00630,5.27
M00216_P00632,0.0
M00216_P00635,6.36
M00216_P00644,6.8
M00216_P00645,0.0
M00216_P00650,7.29
M00216_P00863,0.0
M00216_P00880,6.54
M00216_P00882,0.0
M00217_P00515,0.0
M00217_P00991,7.12
M00217_P00993,5.3
M00217_P00997,6.41
M00217_P01000,6.47
M00217_P01010,0.0
M00218_P00940,0.0
M00218_P00948,6.65
M00218_P00950,5.98
M00218_P00951,6.02
M00218_P00959,6.18
M00218_P00962,0.0
M00218_P01041,0.0
M00218_P01042,5.93
M00218_P01048,0.0
M00218_P01049,6.71
M00218_P01051,6.8
M00218_P01055,5.55
M00218_P01063,0.0
M00218_P01064,6.01
M00219_P00345,5.89
M00219_P00347,6.87
M00219_P00351,5.37
M00219_P00353,0.0
M00219_P00359,6.54
M00219_P00362,6.67
M00219_P01070,0.0
M00219_P01074,0.0
M00219_P01082,0.0
M00220_P00136,0.0
M00220_P00141,6.52
M00220_P00148,5.27
M00220_P00156,5.27
M00220_P01099,6.06
M00220_P01107,0.0
M00220_P01108,0.0
M00220_P01109,5.49
M00220_P01114,6.18
M00220_P01118,0.0
M00221_P00287,0.0
M00221_P00290,5.86
M00221_P00291,6.65
M00221_P00295,0.0
M00221_P00297,0.0
M00221_P00298,6.11
M00221_P00299,6.6
M00221_P00304,6.7
M00221_P00307,6.03
M00221_P00309,5.46
M00221_P00310,6.05
M00221_P00940,0.0
M00221_P00948,6.01
M00221_P00950,6.67
M00221_P00951,6.33
M00221_P00959,0.0
M00221_P00962,0.0
M00222_P00011,6.75
M00222_P00024,0.0
M00222_P00705,5.65
M00222_P00707,0.0
M00222_P00716,5.85
M00222_P00718,0.0
M00222_P00724,6.11
M00222_P00728,6.97
M00223_P00055,0.0
M00223_P00057,0.0
M00223_P00059,5.89
M00223_P00064,5.64
M00223_P00066,6.64
M00223_P00071,0.0
M00223_P00077,5.56
M00223_P00478,5.66
M00223_P00479,0.0
M00223_P00486,5.41
M00223_P00491,0.0
M00224_P00478,5.68
M00224_P00479,0.0
M00224_P00486,0.0
M00224_P00491,0.0
M00224_P01177,5.5
M00224_P01182,0.0
M00224_P01184,0.0
M00224_P01193,0.0
M00224_P01196,6.11
M00225_P00108,5.65
M00225_P00110,5.34
M00225_P00114,7.07
M00225_P00124,5.87
M00225_P00129,5.68
M00225_P01146,7.63
M00225_P01157,5.97
M00225_P01166,0.0
M00225_P01169,5.48
M00226_P00965,0.0
M00226_P00966,6.44
M00226_P00975,6.26
M00226_P00978,0.0
M00226_P00980,6.74
M00226_P00986,0.0
M00226_P01041,6.36
M00226_P01042,0.0
M00226_P01048,0.0
M00226_P01049,0.0
M00226_P01051,5.03
M00226_P01055,6.9
M00226_P01063,5.94
M00226_P01064,0.0
M00227_P00185,0.0
M00227_P00193,0.0
M00227_P00197,7.17
M00227_P00199,5.56
M00227_P00200,0.0
M00227_P00705,6.55
M00227_P00707,0.0
M00227_P00716,5.21
M00227_P00718,0.0
M00227_P00724,6.01
M00227_P00728,6.39
M00228_P00241,0.0
M00228_P00244,6.1
M00228_P00245,5.95
M00228_P00248,5.69
M00228_P00255,0.0
M00228_P00260,6.98
M00228_P01070,0.0
M00228_P01074,5.11
M00228_P01082,0.0
M00229_P00079,0.0
M00229_P00082,0.0
M00229_P00087,7.07
M00229_P00097,6.64
M00229_P00102,0.0
M00229_P00108,0.0
M00229_P00110,5.94
M00229_P00114,7.25
M00229_P00124,6.32
M00229_P00129,5.53
M00230_P00940,5.75
M00230_P00948,5.88
M00230_P00950,0.0
M00230_P00951,7.17
M00230_P00959,4.81
M00230_P00962,6.72
M00230_P00991,0.0
M00230_P00993,5.84
M00230_P00997,5.67
M00230_P01000,6.85
M00230_P01010,0.0
M00231_P00185,6.53
M00231_P00193,0.0
M00231_P00197,5.2
M00231_P00199,6.61
M00231_P00200,5.07
M00231_P00782,5.9
M00231_P00786,5.99
M00231_P00788,0.0
M00231_P00797,6.67
M00231_P00803,7.43
M00232_P00655,5.67
M00232_P00662,0.0
M00232_P00666,0.0
M00232_P00668,0.0
M00232_P00669,0.0
M00232_P00673,6.34
M00232_P00674,5.66
M00232_P01146,0.0
M00232_P01157,0.0
M00232_P01166,7.33
M00232_P01169,6.56
M00233_P00136,7.46
M00233_P00141,7.16
M00233_P00148,6.41
M00233_P00156,6.23
M00233_P00732,4.96
M00233_P00738,6.65
M00233_P00742,0.0
M00233_P00744,6.58
M00233_P00747,7.41
M00233_P00753,7.11
M00234_P00529,6.2
M00234_P00535,5.5
M00234_P00536,4.15
M00234_P00542,0.0
M00234_P00543,0.0
M00234_P00705,0.0
M00234_P00707,0.0
M00234_P00716,6.56
M00234_P00718,6.04
M00234_P00724,6.79
M00234_P00728,0.0
M00235_P00032,6.88
M00235_P00044,0.0
M00235_P00045,4.72
M00235_P00050,6.32
M00235_P00052,0.0
M00235_P00157,0.0
M00235_P00159,7.64
M00235_P00164,0.0
M00235_P00169,6.25
M00235_P00171,6.9
M00235_P00175,0.0
M00236_P00443,0.0
M00236_P00448,0.0
M00236_P00452,5.75
M00236_P00462,6.39
M00236_P00463,0.0
M00236_P00465,5.81
M00236_P00468,6.12
M00236_P01120,6.23
M00237_P00287,0.0
M00237_P00290,6.27
M00237_P00291,5.58
M00237_P00295,0.0
M00237_P00297,0.0
M00237_P00298,5.72
M00237_P00299,6.17
M00237_P00304,6.64
M00237_P00307,5.27
M00237_P00309,0.0
M00237_P00310,0.0
M00237_P00807,0.0
M00237_P00812,7.26
M00237_P00819,5.9
M00237_P00826,6.64
M00237_P00827,0.0
M00238_P00287,5.68
M00238_P00290,0.0
M00238_P00291,6.51
M00238_P00295,0.0
M00238_P00297,4.49
M00238_P00298,5.65
M00238_P00299,5.85
M00238_P00304,6.8
M00238_P00307,0.0
M00238_P00309,0.0
M00238_P00310,6.46
M00238_P00443,0.0
M00238_P00448,0.0
M00238_P00452,5.05
M00238_P00462,0.0
M00238_P00463,6.9
M00238_P00465,0.0
M00238_P00468,5.62
M00239_P00807,0.0
M00239_P00812,6.08
M00239_P00819,4.65
M00239_P00826,5.64
M00239_P00827,6.46
M00239_P01041,5.73
M00239_P01042,0.0
M00239_P01048,0.0
M00239_P01049,6.56
M00239_P01051,4.79
M00239_P01055,0.0
M00239_P01063,0.0
M00239_P01064,5.84
M00240_P00574,0.0
M00240_P00579,6.1
M00240_P00582,5.68
M00240_P00584,6.74
M00240_P00586,0.0
M00240_P00590,7.13
M00240_P00705,0.0
M00240_P00707,0.0
M00240_P00716,0.0
M00240_P00718,7.25
M00240_P00724,5.61
M00240_P00728,7.02
M00241_P00157,0.0
M00241_P00159,5.43
M00241_P00164,6.17
M00241_P00169,5.4
M00241_P00171,6.48
M00241_P00175,5.88
M00241_P01099,0.0
M00241_P01107,0.0
M00241_P01108,7.39
M00241_P01109,0.0
M00241_P01114,6.32
M00241_P01118,7.21
M00242_P00678,5.8
M00242_P00679,0.0
M00242_P00680,5.69
M00242_P00681,0.0
M00242_P00683,5.72
M00242_P00694,5.9
M00242_P01177,6.65
M00242_P01182,6.17
M00242_P01184,6.67
M00242_P01193,5.85
M00242_P01196,5.63
M00243_P00655,6.33
M00243_P00662,0.0
M00243_P00666,6.29
M00243_P00668,0.0
M00243_P00669,6.34
M00243_P00673,0.0
M00243_P00674,0.0
M00243_P01099,0.0
M00243_P01107,6.2
M00243_P01108,7.31
M00243_P01109,0.0
M00243_P01114,0.0
M00243_P01118,6.6
M00244_P00136,0.0
M00244_P00141,6.86
M00244_P00148,0.0
M00244_P00156,0.0
M00244_P00761,5.56
M00244_P00772,0.0
M00245_P00185,0.0
M00245_P00193,6.26
M00245_P00197,0.0
M00245_P00199,0.0
M00245_P00200,5.62
M00245_P00529,0.0
M00245_P00535,5.64
M00245_P00536,0.0
M00245_P00542,0.0
M00245_P00543,0.0
M00246_P00011,6.24
M00246_P00024,5.49
M00246_P00835,7.33
M00246_P00840,0.0
M00246_P00844,6.15
M00246_P00847,0.0
M00246_P00848,5.46
M00246_P00856,6.65
M00247_P00079,0.0
M00247_P00082,6.35
M00247_P00087,6.27
M00247_P00097,6.54
M00247_P00102,0.0
M00247_P00678,0.0
M00247_P00679,0.0
M00247_P00680,6.53
M00247_P00681,6.91
M00247_P00683,0.0
M00247_P00694,0.0
M00248_P00807,0.0
M00248_P00812,0.0
M00248_P00819,0.0
M00248_P00826,6.23
M00248_P00827,7.31
M00248_P01020,5.69
M00248_P01034,6.63
M00248_P01037,0.0
M00248_P01038,0.0
M00249_P00079,0.0
M00249_P00082,0.0
M00249_P00087,0.0
M00249_P00097,7.32
M00249_P00102,6.19
M00249_P00368,0.0
M00249_P00372,0.0
M00249_P00378,5.98
M00249_P00382,6.77
M00249_P00383,0.0
M00250_P00478,6.55
M00250_P00479,5.98
M00250_P00486,0.0
M00250_P00491,6.11
M00250_P00761,0.0
M00250_P00772,5.7
M00251_P00032,0.0
M00251_P00044,0.0
M00251_P00045,0.0
M00251_P00050,5.53
M00251_P00052,7.26
M00251_P00185,0.0
M00251_P00193,0.0
M00251_P00197,5.23
M00251_P00199,0.0
M00251_P00200,0.0
M00252_P00266,0.0
M00252_P00271,6.69
M00252_P00278,6.81
M00252_P00286,6.95
M00252_P01177,0.0
M00252_P01182,5.99
M00252_P01184,5.26
M00252_P01193,6.86
M00252_P01196,6.25
M00253_P00678,0.0
M00253_P00679,0.0
M00253_P00680,5.87
M00253_P00681,0.0
M00253_P00683,6.52
M00253_P00694,6.8
M00253_P00922,6.81
M00253_P00927,0.0
M00253_P00931,0.0
M00253_P00935,6.04
M00254_P00185,4.58
M00254_P00193,6.06
M00254_P00197,4.91
M00254_P00199,0.0
M00254_P00200,6.44
M00254_P00782,0.0
M00254_P00786,5.67
M00254_P00788,6.75
M00254_P00797,6.76
M00254_P00803,6.83
M00255_P00807,0.0
M00255_P00812,7.51
M00255_P00819,6.3
M00255_P00826,6.64
M00255_P00827,6.45
M00255_P01201,0.0
M00255_P01209,5.34
M00255_P01210,5.53
M00255_P01211,0.0
M00255_P01214,0.0
M00256_P00678,0.0
M00256_P00679,0.0
M00256_P00680,6.32
M00256_P00681,6.25
M00256_P00683,0.0
M00256_P00694,0.0
M00256_P00807,0.0
M00256_P00812,0.0
M00256_P00819,6.09
M00256_P00826,6.2
M00256_P00827,7.76
M00257_P00761,5.44
M00257_P00772,5.46
M00257_P00940,4.9
M00257_P00948,0.0
M00257_P00950,0.0
M00257_P00951,0.0
M00257_P00959,7.12
M00257_P00962,7.1
M00258_P00313,6.06
M00258_P00324,6.34
M00258_P00329,6.18
M00258_P00333,7.15
M00258_P00334,6.71
M00258_P01020,6.13
M00258_P01034,5.45
M00258_P01037,0.0
M00258_P01038,0.0
M00259_P00108,6.06
M00259_P00110,0.0
M00259_P00114,7.21
M00259_P00124,6.73
M00259_P00129,6.0
M00259_P00478,6.05
M00259_P00479,6.72
M00259_P00486,0.0
M00259_P00491,0.0
M00260_P00549,0.0
M00260_P00552,0.0
M00260_P00554,7.63
M00260_P00561,7.78
M00260_P00562,6.29
M00260_P00568,5.39
M00260_P00863,0.0
M00260_P00880,0.0
M00260_P00882,8.26
M00261_P00478,0.0
M00261_P00479,0.0
M00261_P00486,6.61
M00261_P00491,5.92
M00261_P01223,0.0
M00261_P01234,6.66
M00261_P01236,5.67
M00261_P01241,0.0
M00261_P01242,0.0
M00262_P00241,5.9
M00262_P00244,6.91
M00262_P00245,6.99
M00262_P00248,6.75
M00262_P00255,7.4
M00262_P00260,0.0
M00262_P00761,6.93
M00262_P00772,6.23
M00263_P00549,0.0
M00263_P00552,0.0
M00263_P00554,0.0
M00263_P00561,0.0
M00263_P00562,0.0
M00263_P00568,6.69
M00263_P00574,5.76
M00263_P00579,4.62
M00263_P00582,0.0
M00263_P00584,7.58
M00263_P00586,6.2
M00263_P00590,7.01
M00264_P00529,6.06
M00264_P00535,0.0
M00264_P00536,6.36
M00264_P00542,0.0
M00264_P00543,0.0
M00264_P00761,6.15
M00264_P00772,7.11
M00265_P00625,6.5
M00265_P00630,6.68
M00265_P00632,0.0
M00265_P00635,0.0
M00265_P00644,5.84
M00265_P00645,5.64
M00265_P00650,0.0
M00265_P00940,6.01
M00265_P00948,6.72
M00265_P00950,6.13
M00265_P00951,6.1
M00265_P00959,6.39
M00265_P00962,7.2
M00266_P00055,6.65
M00266_P00057,5.87
M00266_P00059,0.0
M00266_P00064,0.0
M00266_P00066,6.38
M00266_P00071,5.97
M00266_P00077,5.91
M00266_P00549,0.0
M00266_P00552,0.0
M00266_P00554,6.45
M00266_P00561,7.14
M00266_P00562,6.57
M00266_P00568,0.0
M00267_P00625,0.0
M00267_P00630,0.0
M00267_P00632,6.36
M00267_P00635,6.12
M00267_P00644,0.0
M00267_P00645,0.0
M00267_P00650,5.09
M00267_P01177,0.0
M00267_P01182,6.02
M00267_P01184,5.98
M00267_P01193,5.96
M00267_P01196,6.89
M00268_P00055,5.38
M00268_P00057,5.96
M00268_P00059,0.0
M00268_P00064,5.55
M00268_P00066,7.92
M00268_P00071,5.99
M00268_P00077,6.37
M00268_P00807,0.0
M00268_P00812,6.83
M00268_P00819,0.0
M00268_P00826,5.78
M00268_P00827,7.44
M00269_P00157,5.14
M00269_P00159,0.0
M00269_P00164,0.0
M00269_P00169,5.49
M00269_P00171,6.87
M00269_P00175,7.11
M00269_P00761,6.55
M00269_P00772,7.07
M00270_P00011,6.03
M00270_P00024,6.11
M00270_P01223,5.96
M00270_P01234,5.85
M00270_P01236,0.0
M00270_P01241,7.32
M00270_P01242,6.3
M00271_P00241,6.04
M00271_P00244,6.39
M00271_P00245,6.01
M00271_P00248,5.97
M00271_P00255,6.14
M00271_P00260,7.35
M00271_P01070,6.92
M00271_P01074,6.59
M00271_P01082,6.02
M00272_P00423,6.28
M00272_P00424,6.07
M00272_P00425,0.0
M00272_P00426,5.86
M00272_P00431,0.0
M00272_P00436,5.6
M00272_P00440,4.54
M00272_P00574,0.0
M00272_P00579,6.27
M00272_P00582,0.0
M00272_P00584,7.04
M00272_P00586,0.0
M00272_P00590,7.23
M00273_P00136,6.58
M00273_P00141,0.0
M00273_P00148,6.07
M00273_P00156,0.0
M00273_P01070,5.89
M00273_P01074,6.49
M00273_P01082,0.0
M00274_P00529,7.01
M00274_P00535,0.0
M00274_P00536,0.0
M00274_P00542,6.38
M00274_P00543,6.68
M00274_P01070,5.82
M00274_P01074,6.28
M00274_P01082,5.56
M00275_P00055,0.0
M00275_P00057,5.52
M00275_P00059,6.27
M00275_P00064,0.0
M00275_P00066,6.85
M00275_P00071,5.88
M00275_P00077,0.0
M00275_P00888,0.0
M00275_P00889,4.72
M00275_P00893,6.4
M00275_P00894,5.9
M00275_P00895,0.0
M00275_P00901,6.49
M00275_P00909,5.85
M00276_P00391,0.0
M00276_P00399,6.86
M00276_P00410,6.14
M00276_P00416,6.71
M00276_P01070,0.0
M00276_P01074,0.0
M00276_P01082,6.36
M00277_P00136,7.6
M00277_P00141,7.7
M00277_P00148,0.0
M00277_P00156,6.7
M00277_P00368,5.32
M00277_P00372,6.38
M00277_P00378,0.0
M00277_P00382,0.0
M00277_P00383,0.0
M00278_P01041,5.58
M00278_P01042,0.0
M00278_P01048,7.09
M00278_P01049,7.78
M00278_P01051,0.0
M00278_P01055,6.48
M00278_P01063,0.0
M00278_P01064,6.59
M00278_P01201,6.78
M00278_P01209,6.56
M00278_P01210,5.6
M00278_P01211,0.0
M00278_P01214,5.94
M00279_P00266,0.0
M00279_P00271,6.8
M00279_P00278,7.27
M00279_P00286,5.57
M00279_P01177,0.0
M00279_P01182,0.0
M00279_P01184,6.85
M00279_P01193,5.22
M00279_P01196,6.87
M00280_P00055,0.0
M00280_P00057,6.14
M00280_P00059,6.69
M00280_P00064,5.64
M00280_P00066,7.89
M00280_P00071,0.0
M00280_P00077,0.0
M00280_P00549,0.0
M00280_P00552,0.0
M00280_P00554,5.92
M00280_P00561,0.0
M00280_P00562,6.81
M00280_P00568,0.0
M00281_P00478,6.47
M00281_P00479,7.41
M00281_P00486,5.38
M00281_P00491,6.04
M00281_P00611,0.0
M00281_P00618,0.0
M00281_P00619,6.24
M00281_P00622,0.0
M00282_P00241,0.0
M00282_P00244,5.71
M00282_P00245,7.09
M00282_P00248,0.0
M00282_P00255,6.5
M00282_P00260,0.0
M00282_P00423,7.45
M00282_P00424,6.22
M00282_P00425,6.85
M00282_P00426,5.73
M00282_P00431,6.78
M00282_P00436,0.0
M00282_P00440,5.48
M00283_P00940,0.0
M00283_P00948,6.2
M00283_P00950,6.8
M00283_P00951,0.0
M00283_P00959,5.69
M00283_P00962,6.9
M00283_P01146,0.0
M00283_P01157,5.56
M00283_P01166,6.29
M00283_P01169,0.0
M00284_P00266,6.26
M00284_P00271,5.83
M00284_P00278,6.75
M00284_P00286,0.0
M00284_P00313,0.0
M00284_P00324,0.0
M00284_P00329,6.27
M00284_P00333,6.98
M00284_P00334,6.84
M00285_P01020,6.35
M00285_P01034,0.0
M00285_P01037,5.92
M00285_P01038,6.02
M00285_P01146,0.0
M00285_P01157,5.49
M00285_P01166,6.13
M00285_P01169,6.47
M00286_P00241,5.23
M00286_P00244,5.87
M00286_P00245,0.0
M00286_P00248,6.22
M00286_P00255,0.0
M00286_P00260,6.3
M00286_P00965,0.0
M00286_P00966,5.74
M00286_P00975,7.09
M00286_P00978,0.0
M00286_P00980,6.04
M00286_P00986,0.0
M00287_P00423,6.48
M00287_P00424,5.13
M00287_P00425,0.0
M00287_P00426,6.06
M00287_P00431,0.0
M00287_P00436,0.0
M00287_P00440,6.97
M00287_P01041,0.0
M00287_P01042,5.79
M00287_P01048,5.86
M00287_P01049,8.0
M00287_P01051,0.0
M00287_P01055,0.0
M00287_P01063,0.0
M00287_P01064,0.0
M00288_P00011,0.0
M00288_P00024,0.0
M00288_P01099,6.63
M00288_P01107,6.05
M00288_P01108,7.34
M00288_P01109,5.87
M00288_P01114,0.0
M00288_P01118,6.77
M00289_P00888,0.0
M00289_P00889,5.14
M00289_P00893,5.42
M00289_P00894,6.98
M00289_P00895,7.37
M00289_P00901,6.95
M00289_P00909,0.0
M00289_P01120,5.84
M00290_P00574,6.31
M00290_P00579,0.0
M00290_P00582,0.0
M00290_P00584,5.45
M00290_P00586,5.86
M00290_P00590,7.23
M00290_P00732,5.26
M00290_P00738,5.38
M00290_P00742,5.85
M00290_P00744,5.2
M00290_P00747,0.0
M00290_P00753,5.99
M00291_P00705,6.26
M00291_P00707,0.0
M00291_P00716,6.31
M00291_P00718,6.7
M00291_P00724,6.6
M00291_P00728,0.0
M00291_P01041,0.0
M00291_P01042,5.51
M00291_P01048,5.15
M00291_P01049,7.3
M00291_P01051,6.4
M00291_P01055,0.0
M00291_P01063,6.66
M00291_P01064,6.23
M00292_P00515,5.38
M00292_P00761,6.6
M00292_P00772,5.26
M00293_P00157,0.0
M00293_P00159,6.21
M00293_P00164,5.67
M00293_P00169,5.7
M00293_P00171,0.0
M00293_P00175,6.38
M00293_P00782,0.0
M00293_P00786,0.0
M00293_P00788,7.63
M00293_P00797,6.93
M00293_P00803,6.33
M00294_P00574,0.0
M00294_P00579,6.32
M00294_P00582,0.0
M00294_P00584,6.54
M00294_P00586,0.0
M00294_P00590,6.61
M00294_P00940,6.33
M00294_P00948,5.71
M00294_P00950,5.7
M00294_P00951,6.75
M00294_P00959,6.21
M00294_P00962,0.0
M00295_P00478,5.85
M00295_P00479,7.7
M00295_P00486,6.78
M00295_P00491,6.19
M00295_P01146,0.0
M00295_P01157,6.23
M00295_P01166,6.9
M00295_P01169,0.0
M00296_P00011,7.28
M00296_P00024,0.0
M00296_P00443,5.48
M00296_P00448,5.92
M00296_P00452,6.67
M00296_P00462,6.49
M00296_P00463,5.94
M00296_P00465,6.34
M00296_P00468,0.0
M00297_P00807,0.0
M00297_P00812,7.7
M00297_P00819,0.0
M00297_P00826,6.48
M00297_P00827,6.24
M00297_P00991,0.0
M00297_P00993,5.84
M00297_P00997,4.4
M00297_P01000,4.86
M00297_P01010,7.02
M00298_P00574,0.0
M00298_P00579,6.77
M00298_P00582,0.0
M00298_P00584,6.15
M00298_P00586,5.6
M00298_P00590,0.0
M00298_P00991,0.0
M00298_P00993,0.0
M00298_P00997,5.55
M00298_P01000,0.0
M00298_P01010,6.91
M00299_P00423,6.33
M00299_P00424,4.98
M00299_P00425,0.0
M00299_P00426,0.0
M00299_P00431,5.96
M00299_P00436,6.76
M00299_P00440,6.31
M00299_P01020,6.59
M00299_P01034,0.0
M00299_P01037,0.0
M00299_P01038,5.07
M00300_P00157,0.0
M00300_P00159,6.22
M00300_P00164,0.0
M00300_P00169,5.2
M00300_P00171,0.0
M00300_P00175,6.53
M00300_P01041,5.23
M00300_P01042,0.0
M00300_P01048,6.16
M00300_P01049,7.21
M00300_P01051,6.33
M00300_P01055,5.83
M00300_P01063,4.9
M00300_P01064,0.0
M00301_P00515,0.0
M00301_P00761,6.57
M00301_P00772,0.0
M00302_P00209,0.0
M00302_P00210,6.4
M00302_P00211,0.0
M00302_P00219,6.15
M00302_P00221,0.0
M00302_P00222,0.0
M00302_P00232,0.0
M00302_P00234,8.1
M00302_P01201,5.33
M00302_P01209,6.15
M00302_P01210,0.0
M00302_P01211,6.44
M00302_P01214,5.81
M00303_P00529,6.74
M00303_P00535,4.88
M00303_P00536,4.91
M00303_P00542,6.02
M00303_P00543,6.43
M00303_P00705,6.08
M00303_P00707,6.32
M00303_P00716,0.0
M00303_P00718,0.0
M00303_P00724,6.76
M00303_P00728,5.41
M00304_P00209,5.05
M00304_P00210,0.0
M00304_P00211,0.0
M00304_P00219,0.0
M00304_P00221,6.17
M00304_P00222,6.86
M00304_P00232,0.0
M00304_P00234,0.0
M00304_P00922,6.1
M00304_P00927,5.43
M00304_P00931,5.88
M00304_P00935,0.0
M00305_P00266,5.58
M00305_P00271,0.0
M00305_P00278,6.86
M00305_P00286,5.94
M00305_P00443,0.0
M00305_P00448,6.29
M00305_P00452,6.15
M00305_P00462,6.03
M00305_P00463,0.0
M00305_P00465,0.0
M00305_P00468,6.93
M00306_P00549,4.92
M00306_P00552,5.91
M00306_P00554,6.19
M00306_P00561,7.76
M00306_P00562,6.39
M00306_P00568,0.0
M00306_P01223,0.0
M00306_P01234,0.0
M00306_P01236,5.64
M00306_P01241,0.0
M00306_P01242,6.29
M00307_P00108,0.0
M00307_P00110,0.0
M00307_P00114,6.84
M00307_P00124,0.0
M00307_P00129,0.0
M00307_P00266,0.0
M00307_P00271,0.0
M00307_P00278,7.28
M00307_P00286,0.0
M00308_P01120,0.0
M00308_P01223,0.0
M00308_P01234,6.01
M00308_P01236,0.0
M00308_P01241,5.52
M00308_P01242,5.95
M00309_P00611,5.62
M00309_P00618,0.0
M00309_P00619,6.65
M00309_P00622,6.94
M00309_P00922,0.0
M00309_P00927,4.86
M00309_P00931,5.51
M00309_P00935,0.0
M00310_P00011,5.79
M00310_P00024,6.07
M00310_P00443,0.0
M00310_P00448,5.35
M00310_P00452,6.67
M00310_P00462,0.0
M00310_P00463,6.41
M00310_P00465,0.0
M00310_P00468,0.0
M00311_P00611,5.79
M00311_P00618,6.61
M00311_P00619,6.68
M00311_P00622,7.0
M00311_P00761,6.17
M00311_P00772,0.0
M00312_P00625,0.0
M00312_P00630,6.33
M00312_P00632,5.89
M00312_P00635,7.17
M00312_P00644,6.02
M00312_P00645,0.0
M00312_P00650,5.14
M00312_P00965,0.0
M00312_P00966,0.0
M00312_P00975,6.77
M00312_P00978,5.39
M00312_P00980,6.39
M00312_P00986,0.0
M00313_P00157,0.0
M00313_P00159,4.96
M00313_P00164,0.0
M00313_P00169,4.72
M00313_P00171,5.97
M00313_P00175,6.15
M00313_P01146,0.0
M00313_P01157,0.0
M00313_P01166,5.94
M00313_P01169,0.0
M00314_P00032,0.0
M00314_P00044,0.0
M00314_P00045,5.98
M00314_P00050,0.0
M00314_P00052,0.0
M00314_P01041,0.0
M00314_P01042,0.0
M00314_P01048,7.03
M00314_P01049,0.0
M00314_P01051,0.0
M00314_P01055,6.39
M00314_P01063,0.0
M00314_P01064,0.0
M00315_P00368,5.67
M00315_P00372,0.0
M00315_P00378,5.27
M00315_P00382,5.13
M00315_P00383,5.54
M00315_P01020,0.0
M00315_P01034,5.64
M00315_P01037,0.0
M00315_P01038,0.0
M00316_P00761,0.0
M00316_P00772,6.37
M00316_P01041,0.0
M00316_P01042,6.01
M00316_P01048,0.0
M00316_P01049,0.0
M00316_P01051,7.03
M00316_P01055,6.09
M00316_P01063,5.26
M00316_P01064,6.01
M00317_P00678,5.42
M00317_P00679,0.0
M00317_P00680,0.0
M00317_P00681,6.92
M00317_P00683,6.26
M00317_P00694,6.3
M00317_P01070,0.0
M00317_P01074,6.02
M00317_P01082,0.0
M00318_P00055,5.68
M00318_P00057,0.0
M00318_P00059,0.0
M00318_P00064,0.0
M00318_P00066,0.0
M00318_P00071,6.16
M00318_P00077,5.83
M00318_P00079,6.32
M00318_P00082,6.88
M00318_P00087,6.02
M00318_P00097,0.0
M00318_P00102,5.42
M00319_P00157,0.0
M00319_P00159,0.0
M00319_P00164,0.0
M00319_P00169,6.07
M00319_P00171,0.0
M00319_P00175,6.35
M00319_P00185,6.71
M00319_P00193,0.0
M00319_P00197,0.0
M00319_P00199,6.13
M00319_P00200,6.42
M00320_P00625,0.0
M00320_P00630,5.3
M00320_P00632,6.27
M00320_P00635,6.45
M00320_P00644,6.99
M00320_P00645,6.77
M00320_P00650,6.34
M00320_P00782,0.0
M00320_P00786,6.13
M00320_P00788,0.0
M00320_P00797,0.0
M00320_P00803,6.19
M00321_P00965,0.0
M00321_P00966,0.0
M00321_P00975,0.0
M00321_P00978,0.0
M00321_P00980,0.0
M00321_P00986,0.0
M00321_P01223,6.27
M00321_P01234,0.0
M00321_P01236,6.04
M00321_P01241,5.64
M00321_P01242,5.76
M00322_P00157,0.0
M00322_P00159,5.19
M00322_P00164,0.0
M00322_P00169,5.52
M00322_P00171,0.0
M00322_P00175,5.77
M00322_P01070,0.0
M00322_P01074,5.3
M00322_P01082,5.15
M00323_P00055,0.0
M00323_P00057,0.0
M00323_P00059,0.0
M00323_P00064,6.57
M00323_P00066,7.07
M00323_P00071,0.0
M00323_P00077,5.52
M00323_P00443,0.0
M00323_P00448,0.0
M00323_P00452,0.0
M00323_P00462,6.18
M00323_P00463,7.49
M00323_P00465,7.17
M00323_P00468,5.21
M00324_P00345,5.4
M00324_P00347,6.28
M00324_P00351,6.0
M00324_P00353,6.01
M00324_P00359,5.28
M00324_P00362,5.04
M00324_P00761,6.67
M00324_P00772,6.05
M00325_P00157,5.92
M00325_P00159,0.0
M00325_P00164,5.44
M00325_P00169,6.38
M00325_P00171,0.0
M00325_P00175,5.72
M00325_P00611,0.0
M00325_P00618,6.79
M00325_P00619,0.0
M00325_P00622,4.92
M00326_P00888,0.0
M00326_P00889,6.46
M00326_P00893,6.53
M00326_P00894,0.0
M00326_P00895,0.0
M00326_P00901,7.33
M00326_P00909,6.8
M00326_P01099,6.81
M00326_P01107,5.57
M00326_P01108,7.51
M00326_P01109,7.27
M00326_P01114,6.93
M00326_P01118,0.0
M00327_P00443,0.0
M00327_P00448,5.66
M00327_P00452,6.44
M00327_P00462,7.16
M00327_P00463,0.0
M00327_P00465,6.01
M00327_P00468,5.32
M00327_P00655,0.0
M00327_P00662,0.0
M00327_P00666,0.0
M00327_P00668,5.42
M00327_P00669,6.23
M00327_P00673,7.34
M00327_P00674,5.0
M00328_P00136,6.85
M00328_P00141,0.0
M00328_P00148,5.88
M00328_P00156,6.8
M00328_P00761,5.42
M00328_P00772,5.83
M00329_P01041,0.0
M00329_P01042,0.0
M00329_P01048,7.45
M00329_P01049,7.27
M00329_P01051,6.78
M00329_P01055,5.61
M00329_P01063,7.32
M00329_P01064,5.82
M00329_P01070,5.78
M00329_P01074,6.79
M00329_P01082,5.9
M00330_P00079,0.0
M00330_P00082,6.64
M00330_P00087,6.61
M00330_P00097,0.0
M00330_P00102,0.0
M00330_P00574,5.42
M00330_P00579,0.0
M00330_P00582,5.35
M00330_P00584,6.24
M00330_P00586,4.82
M00330_P00590,0.0
M00331_P00345,7.51
M00331_P00347,5.91
M00331_P00351,5.78
M00331_P00353,5.87
M00331_P00359,6.47
M00331_P00362,0.0
M00331_P00940,5.59
M00331_P00948,0.0
M00331_P00950,0.0
M00331_P00951,0.0
M00331_P00959,0.0
M00331_P00962,6.31
M00332_P00345,5.63
M00332_P00347,0.0
M00332_P00351,6.3
M00332_P00353,0.0
M00332_P00359,6.95
M00332_P00362,7.49
M00332_P00965,6.86
M00332_P00966,0.0
M00332_P00975,0.0
M00332_P00978,0.0
M00332_P00980,0.0
M00332_P00986,0.0
M00333_P00241,0.0
M00333_P00244,5.27
M00333_P00245,7.09
M00333_P00248,0.0
M00333_P00255,0.0
M00333_P00260,8.07
M00333_P01020,6.39
M00333_P01034,6.94
M00333_P01037,4.91
M00333_P01038,0.0
M00334_P00209,6.27
M00334_P00210,0.0
M00334_P00211,0.0
M00334_P00219,6.67
M00334_P00221,6.38
M00334_P00222,6.03
M00334_P00232,5.19
M00334_P00234,6.92
M00334_P00241,6.52
M00334_P00244,0.0
M00334_P00245,5.96
M00334_P00248,5.52
M00334_P00255,7.95
M00334_P00260,0.0
M00335_P00185,0.0
M00335_P00193,6.57
M00335_P00197,6.31
M00335_P00199,0.0
M00335_P00200,6.45
M00335_P00287,0.0
M00335_P00290,0.0
M00335_P00291,6.39
M00335_P00295,6.14
M00335_P00297,0.0
M00335_P00298,0.0
M00335_P00299,6.74
M00335_P00304,5.83
M00335_P00307,0.0
M00335_P00309,0.0
M00335_P00310,5.27
M00336_P00011,5.79
M00336_P00024,0.0
M00336_P00209,6.27
M00336_P00210,0.0
M00336_P00211,0.0
M00336_P00219,0.0
M00336_P00221,0.0
M00336_P00222,7.05
M00336_P00232,0.0
M00336_P00234,8.14
M00337_P00529,6.34
M00337_P00535,0.0
M00337_P00536,0.0
M00337_P00542,0.0
M00337_P00543,7.19
M00337_P00965,6.97
M00337_P00966,0.0
M00337_P00975,0.0
M00337_P00978,0.0
M00337_P00980,6.88
M00337_P00986,6.91
M00338_P00079,0.0
M00338_P00082,5.72
M00338_P00087,5.59
M00338_P00097,7.17
M00338_P00102,6.23
M00338_P00423,0.0
M00338_P00424,0.0
M00338_P00425,6.89
M00338_P00426,5.14
M00338_P00431,0.0
M00338_P00436,6.19
M00338_P00440,7.05
M00339_P00185,0.0
M00339_P00193,5.65
M00339_P00197,5.87
M00339_P00199,5.45
M00339_P00200,5.61
M00339_P00863,6.38
M00339_P00880,0.0
M00339_P00882,0.0
M00340_P00732,5.89
M00340_P00738,4.89
M00340_P00742,6.32
M00340_P00744,6.04
M00340_P00747,0.0
M00340_P00753,0.0
M00340_P00782,6.73
M00340_P00786,5.22
M00340_P00788,0.0
M00340_P00797,6.19
M00340_P00803,0.0
M00341_P00835,0.0
M00341_P00840,0.0
M00341_P00844,5.91
M00341_P00847,6.39
M00341_P00848,0.0
M00341_P00856,6.27
M00341_P00991,0.0
M00341_P00993,6.6
M00341_P00997,0.0
M00341_P01000,0.0
M00341_P01010,7.02
M00342_P00368,5.97
M00342_P00372,6.53
M00342_P00378,4.9
M00342_P00382,0.0
M00342_P00383,4.91
M00342_P00835,0.0
M00342_P00840,5.87
M00342_P00844,5.15
M00342_P00847,5.83
M00342_P00848,0.0
M00342_P00856,0.0
M00343_P01099,7.1
M00343_P01107,6.06
M00343_P01108,0.0
M00343_P01109,6.28
M00343_P01114,6.97
M00343_P01118,0.0
M00343_P01201,0.0
M00343_P01209,0.0
M00343_P01210,5.95
M00343_P01211,6.34
M00343_P01214,6.03
M00344_P00761,0.0
M00344_P00772,5.74
M00344_P01099,6.37
M00344_P01107,0.0
M00344_P01108,6.59
M00344_P01109,6.39
M00344_P01114,0.0
M00344_P01118,6.49
M00345_P00655,0.0
M00345_P00662,0.0
M00345_P00666,6.09
M00345_P00668,0.0
M00345_P00669,0.0
M00345_P00673,7.01
M00345_P00674,6.1
M00345_P00782,5.48
M00345_P00786,0.0
M00345_P00788,0.0
M00345_P00797,0.0
M00345_P00803,5.47
M00346_P00807,0.0
M00346_P00812,7.54
M00346_P00819,5.7
M00346_P00826,6.33
M00346_P00827,6.7
M00346_P01201,6.72
M00346_P01209,6.1
M00346_P01210,6.06
M00346_P01211,7.33
M00346_P01214,0.0
M00347_P00136,6.43
M00347_P00141,0.0
M00347_P00148,0.0
M00347_P00156,5.78
M00347_P00549,5.54
M00347_P00552,4.33
M00347_P00554,5.8
M00347_P00561,7.79
M00347_P00562,6.68
M00347_P00568,5.92
M00348_P00108,0.0
M00348_P00110,0.0
M00348_P00114,0.0
M00348_P00124,6.64
M00348_P00129,8.05
M00348_P00241,5.93
M00348_P00244,5.64
M00348_P00245,6.32
M00348_P00248,5.13
M00348_P00255,7.37
M00348_P00260,0.0
M00349_P00625,0.0
M00349_P00630,6.52
M00349_P00632,0.0
M00349_P00635,5.55
M00349_P00644,6.68
M00349_P00645,7.35
M00349_P00650,0.0
M00349_P01020,0.0
M00349_P01034,0.0
M00349_P01037,6.25
M00349_P01038,0.0
M00350_P00761,0.0
M00350_P00772,6.04
M00350_P00863,6.77
M00350_P00880,7.25
M00350_P00882,0.0
M00351_P00157,0.0
M00351_P00159,5.69
M00351_P00164,0.0
M00351_P00169,0.0
M00351_P00171,0.0
M00351_P00175,6.67
M00351_P01177,0.0
M00351_P01182,0.0
M00351_P01184,0.0
M00351_P01193,6.5
M00351_P01196,6.07
M00352_P00705,5.86
M00352_P00707,0.0
M00352_P00716,6.47
M00352_P00718,0.0
M00352_P00724,6.16
M00352_P00728,7.25
M00352_P00761,6.35
M00352_P00772,5.75
M00353_P00549,0.0
M00353_P00552,6.43
M00353_P00554,0.0
M00353_P00561,0.0
M00353_P00562,5.58
M00353_P00568,4.85
M00353_P00782,5.89
M00353_P00786,6.13
M00353_P00788,6.96
M00353_P00797,6.51
M00353_P00803,0.0
M00354_P00157,0.0
M00354_P00159,0.0
M00354_P00164,6.78
M00354_P00169,0.0
M00354_P00171,5.34
M00354_P00175,6.74
M00354_P01201,0.0
M00354_P01209,6.07
M00354_P01210,0.0
M00354_P01211,6.41
M00354_P01214,0.0
M00355_P00529,6.04
M00355_P00535,5.66
M00355_P00536,5.54
M00355_P00542,0.0
M00355_P00543,6.74
M00355_P01120,5.4
M00356_P00241,0.0
M00356_P00244,0.0
M00356_P00245,5.83
M00356_P00248,0.0
M00356_P00255,6.95
M00356_P00260,0.0
M00356_P01146,6.29
M00356_P01157,6.93
M00356_P01166,5.2
M00356_P01169,6.1
M00357_P00136,0.0
M00357_P00141,6.53
M00357_P00148,5.72
M00357_P00156,5.22
M00357_P00157,0.0
M00357_P00159,5.52
M00357_P00164,6.22
M00357_P00169,6.59
M00357_P00171,5.67
M00357_P00175,0.0
M00358_P00157,0.0
M00358_P00159,0.0
M00358_P00164,6.31
M00358_P00169,6.62
M00358_P00171,0.0
M00358_P00175,0.0
M00358_P00625,6.97
M00358_P00630,4.8
M00358_P00632,0.0
M00358_P00635,5.96
M00358_P00644,0.0
M00358_P00645,6.22
M00358_P00650,0.0
M00359_P00922,0.0
M00359_P00927,5.32
M00359_P00931,6.97
M00359_P00935,6.64
M00359_P00965,0.0
M00359_P00966,0.0
M00359_P00975,6.06
M00359_P00978,0.0
M00359_P00980,5.55
M00359_P00986,7.33
M00360_P00185,0.0
M00360_P00193,0.0
M00360_P00197,0.0
M00360_P00199,0.0
M00360_P00200,6.06
M00360_P01099,6.3
M00360_P01107,5.89
M00360_P01108,7.09
M00360_P01109,5.93
M00360_P01114,0.0
M00360_P01118,0.0
M00361_P00705,0.0
M00361_P00707,6.32
M00361_P00716,5.94
M00361_P00718,0.0
M00361_P00724,6.3
M00361_P00728,6.7
M00361_P01099,6.03
M00361_P01107,5.72
M00361_P01108,7.75
M00361_P01109,5.64
M00361_P01114,6.56
M00361_P01118,6.27
M00362_P00478,0.0
M00362_P00479,0.0
M00362_P00486,0.0
M00362_P00491,6.59
M00362_P01020,5.66
M00362_P01034,0.0
M00362_P01037,5.81
M00362_P01038,0.0
M00363_P00157,0.0
M00363_P00159,0.0
M00363_P00164,6.95
M00363_P00169,0.0
M00363_P00171,6.92
M00363_P00175,6.38
M00363_P00965,0.0
M00363_P00966,4.95
M00363_P00975,7.29
M00363_P00978,0.0
M00363_P00980,6.7
M00363_P00986,0.0
M00364_P00241,6.73
M00364_P00244,5.53
M00364_P00245,6.53
M00364_P00248,6.55
M00364_P00255,0.0
M00364_P00260,6.92
M00364_P01120,0.0
M00365_P00157,0.0
M00365_P00159,5.2
M00365_P00164,5.27
M00365_P00169,5.92
M00365_P00171,0.0
M00365_P00175,6.01
M00365_P00611,0.0
M00365_P00618,5.87
M00365_P00619,6.25
M00365_P00622,0.0
M00366_P00185,6.17
M00366_P00193,7.27
M00366_P00197,0.0
M00366_P00199,5.42
M00366_P00200,0.0
M00366_P00478,0.0
M00366_P00479,0.0
M00366_P00486,5.4
M00366_P00491,0.0
M00367_P00705,6.14
M00367_P00707,0.0
M00367_P00716,0.0
M00367_P00718,6.6
M00367_P00724,5.27
M00367_P00728,0.0
M00367_P00940,7.02
M00367_P00948,0.0
M00367_P00950,5.92
M00367_P00951,6.93
M00367_P00959,6.13
M00367_P00962,6.07
M00368_P00991,6.89
M00368_P00993,5.87
M00368_P00997,0.0
M00368_P01000,0.0
M00368_P01010,6.29
M00368_P01120,0.0
M00369_P00032,7.02
M00369_P00044,7.33
M00369_P00045,0.0
M00369_P00050,6.83
M00369_P00052,6.66
M00369_P00313,0.0
M00369_P00324,6.64
M00369_P00329,0.0
M00369_P00333,6.35
M00369_P00334,6.27
M00370_P00549,0.0
M00370_P00552,5.85
M00370_P00554,6.38
M00370_P00561,6.91
M00370_P00562,0.0
M00370_P00568,0.0
M00370_P00611,5.24
M00370_P00618,0.0
M00370_P00619,5.28
M00370_P00622,0.0
M00371_P00241,6.1
M00371_P00244,5.79
M00371_P00245,0.0
M00371_P00248,6.99
M00371_P00255,0.0
M00371_P00260,7.02
M00371_P00965,0.0
M00371_P00966,0.0
M00371_P00975,5.73
M00371_P00978,6.12
M00371_P00980,6.28
M00371_P00986,6.57
M00372_P00108,5.95
M00372_P00110,6.35
M00372_P00114,7.82
M00372_P00124,0.0
M00372_P00129,6.42
M00372_P00266,6.68
M00372_P00271,0.0
M00372_P00278,7.31
M00372_P00286,6.76
M00373_P00136,6.95
M00373_P00141,0.0
M00373_P00148,0.0
M00373_P00156,6.94
M00373_P00888,6.24
M00373_P00889,5.78
M00373_P00893,0.0
M00373_P00894,6.44
M00373_P00895,7.21
M00373_P00901,0.0
M00373_P00909,7.0
M00374_P00678,0.0
M00374_P00679,7.18
M00374_P00680,0.0
M00374_P00681,0.0
M00374_P00683,6.2
M00374_P00694,0.0
M00374_P00782,6.24
M00374_P00786,6.43
M00374_P00788,0.0
M00374_P00797,5.9
M00374_P00803,6.7
M00375_P00515,5.99
M00375_P00611,0.0
M00375_P00618,6.3
M00375_P00619,5.83
M00375_P00622,7.46
M00376_P00940,6.03
M00376_P00948,6.28
M00376_P00950,6.07
M00376_P00951,6.99
M00376_P00959,5.88
M00376_P00962,6.98
M00376_P01020,0.0
M00376_P01034,5.95
M00376_P01037,6.36
M00376_P01038,5.93
M00377_P00241,6.34
M00377_P00244,5.75
M00377_P00245,0.0
M00377_P00248,0.0
M00377_P00255,0.0
M00377_P00260,7.69
M00377_P00287,0.0
M00377_P00290,0.0
M00377_P00291,5.3
M00377_P00295,0.0
M00377_P00297,6.54
M00377_P00298,6.03
M00377_P00299,6.54
M00377_P00304,6.38
M00377_P00307,0.0
M00377_P00309,0.0
M00377_P00310,0.0
M00378_P00136,7.17
M00378_P00141,0.0
M00378_P00148,0.0
M00378_P00156,0.0
M00378_P01120,0.0
M00379_P00705,0.0
M00379_P00707,6.55
M00379_P00716,0.0
M00379_P00718,7.4
M00379_P00724,5.45
M00379_P00728,0.0
M00379_P01099,6.78
M00379_P01107,6.3
M00379_P01108,6.92
M00379_P01109,0.0
M00379_P01114,7.39
M00379_P01118,6.62
M00380_P00443,5.37
M00380_P00448,5.75
M00380_P00452,5.03
M00380_P00462,0.0
M00380_P00463,6.44
M00380_P00465,5.87
M00380_P00468,0.0
M00380_P00678,0.0
M00380_P00679,7.19
M00380_P00680,6.95
M00380_P00681,0.0
M00380_P00683,0.0
M00380_P00694,0.0
M00381_P00574,5.85
M00381_P00579,6.97
M00381_P00582,6.04
M00381_P00584,0.0
M00381_P00586,0.0
M00381_P00590,7.68
M00381_P00732,5.58
M00381_P00738,0.0
M00381_P00742,0.0
M00381_P00744,0.0
M00381_P00747,7.44
M00381_P00753,4.83
M00382_P01120,0.0
M00382_P01146,0.0
M00382_P01157,6.18
M00382_P01166,0.0
M00382_P01169,5.43
M00383_P00863,0.0
M00383_P00880,5.66
M00383_P00882,7.38
M00383_P01120,0.0
M00384_P00368,6.42
M00384_P00372,0.0
M00384_P00378,5.67
M00384_P00382,0.0
M00384_P00383,6.36
M00384_P00678,0.0
M00384_P00679,6.82
M00384_P00680,5.8
M00384_P00681,6.04
M00384_P00683,6.69
M00384_P00694,6.45
M00385_P00011,7.06
M00385_P00024,0.0
M00385_P00368,5.96
M00385_P00372,6.97
M00385_P00378,0.0
M00385_P00382,6.47
M00385_P00383,0.0
M00386_P00209,0.0
M00386_P00210,7.61
M00386_P00211,0.0
M00386_P00219,6.03
M00386_P00221,6.86
M00386_P00222,6.85
M00386_P00232,7.28
M00386_P00234,6.94
M00386_P00443,0.0
M00386_P00448,5.49
M00386_P00452,5.44
M00386_P00462,6.43
M00386_P00463,5.54
M00386_P00465,0.0
M00386_P00468,0.0
M00387_P00011,0.0
M00387_P00024,6.59
M00387_P00185,4.76
M00387_P00193,6.22
M00387_P00197,0.0
M00387_P00199,0.0
M00387_P00200,6.12
M00388_P00209,0.0
M00388_P00210,7.08
M00388_P00211,0.0
M00388_P00219,0.0
M00388_P00221,6.63
M00388_P00222,0.0
M00388_P00232,0.0
M00388_P00234,0.0
M00388_P00287,0.0
M00388_P00290,6.28
M00388_P00291,0.0
M00388_P00295,7.4
M00388_P00297,6.28
M00388_P00298,0.0
M00388_P00299,5.14
M00388_P00304,4.82
M00388_P00307,6.41
M00388_P00309,0.0
M00388_P00310,0.0
M00389_P00835,0.0
M00389_P00840,0.0
M00389_P00844,0.0
M00389_P00847,6.1
M00389_P00848,5.61
M00389_P00856,6.31
M00389_P00940,0.0
M00389_P00948,7.02
M00389_P00950,6.79
M00389_P00951,0.0
M00389_P00959,0.0
M00389_P00962,0.0
M00390_P00108,0.0
M00390_P00110,5.69
M00390_P00114,7.62
M00390_P00124,6.75
M00390_P00129,0.0
M00390_P00678,0.0
M00390_P00679,0.0
M00390_P00680,5.4
M00390_P00681,6.39
M00390_P00683,0.0
M00390_P00694,6.18
M00391_P00032,6.22
M00391_P00044,6.3
M00391_P00045,0.0
M00391_P00050,6.74
M00391_P00052,6.41
M00391_P00705,5.27
M00391_P00707,0.0
M00391_P00716,0.0
M00391_P00718,0.0
M00391_P00724,0.0
M00391_P00728,7.12
M00392_P00529,6.56
M00392_P00535,0.0
M00392_P00536,5.91
M00392_P00542,5.76
M00392_P00543,6.28
M00392_P00965,0.0
M00392_P00966,5.35
M00392_P00975,6.23
M00392_P00978,6.22
M00392_P00980,0.0
M00392_P00986,6.15
M00393_P01041,5.48
M00393_P01042,0.0
M00393_P01048,0.0
M00393_P01049,8.0
M00393_P01051,6.38
M00393_P01055,5.96
M00393_P01063,5.81
M00393_P01064,6.97
M00393_P01177,0.0
M00393_P01182,6.19
M00393_P01184,5.62
M00393_P01193,0.0
M00393_P01196,6.81
M00394_P00185,0.0
M00394_P00193,6.51
M00394_P00197,5.13
M00394_P00199,0.0
M00394_P00200,5.03
M00394_P00678,0.0
M00394_P00679,0.0
M00394_P00680,6.17
M00394_P00681,0.0
M00394_P00683,0.0
M00394_P00694,0.0
M00395_P00266,5.92
M00395_P00271,5.79
M00395_P00278,0.0
M00395_P00286,0.0
M00395_P01041,0.0
M00395_P01042,0.0
M00395_P01048,6.53
M00395_P01049,0.0
M00395_P01051,6.83
M00395_P01055,6.03
M00395_P01063,6.82
M00395_P01064,0.0
M00396_P00136,7.03
M00396_P00141,6.78
M00396_P00148,6.59
M00396_P00156,6.92
M00396_P00732,6.33
M00396_P00738,5.86
M00396_P00742,6.58
M00396_P00744,5.73
M00396_P00747,7.81
M00396_P00753,5.48
M00397_P00705,0.0
M00397_P00707,6.07
M00397_P00716,0.0
M00397_P00718,6.34
M00397_P00724,0.0
M00397_P00728,7.14
M00397_P00991,7.62
M00397_P00993,7.27
M00397_P00997,5.15
M00397_P01000,6.78
M00397_P01010,6.18
M00398_P00515,6.29
M00398_P00655,6.42
M00398_P00662,5.16
M00398_P00666,0.0
M00398_P00668,0.0
M00398_P00669,6.65
M00398_P00673,6.94
M00398_P00674,0.0
M00399_P00368,4.96
M00399_P00372,6.0
M00399_P00378,0.0
M00399_P00382,5.6
M00399_P00383,6.59
M00399_P00574,6.45
M00399_P00579,0.0
M00399_P00582,0.0
M00399_P00584,0.0
M00399_P00586,4.66
M00399_P00590,6.66
M00400_P00108,6.04
M00400_P00110,7.07
M00400_P00114,7.02
M00400_P00124,6.17
M00400_P00129,0.0
M00400_P00863,6.22
M00400_P00880,5.69
M00400_P00882,0.0
M00401_P00835,0.0
M00401_P00840,5.65
M00401_P00844,6.26
M00401_P00847,0.0
M00401_P00848,5.28
M00401_P00856,0.0
M00401_P00863,6.66
M00401_P00880,6.22
M00401_P00882,7.58
M00402_P00574,0.0
M00402_P00579,6.87
M00402_P00582,0.0
M00402_P00584,0.0
M00402_P00586,5.97
M00402_P00590,0.0
M00402_P01223,5.13
M00402_P01234,6.68
M00402_P01236,0.0
M00402_P01241,7.11
M00402_P01242,5.33
M00403_P00157,0.0
M00403_P00159,0.0
M00403_P00164,0.0
M00403_P00169,5.17
M00403_P00171,6.2
M00403_P00175,5.36
M00403_P00391,0.0
M00403_P00399,6.99
M00403_P00410,6.15
M00403_P00416,0.0
M00404_P00287,6.74
M00404_P00290,5.97
M00404_P00291,6.99
M00404_P00295,7.49
M00404_P00297,5.85
M00404_P00298,0.0
M00404_P00299,0.0
M00404_P00304,0.0
M00404_P00307,6.18
M00404_P00309,6.24
M00404_P00310,7.26
M00404_P00313,0.0
M00404_P00324,0.0
M00404_P00329,0.0
M00404_P00333,5.59
M00404_P00334,6.27
M00405_P00108,5.88
M00405_P00110,5.13
M00405_P00114,0.0
M00405_P00124,0.0
M00405_P00129,6.51
M00405_P01070,0.0
M00405_P01074,7.11
M00405_P01082,6.33
M00406_P00761,6.59
M00406_P00772,6.43
M00406_P00965,0.0
M00406_P00966,6.36
M00406_P00975,0.0
M00406_P00978,6.79
M00406_P00980,5.82
M00406_P00986,0.0
M00407_P00940,6.12
M00407_P00948,5.22
M00407_P00950,0.0
M00407_P00951,0.0
M00407_P00959,5.97
M00407_P00962,7.25
M00407_P01120,6.04
M00408_P00529,0.0
M00408_P00535,6.23
M00408_P00536,5.55
M00408_P00542,5.78
M00408_P00543,5.85
M00408_P01041,0.0
M00408_P01042,0.0
M00408_P01048,0.0
M00408_P01049,0.0
M00408_P01051,0.0
M00408_P01055,0.0
M00408_P01063,7.24
M00408_P01064,5.59
M00409_P00108,0.0
M00409_P00110,5.58
M00409_P00114,7.08
M00409_P00124,6.12
M00409_P00129,6.7
M00409_P00807,7.04
M00409_P00812,0.0
M00409_P00819,5.69
M00409_P00826,0.0
M00409_P00827,7.7
M00410_P00443,6.32
M00410_P00448,6.5
M00410_P00452,6.68
M00410_P00462,0.0
M00410_P00463,0.0
M00410_P00465,6.0
M00410_P00468,6.74
M00410_P00991,0.0
M00410_P00993,6.07
M00410_P00997,5.8
M00410_P01000,6.5
M00410_P01010,0.0
M00411_P00108,6.11
M00411_P00110,5.69
M00411_P00114,7.58
M00411_P00124,0.0
M00411_P00129,6.57
M00411_P00835,0.0
M00411_P00840,6.24
M00411_P00844,6.28
M00411_P00847,5.5
M00411_P00848,7.22
M00411_P00856,0.0
M00412_P00055,0.0
M00412_P00057,5.62
M00412_P00059,5.61
M00412_P00064,0.0
M00412_P00066,8.78
M00412_P00071,0.0
M00412_P00077,4.92
M00412_P00732,6.2
M00412_P00738,6.01
M00412_P00742,6.6
M00412_P00744,0.0
M00412_P00747,7.05
M00412_P00753,0.0
M00413_P00108,5.91
M00413_P00110,5.86
M00413_P00114,0.0
M00413_P00124,0.0
M00413_P00129,6.33
M00413_P00478,6.21
M00413_P00479,7.73
M00413_P00486,0.0
M00413_P00491,0.0
M00414_P00991,0.0
M00414_P00993,0.0
M00414_P00997,6.5
M00414_P01000,6.29
M00414_P01010,8.15
M00414_P01020,6.21
M00414_P01034,0.0
M00414_P01037,6.07
M00414_P01038,5.47
M00415_P00761,5.99
M00415_P00772,6.03
M00415_P00991,0.0
M00415_P00993,6.44
M00415_P00997,6.72
M00415_P01000,0.0
M00415_P01010,0.0
M00416_P00732,5.54
M00416_P00738,5.2
M00416_P00742,0.0
M00416_P00744,0.0
M00416_P00747,7.76
M00416_P00753,0.0
M00416_P00965,0.0
M00416_P00966,6.16
M00416_P00975,6.5
M00416_P00978,5.72
M00416_P00980,0.0
M00416_P00986,0.0
M00417_P00529,6.68
M00417_P00535,5.85
M00417_P00536,0.0
M00417_P00542,5.35
M00417_P00543,5.77
M00417_P01020,7.28
M00417_P01034,5.98
M00417_P01037,0.0
M00417_P01038,0.0
M00418_P00079,0.0
M00418_P00082,0.0
M00418_P00087,0.0
M00418_P00097,5.79
M00418_P00102,0.0
M00418_P00761,0.0
M00418_P00772,6.6
M00419_P00136,6.46
M00419_P00141,0.0
M00419_P00148,4.69
M00419_P00156,6.42
M00419_P01177,0.0
M00419_P01182,6.06
M00419_P01184,0.0
M00419_P01193,5.38
M00419_P01196,5.95
M00420_P00055,0.0
M00420_P00057,6.51
M00420_P00059,6.03
M00420_P00064,6.12
M00420_P00066,6.61
M00420_P00071,5.88
M00420_P00077,7.39
M00420_P00423,7.08
M00420_P00424,0.0
M00420_P00425,6.84
M00420_P00426,5.46
M00420_P00431,0.0
M00420_P00436,6.83
M00420_P00440,5.76
M00421_P00732,5.95
M00421_P00738,4.67
M00421_P00742,0.0
M00421_P00744,0.0
M00421_P00747,6.79
M00421_P00753,0.0
M00421_P00888,0.0
M00421_P00889,0.0
M00421_P00893,0.0
M00421_P00894,6.62
M00421_P00895,6.58
M00421_P00901,7.26
M00421_P00909,0.0
M00422_P00611,5.57
M00422_P00618,0.0
M00422_P00619,5.9
M00422_P00622,5.47
M00422_P00625,0.0
M00422_P00630,6.12
M00422_P00632,5.41
M00422_P00635,6.19
M00422_P00644,6.04
M00422_P00645,6.91
M00422_P00650,5.67
M00423_P00549,0.0
M00423_P00552,5.83
M00423_P00554,0.0
M00423_P00561,7.94
M00423_P00562,5.94
M00423_P00568,4.81
M00423_P00678,3.99
M00423_P00679,0.0
M00423_P00680,6.22
M00423_P00681,0.0
M00423_P00683,5.82
M00423_P00694,0.0
M00424_P01041,0.0
M00424_P01042,0.0
M00424_P01048,0.0
M00424_P01049,7.18
M00424_P01051,5.81
M00424_P01055,0.0
M00424_P01063,5.25
M00424_P01064,6.67
M00424_P01099,0.0
M00424_P01107,6.59
M00424_P01108,6.76
M00424_P01109,0.0
M00424_P01114,7.56
M00424_P01118,0.0
M00425_P00157,0.0
M00425_P00159,0.0
M00425_P00164,6.13
M00425_P00169,5.44
M00425_P00171,5.37
M00425_P00175,6.54
M00425_P00549,0.0
M00425_P00552,5.37
M00425_P00554,5.42
M00425_P00561,6.59
M00425_P00562,6.69
M00425_P00568,0.0
M00426_P00423,6.44
M00426_P00424,5.41
M00426_P00425,0.0
M00426_P00426,5.32
M00426_P00431,5.0
M00426_P00436,0.0
M00426_P00440,0.0
M00426_P00478,0.0
M00426_P00479,0.0
M00426_P00486,6.68
M00426_P00491,0.0
M00427_P00136,6.89
M00427_P00141,7.97
M00427_P00148,0.0
M00427_P00156,0.0
M00427_P00549,0.0
M00427_P00552,5.61
M00427_P00554,0.0
M00427_P00561,0.0
M00427_P00562,5.32
M00427_P00568,6.08
M00428_P00515,0.0
M00428_P00574,6.45
M00428_P00579,0.0
M00428_P00582,7.24
M00428_P00584,6.04
M00428_P00586,0.0
M00428_P00590,7.3
M00429_P00209,0.0
M00429_P00210,7.23
M00429_P00211,0.0
M00429_P00219,0.0
M00429_P00221,6.89
M00429_P00222,6.42
M00429_P00232,6.98
M00429_P00234,0.0
M00429_P01020,6.22
M00429_P01034,0.0
M00429_P01037,0.0
M00429_P01038,7.25
M00430_P00515,6.44
M00430_P00940,6.42
M00430_P00948,6.58
M00430_P00950,7.32
M00430_P00951,0.0
M00430_P00959,6.61
M00430_P00962,6.36
M00431_P00209,0.0
M00431_P00210,7.38
M00431_P00211,0.0
M00431_P00219,6.81
M00431_P00221,6.24
M00431_P00222,0.0
M00431_P00232,0.0
M00431_P00234,6.69
M00431_P01120,0.0
M00432_P01070,5.83
M00432_P01074,0.0
M00432_P01082,6.43
M00432_P01120,6.52
M00433_P00032,0.0
M00433_P00044,6.94
M00433_P00045,6.22
M00433_P00050,5.24
M00433_P00052,7.39
M00433_P00625,0.0
M00433_P00630,5.54
M00433_P00632,6.02
M00433_P00635,0.0
M00433_P00644,7.03
M00433_P00645,7.09
M00433_P00650,6.59
M00434_P00345,5.95
M00434_P00347,6.55
M00434_P00351,5.71
M00434_P00353,5.51
M00434_P00359,6.12
M00434_P00362,6.49
M00434_P00574,0.0
M00434_P00579,7.12
M00434_P00582,6.2
M00434_P00584,0.0
M00434_P00586,5.64
M00434_P00590,7.07
M00435_P00313,0.0
M00435_P00324,0.0
M00435_P00329,5.75
M00435_P00333,0.0
M00435_P00334,0.0
M00435_P00391,6.15
M00435_P00399,7.29
M00435_P00410,6.76
M00435_P00416,6.61
M00436_P00108,0.0
M00436_P00110,0.0
M00436_P00114,0.0
M00436_P00124,5.55
M00436_P00129,6.5
M00436_P00515,6.14
M00437_P00835,0.0
M00437_P00840,0.0
M00437_P00844,5.81
M00437_P00847,5.71
M00437_P00848,0.0
M00437_P00856,6.74
M00437_P00922,6.02
M00437_P00927,0.0
M00437_P00931,6.06
M00437_P00935,0.0
M00438_P00549,0.0
M00438_P00552,4.73
M00438_P00554,6.11
M00438_P00561,0.0
M00438_P00562,0.0
M00438_P00568,0.0
M00438_P01099,6.51
M00438_P01107,0.0
M00438_P01108,6.51
M00438_P01109,5.84
M00438_P01114,5.56
M00438_P01118,5.55
M00439_P00625,0.0
M00439_P00630,0.0
M00439_P00632,5.68
M00439_P00635,5.44
M00439_P00644,7.35
M00439_P00645,0.0
M00439_P00650,6.16
M00439_P00991,0.0
M00439_P00993,5.59
M00439_P00997,6.27
M00439_P01000,0.0
M00439_P01010,5.49
M00440_P00287,0.0
M00440_P00290,6.44
M00440_P00291,5.04
M00440_P00295,0.0
M00440_P00297,5.37
M00440_P00298,0.0
M00440_P00299,6.48
M00440_P00304,5.94
M00440_P00307,0.0
M00440_P00309,0.0
M00440_P00310,7.16
M00440_P01177,0.0
M00440_P01182,5.44
M00440_P01184,5.65
M00440_P01193,6.42
M00440_P01196,0.0
M00441_P00732,0.0
M00441_P00738,5.71
M00441_P00742,6.77
M00441_P00744,0.0
M00441_P00747,7.46
M00441_P00753,6.49
M00441_P01201,0.0
M00441_P01209,4.93
M00441_P01210,0.0
M00441_P01211,6.89
M00441_P01214,6.39
M00442_P00611,6.75
M00442_P00618,6.72
M00442_P00619,0.0
M00442_P00622,6.25
M00442_P01146,8.09
M00442_P01157,5.39
M00442_P01166,6.65
M00442_P01169,6.15
M00443_P00732,0.0
M00443_P00738,5.45
M00443_P00742,6.18
M00443_P00744,5.66
M00443_P00747,6.74
M00443_P00753,0.0
M00443_P01041,0.0
M00443_P01042,5.87
M00443_P01048,6.95
M00443_P01049,0.0
M00443_P01051,6.82
M00443_P01055,6.37
M00443_P01063,6.67
M00443_P01064,7.33
M00444_P00368,0.0
M00444_P00372,7.96
M00444_P00378,0.0
M00444_P00382,6.0
M00444_P00383,0.0
M00444_P00922,0.0
M00444_P00927,6.01
M00444_P00931,6.24
M00444_P00935,0.0
M00445_P00313,5.88
M00445_P00324,6.75
M00445_P00329,6.28
M00445_P00333,6.86
M00445_P00334,5.56
M00445_P00782,0.0
M00445_P00786,5.88
M00445_P00788,6.4
M00445_P00797,0.0
M00445_P00803,6.27
M00446_P00478,0.0
M00446_P00479,7.66
M00446_P00486,7.72
M00446_P00491,5.32
M00446_P00761,0.0
M00446_P00772,5.43
M00447_P00835,0.0
M00447_P00840,5.16
M00447_P00844,6.92
M00447_P00847,5.83
M00447_P00848,6.04
M00447_P00856,7.02
M00447_P00888,5.5
M00447_P00889,6.76
M00447_P00893,5.96
M00447_P00894,5.98
M00447_P00895,6.46
M00447_P00901,0.0
M00447_P00909,6.49
M00448_P00313,0.0
M00448_P00324,0.0
M00448_P00329,7.1
M00448_P00333,6.86
M00448_P00334,6.99
M00448_P01020,5.96
M00448_P01034,5.94
M00448_P01037,6.5
M00448_P01038,5.42
M00449_P00079,0.0
M00449_P00082,0.0
M00449_P00087,0.0
M00449_P00097,0.0
M00449_P00102,6.06
M00449_P01099,5.49
M00449_P01107,0.0
M00449_P01108,6.31
M00449_P01109,0.0
M00449_P01114,0.0
M00449_P01118,0.0
M00450_P00157,4.96
M00450_P00159,0.0
M00450_P00164,0.0
M00450_P00169,6.46
M00450_P00171,7.22
M00450_P00175,0.0
M00450_P00922,0.0
M00450_P00927,5.96
M00450_P00931,0.0
M00450_P00935,6.76
M00451_P00136,0.0
M00451_P00141,0.0
M00451_P00148,0.0
M00451_P00156,5.87
M00451_P00478,6.86
M00451_P00479,6.88
M00451_P00486,0.0
M00451_P00491,7.58
M00452_P00443,6.41
M00452_P00448,5.22
M00452_P00452,6.3
M00452_P00462,0.0
M00452_P00463,0.0
M00452_P00465,6.4
M00452_P00468,5.81
M00452_P00761,0.0
M00452_P00772,5.61
M00453_P00136,8.09
M00453_P00141,0.0
M00453_P00148,6.22
M00453_P00156,0.0
M00453_P00705,5.33
M00453_P00707,5.81
M00453_P00716,7.02
M00453_P00718,6.27
M00453_P00724,0.0
M00453_P00728,0.0
M00454_P00032,0.0
M00454_P00044,0.0
M00454_P00045,5.5
M00454_P00050,6.87
M00454_P00052,0.0
M00454_P00574,0.0
M00454_P00579,6.5
M00454_P00582,6.2
M00454_P00584,6.5
M00454_P00586,0.0
M00454_P00590,6.77
M00455_P00655,0.0
M00455_P00662,0.0
M00455_P00666,5.91
M00455_P00668,6.38
M00455_P00669,5.36
M00455_P00673,6.25
M00455_P00674,5.89
M00455_P00863,5.35
M00455_P00880,7.51
M00455_P00882,6.95
M00456_P00136,7.47
M00456_P00141,6.74
M00456_P00148,5.97
M00456_P00156,0.0
M00456_P00625,6.5
M00456_P00630,6.02
M00456_P00632,0.0
M00456_P00635,5.48
M00456_P00644,6.95
M00456_P00645,0.0
M00456_P00650,6.69
M00457_P00032,0.0
M00457_P00044,6.9
M00457_P00045,7.23
M00457_P00050,6.84
M00457_P00052,0.0
M00457_P00549,0.0
M00457_P00552,5.53
M00457_P00554,6.18
M00457_P00561,7.26
M00457_P00562,0.0
M00457_P00568,4.95
M00458_P00209,0.0
M00458_P00210,7.13
M00458_P00211,0.0
M00458_P00219,0.0
M00458_P00221,7.9
M00458_P00222,5.74
M00458_P00232,6.22
M00458_P00234,7.35
M00458_P00241,6.44
M00458_P00244,6.57
M00458_P00245,6.78
M00458_P00248,7.11
M00458_P00255,0.0
M00458_P00260,7.42
M00459_P00782,6.49
M00459_P00786,0.0
M00459_P00788,7.65
M00459_P00797,5.88
M00459_P00803,7.64
M00459_P01177,0.0
M00459_P01182,4.94
M00459_P01184,5.85
M00459_P01193,5.99
M00459_P01196,0.0
M00460_P00732,0.0
M00460_P00738,0.0
M00460_P00742,0.0
M00460_P00744,0.0
M00460_P00747,7.27
M00460_P00753,5.48
M00460_P01041,0.0
M00460_P01042,0.0
M00460_P01048,0.0
M00460_P01049,0.0
M00460_P01051,5.79
M00460_P01055,5.91
M00460_P01063,5.79
M00460_P01064,0.0
M00461_P00032,6.99
M00461_P00044,7.02
M00461_P00045,6.43
M00461_P00050,0.0
M00461_P00052,5.03
M00461_P00443,0.0
M00461_P00448,0.0
M00461_P00452,5.51
M00461_P00462,7.32
M00461_P00463,0.0
M00461_P00465,6.06
M00461_P00468,6.28
M00462_P00922,7.04
M00462_P00927,5.63
M00462_P00931,5.84
M00462_P00935,7.23
M00462_P01223,5.66
M00462_P01234,6.68
M00462_P01236,0.0
M00462_P01241,7.49
M00462_P01242,6.43
M00463_P00185,0.0
M00463_P00193,5.97
M00463_P00197,0.0
M00463_P00199,0.0
M00463_P00200,5.81
M00463_P00515,0.0
M00464_P00079,5.91
M00464_P00082,5.76
M00464_P00087,0.0
M00464_P00097,0.0
M00464_P00102,5.8
M00464_P00185,0.0
M00464_P00193,0.0
M00464_P00197,6.44
M00464_P00199,6.47
M00464_P00200,0.0
M00465_P01020,6.78
M00465_P01034,0.0
M00465_P01037,0.0
M00465_P01038,5.32
M00465_P01041,0.0
M00465_P01042,6.87
M00465_P01048,0.0
M00465_P01049,0.0
M00465_P01051,6.84
M00465_P01055,6.86
M00465_P01063,0.0
M00465_P01064,6.41
M00466_P00185,0.0
M00466_P00193,6.76
M00466_P00197,0.0
M00466_P00199,6.06
M00466_P00200,6.09
M00466_P00835,0.0
M00466_P00840,5.77
M00466_P00844,6.44
M00466_P00847,6.31
M00466_P00848,0.0
M00466_P00856,0.0
M00467_P00835,0.0
M00467_P00840,5.89
M00467_P00844,5.95
M00467_P00847,6.3
M00467_P00848,0.0
M00467_P00856,7.43
M00467_P01041,0.0
M00467_P01042,0.0
M00467_P01048,0.0
M00467_P01049,7.16
M00467_P01051,6.51
M00467_P01055,5.85
M00467_P01063,6.11
M00467_P01064,0.0
M00468_P00241,6.34
M00468_P00244,0.0
M00468_P00245,0.0
M00468_P00248,6.71
M00468_P00255,6.99
M00468_P00260,0.0
M00468_P01177,6.76
M00468_P01182,0.0
M00468_P01184,0.0
M00468_P01193,0.0
M00468_P01196,7.45
M00469_P00011,5.95
M00469_P00024,5.27
M00469_P01041,0.0
M00469_P01042,0.0
M00469_P01048,0.0
M00469_P01049,8.09
M00469_P01051,0.0
M00469_P01055,5.66
M00469_P01063,4.82
M00469_P01064,0.0
M00470_P00678,5.58
M00470_P00679,0.0
M00470_P00680,0.0
M00470_P00681,6.23
M00470_P00683,0.0
M00470_P00694,5.69
M00470_P00940,4.61
M00470_P00948,5.23
M00470_P00950,0.0
M00470_P00951,0.0
M00470_P00959,0.0
M00470_P00962,0.0
M00471_P00611,0.0
M00471_P00618,6.25
M00471_P00619,0.0
M00471_P00622,0.0
M00471_P00863,0.0
M00471_P00880,6.18
M00471_P00882,7.5
M00472_P00625,0.0
M00472_P00630,0.0
M00472_P00632,6.18
M00472_P00635,0.0
M00472_P00644,6.35
M00472_P00645,7.71
M00472_P00650,6.23
M00472_P00807,0.0
M00472_P00812,0.0
M00472_P00819,6.93
M00472_P00826,0.0
M00472_P00827,7.35
M00473_P00423,5.51
M00473_P00424,5.37
M00473_P00425,6.01
M00473_P00426,0.0
M00473_P00431,0.0
M00473_P00436,0.0
M00473_P00440,5.48
M00473_P00611,0.0
M00473_P00618,0.0
M00473_P00619,5.84
M00473_P00622,0.0
M00474_P00108,0.0
M00474_P00110,5.47
M00474_P00114,6.14
M00474_P00124,6.4
M00474_P00129,6.13
M00474_P00574,0.0
M00474_P00579,6.23
M00474_P00582,0.0
M00474_P00584,6.18
M00474_P00586,0.0
M00474_P00590,0.0
M00475_P01099,0.0
M00475_P01107,0.0
M00475_P01108,7.13
M00475_P01109,5.23
M00475_P01114,6.39
M00475_P01118,0.0
M00475_P01201,6.11
M00475_P01209,0.0
M00475_P01210,6.34
M00475_P01211,6.69
M00475_P01214,0.0
M00476_P00549,0.0
M00476_P00552,0.0
M00476_P00554,0.0
M00476_P00561,7.4
M00476_P00562,5.67
M00476_P00568,6.23
M00476_P00965,0.0
M00476_P00966,5.29
M00476_P00975,6.1
M00476_P00978,0.0
M00476_P00980,0.0
M00476_P00986,7.09
M00477_P00574,0.0
M00477_P00579,6.33
M00477_P00582,5.39
M00477_P00584,6.79
M00477_P00586,0.0
M00477_P00590,7.38
M00477_P00922,5.61
M00477_P00927,6.37
M00477_P00931,0.0
M00477_P00935,0.0
M00478_P00761,5.14
M00478_P00772,6.77
M00478_P01120,0.0
M00479_P00287,0.0
M00479_P00290,5.84
M00479_P00291,0.0
M00479_P00295,0.0
M00479_P00297,5.41
M00479_P00298,0.0
M00479_P00299,0.0
M00479_P00304,5.91
M00479_P00307,6.38
M00479_P00309,6.06
M00479_P00310,5.46
M00479_P01041,0.0
M00479_P01042,6.17
M00479_P01048,6.28
M00479_P01049,0.0
M00479_P01051,0.0
M00479_P01055,5.83
M00479_P01063,0.0
M00479_P01064,5.67
M00480_P00761,5.31
M00480_P00772,0.0
M00480_P01177,6.75
M00480_P01182,5.72
M00480_P01184,6.49
M00480_P01193,0.0
M00480_P01196,6.97
M00481_P00055,0.0
M00481_P00057,0.0
M00481_P00059,0.0
M00481_P00064,4.87
M00481_P00066,6.61
M00481_P00071,0.0
M00481_P00077,6.3
M00481_P00313,6.78
M00481_P00324,6.6
M00481_P00329,6.38
M00481_P00333,6.51
M00481_P00334,0.0
M00482_P00055,5.82
M00482_P00057,6.09
M00482_P00059,6.23
M00482_P00064,6.13
M00482_P00066,7.75
M00482_P00071,6.53
M00482_P00077,6.93
M00482_P00549,0.0
M00482_P00552,0.0
M00482_P00554,6.4
M00482_P00561,8.29
M00482_P00562,6.87
M00482_P00568,6.24
M00483_P00782,0.0
M00483_P00786,5.02
M00483_P00788,6.36
M00483_P00797,7.91
M00483_P00803,0.0
M00483_P00888,0.0
M00483_P00889,0.0
M00483_P00893,5.34
M00483_P00894,5.5
M00483_P00895,0.0
M00483_P00901,6.21
M00483_P00909,6.77
M00484_P00313,0.0
M00484_P00324,6.63
M00484_P00329,5.56
M00484_P00333,6.03
M00484_P00334,0.0
M00484_P01070,6.31
M00484_P01074,0.0
M00484_P01082,4.13
M00485_P00079,7.32
M00485_P00082,0.0
M00485_P00087,0.0
M00485_P00097,7.32
M00485_P00102,0.0
M00485_P01099,6.71
M00485_P01107,0.0
M00485_P01108,6.6
M00485_P01109,0.0
M00485_P01114,0.0
M00485_P01118,0.0
M00486_P00185,0.0
M00486_P00193,5.75
M00486_P00197,4.58
M00486_P00199,0.0
M00486_P00200,7.12
M00486_P00625,0.0
M00486_P00630,6.22
M00486_P00632,6.4
M00486_P00635,0.0
M00486_P00644,5.71
M00486_P00645,7.68
M00486_P00650,0.0
M00487_P00732,0.0
M00487_P00738,0.0
M00487_P00742,5.47
M00487_P00744,6.54
M00487_P00747,0.0
M00487_P00753,6.24
M00487_P01223,6.55
M00487_P01234,0.0
M00487_P01236,0.0
M00487_P01241,5.33
M00487_P01242,5.65
M00488_P00287,0.0
M00488_P00290,0.0
M00488_P00291,5.01
M00488_P00295,6.89
M00488_P00297,5.94
M00488_P00298,5.74
M00488_P00299,0.0
M00488_P00304,0.0
M00488_P00307,6.29
M00488_P00309,6.88
M00488_P00310,5.94
M00488_P00835,0.0
M00488_P00840,0.0
M00488_P00844,5.47
M00488_P00847,5.56
M00488_P00848,5.33
M00488_P00856,0.0
M00489_P00611,0.0
M00489_P00618,6.25
M00489_P00619,5.51
M00489_P00622,6.3
M00489_P00888,0.0
M00489_P00889,0.0
M00489_P00893,4.92
M00489_P00894,5.35
M00489_P00895,0.0
M00489_P00901,7.44
M00489_P00909,5.52
M00490_P00705,6.02
M00490_P00707,5.81
M00490_P00716,0.0
M00490_P00718,6.44
M00490_P00724,6.1
M00490_P00728,5.63
M00490_P01201,6.47
M00490_P01209,7.32
M00490_P01210,0.0
M00490_P01211,7.04
M00490_P01214,6.65
M00491_P00287,0.0
M00491_P00290,0.0
M00491_P00291,5.83
M00491_P00295,0.0
M00491_P00297,0.0
M00491_P00298,6.15
M00491_P00299,5.2
M00491_P00304,6.41
M00491_P00307,0.0
M00491_P00309,0.0
M00491_P00310,0.0
M00491_P00991,0.0
M00491_P00993,6.56
M00491_P00997,0.0
M00491_P01000,0.0
M00491_P01010,7.25
M00492_P00157,0.0
M00492_P00159,0.0
M00492_P00164,0.0
M00492_P00169,6.7
M00492_P00171,0.0
M00492_P00175,0.0
M00492_P00529,6.33
M00492_P00535,0.0
M00492_P00536,6.37
M00492_P00542,0.0
M00492_P00543,0.0
M00493_P00478,0.0
M00493_P00479,6.62
M00493_P00486,7.13
M00493_P00491,0.0
M00493_P01099,7.26
M00493_P01107,5.99
M00493_P01108,7.27
M00493_P01109,0.0
M00493_P01114,0.0
M00493_P01118,0.0
M00494_P00991,6.82
M00494_P00993,6.63
M00494_P00997,5.91
M00494_P01000,7.31
M00494_P01010,6.55
M00494_P01201,6.31
M00494_P01209,5.44
M00494_P01210,5.7
M00494_P01211,5.57
M00494_P01214,5.14
M00495_P00732,5.85
M00495_P00738,0.0
M00495_P00742,6.2
M00495_P00744,6.13
M00495_P00747,0.0
M00495_P00753,0.0
M00495_P01146,0.0
M00495_P01157,0.0
M00495_P01166,6.0
M00495_P01169,0.0
M00496_P00055,6.89
M00496_P00057,5.28
M00496_P00059,5.79
M00496_P00064,6.01
M00496_P00066,0.0
M00496_P00071,6.25
M00496_P00077,0.0
M00496_P01223,0.0
M00496_P01234,0.0
M00496_P01236,5.75
M00496_P01241,6.64
M00496_P01242,5.66
M00497_P00443,0.0
M00497_P00448,0.0
M00497_P00452,0.0
M00497_P00462,5.89
M00497_P00463,6.85
M00497_P00465,0.0
M00497_P00468,4.97
M00497_P01070,0.0
M00497_P01074,6.17
M00497_P01082,0.0
M00498_P00108,6.0
M00498_P00110,7.28
M00498_P00114,8.25
M00498_P00124,5.68
M00498_P00129,6.45
M00498_P01120,0.0
M00499_P00611,0.0
M00499_P00618,5.6
M00499_P00619,5.58
M00499_P00622,5.55
M00499_P00863,6.54
M00499_P00880,0.0
M00499_P00882,7.5
M00500_P00032,5.6
M00500_P00044,5.92
M00500_P00045,7.01
M00500_P00050,6.61
M00500_P00052,6.03
M00500_P00266,6.32
M00500_P00271,6.19
M00500_P00278,0.0
M00500_P00286,0.0
M00501_P00055,6.45
M00501_P00057,0.0
M00501_P00059,0.0
M00501_P00064,5.61
M00501_P00066,0.0
M00501_P00071,6.4
M00501_P00077,0.0
M00501_P00241,5.85
M00501_P00244,6.07
M00501_P00245,5.48
M00501_P00248,0.0
M00501_P00255,6.65
M00501_P00260,0.0
M00502_P00611,6.34
M00502_P00618,7.0
M00502_P00619,0.0
M00502_P00622,0.0
M00502_P01070,0.0
M00502_P01074,5.96
M00502_P01082,0.0
M00503_P00055,6.23
M00503_P00057,5.07
M00503_P00059,6.71
M00503_P00064,0.0
M00503_P00066,0.0
M00503_P00071,5.8
M00503_P00077,6.03
M00503_P00940,0.0
M00503_P00948,0.0
M00503_P00950,6.65
M00503_P00951,6.05
M00503_P00959,0.0
M00503_P00962,0.0
M00504_P00732,5.9
M00504_P00738,5.84
M00504_P00742,7.06
M00504_P00744,5.22
M00504_P00747,8.12
M00504_P00753,0.0
M00504_P01120,0.0
M00505_P00108,0.0
M00505_P00110,0.0
M00505_P00114,7.41
M00505_P00124,6.22
M00505_P00129,6.95
M00505_P00732,0.0
M00505_P00738,5.55
M00505_P00742,6.58
M00505_P00744,6.15
M00505_P00747,7.1
M00505_P00753,0.0
M00506_P00611,5.51
M00506_P00618,5.66
M00506_P00619,6.45
M00506_P00622,5.71
M00506_P00863,6.31
M00506_P00880,5.92
M00506_P00882,0.0
M00507_P00443,7.0
M00507_P00448,6.43
M00507_P00452,5.08
M00507_P00462,7.13
M00507_P00463,0.0
M00507_P00465,0.0
M00507_P00468,5.99
M00507_P01070,5.8
M00507_P01074,6.02
M00507_P01082,6.8
M00508_P00032,0.0
M00508_P00044,0.0
M00508_P00045,0.0
M00508_P00050,6.59
M00508_P00052,6.35
M00508_P00313,0.0
M00508_P00324,5.71
M00508_P00329,6.82
M00508_P00333,0.0
M00508_P00334,6.57
M00509_P00185,0.0
M00509_P00193,5.79
M00509_P00197,5.53
M00509_P00199,6.11
M00509_P00200,5.66
M00509_P00922,6.24
M00509_P00927,0.0
M00509_P00931,0.0
M00509_P00935,5.88
M00510_P00732,6.31
M00510_P00738,0.0
M00510_P00742,6.65
M00510_P00744,7.09
M00510_P00747,0.0
M00510_P00753,6.8
M00510_P01177,6.75
M00510_P01182,6.49
M00510_P01184,6.38
M00510_P01193,5.44
M00510_P01196,0.0
M00511_P00807,0.0
M00511_P00812,7.66
M00511_P00819,5.56
M00511_P00826,5.94
M00511_P00827,6.7
M00511_P01146,6.69
M00511_P01157,6.47
M00511_P01166,0.0
M00511_P01169,5.98
M00512_P00108,5.65
M00512_P00110,6.2
M00512_P00114,0.0
M00512_P00124,0.0
M00512_P00129,5.46
M00512_P00209,6.34
M00512_P00210,0.0
M00512_P00211,0.0
M00512_P00219,5.98
M00512_P00221,0.0
M00512_P00222,5.97
M00512_P00232,6.08
M00512_P00234,7.11
M00513_P00732,5.63
M00513_P00738,6.09
M00513_P00742,0.0
M00513_P00744,5.67
M00513_P00747,6.67
M00513_P00753,6.51
M00513_P01177,7.16
M00513_P01182,6.84
M00513_P01184,0.0
M00513_P01193,0.0
M00513_P01196,6.6
M00514_P00574,0.0
M00514_P00579,7.35
M00514_P00582,0.0
M00514_P00584,6.12
M00514_P00586,6.22
M00514_P00590,0.0
M00514_P01099,7.62
M00514_P01107,0.0
M00514_P01108,0.0
M00514_P01109,7.14
M00514_P01114,6.92
M00514_P01118,0.0
M00515_P00888,6.35
M00515_P00889,5.53
M00515_P00893,0.0
M00515_P00894,5.62
M00515_P00895,6.34
M00515_P00901,7.75
M00515_P00909,0.0
M00515_P00922,0.0
M00515_P00927,0.0
M00515_P00931,0.0
M00515_P00935,0.0
M00516_P00266,0.0
M00516_P00271,0.0
M00516_P00278,6.45
M00516_P00286,6.82
M00516_P01201,0.0
M00516_P01209,6.99
M00516_P01210,0.0
M00516_P01211,6.6
M00516_P01214,5.89
M00517_P00611,7.47
M00517_P00618,5.66
M00517_P00619,4.14
M00517_P00622,0.0
M00517_P00863,6.21
M00517_P00880,0.0
M00517_P00882,6.32
M00518_P00209,0.0
M00518_P00210,7.46
M00518_P00211,0.0
M00518_P00219,5.59
M00518_P00221,0.0
M00518_P00222,5.14
M00518_P00232,0.0
M00518_P00234,7.29
M00518_P00313,0.0
M00518_P00324,0.0
M00518_P00329,6.25
M00518_P00333,0.0
M00518_P00334,5.76
M00519_P00032,6.63
M00519_P00044,0.0
M00519_P00045,6.85
M00519_P00050,0.0
M00519_P00052,7.23
M00519_P00625,0.0
M00519_P00630,5.93
M00519_P00632,0.0
M00519_P00635,6.76
M00519_P00644,0.0
M00519_P00645,0.0
M00519_P00650,0.0
M00520_P00761,0.0
M00520_P00772,5.65
M00520_P00940,5.46
M00520_P00948,6.27
M00520_P00950,5.58
M00520_P00951,5.69
M00520_P00959,6.38
M00520_P00962,7.19
M00521_P00108,5.57
M00521_P00110,5.36
M00521_P00114,7.13
M00521_P00124,6.62
M00521_P00129,0.0
M00521_P00529,6.45
M00521_P00535,5.69
M00521_P00536,6.94
M00521_P00542,6.37
M00521_P00543,0.0
M00522_P00678,0.0
M00522_P00679,6.09
M00522_P00680,6.71
M00522_P00681,0.0
M00522_P00683,6.31
M00522_P00694,5.9
M00522_P00863,0.0
M00522_P00880,6.72
M00522_P00882,7.35
M00523_P00108,5.54
M00523_P00110,0.0
M00523_P00114,6.88
M00523_P00124,5.25
M00523_P00129,5.54
M00523_P00940,0.0
M00523_P00948,5.89
M00523_P00950,0.0
M00523_P00951,0.0
M00523_P00959,6.45
M00523_P00962,0.0
M00524_P00108,5.39
M00524_P00110,6.08
M00524_P00114,0.0
M00524_P00124,5.94
M00524_P00129,0.0
M00524_P01070,5.52
M00524_P01074,5.37
M00524_P01082,0.0
M00525_P00863,0.0
M00525_P00880,6.35
M00525_P00882,7.18
M00525_P01120,0.0
M00526_P00922,6.89
M00526_P00927,5.82
M00526_P00931,0.0
M00526_P00935,0.0
M00526_P01070,6.13
M00526_P01074,6.77
M00526_P01082,6.39
M00527_P00209,5.92
M00527_P00210,0.0
M00527_P00211,0.0
M00527_P00219,5.68
M00527_P00221,5.32
M00527_P00222,0.0
M00527_P00232,6.07
M00527_P00234,0.0
M00527_P00732,5.69
M00527_P00738,6.18
M00527_P00742,0.0
M00527_P00744,0.0
M00527_P00747,0.0
M00527_P00753,0.0
M00528_P00185,0.0
M00528_P00193,6.58
M00528_P00197,0.0
M00528_P00199,0.0
M00528_P00200,0.0
M00528_P00888,4.39
M00528_P00889,0.0
M00528_P00893,0.0
M00528_P00894,6.6
M00528_P00895,4.95
M00528_P00901,7.74
M00528_P00909,5.82
M00529_P00266,6.83
M00529_P00271,7.25
M00529_P00278,6.55
M00529_P00286,5.96
M00529_P00287,0.0
M00529_P00290,5.02
M00529_P00291,5.63
M00529_P00295,0.0
M00529_P00297,0.0
M00529_P00298,0.0
M00529_P00299,5.27
M00529_P00304,7.57
M00529_P00307,5.43
M00529_P00309,0.0
M00529_P00310,6.51
M00530_P00574,0.0
M00530_P00579,6.76
M00530_P00582,6.42
M00530_P00584,0.0
M00530_P00586,6.26
M00530_P00590,6.56
M00530_P00888,0.0
M00530_P00889,6.11
M00530_P00893,5.57
M00530_P00894,0.0
M00530_P00895,5.42
M00530_P00901,7.15
M00530_P00909,0.0
M00531_P00313,7.63
M00531_P00324,6.83
M00531_P00329,0.0
M00531_P00333,6.74
M00531_P00334,6.38
M00531_P00423,7.35
M00531_P00424,5.46
M00531_P00425,6.19
M00531_P00426,0.0
M00531_P00431,6.51
M00531_P00436,6.11
M00531_P00440,5.88
M00532_P00209,0.0
M00532_P00210,7.82
M00532_P00211,0.0
M00532_P00219,5.61
M00532_P00221,0.0
M00532_P00222,0.0
M00532_P00232,0.0
M00532_P00234,7.1
M00532_P01070,0.0
M00532_P01074,6.87
M00532_P01082,0.0
M00533_P00835,0.0
M00533_P00840,5.81
M00533_P00844,5.18
M00533_P00847,5.21
M00533_P00848,5.46
M00533_P00856,6.42
M00533_P01099,5.83
M00533_P01107,0.0
M00533_P01108,6.13
M00533_P01109,6.28
M00533_P01114,7.43
M00533_P01118,0.0
M00534_P00266,6.54
M00534_P00271,0.0
M00534_P00278,6.06
M00534_P00286,5.95
M00534_P01120,0.0
M00535_P00055,0.0
M00535_P00057,6.43
M00535_P00059,6.29
M00535_P00064,0.0
M00535_P00066,0.0
M00535_P00071,0.0
M00535_P00077,0.0
M00535_P00940,0.0
M00535_P00948,5.49
M00535_P00950,0.0
M00535_P00951,6.84
M00535_P00959,6.93
M00535_P00962,6.91
M00536_P00055,0.0
M00536_P00057,5.4
M00536_P00059,0.0
M00536_P00064,0.0
M00536_P00066,7.65
M00536_P00071,6.99
M00536_P00077,0.0
M00536_P01099,0.0
M00536_P01107,0.0
M00536_P01108,0.0
M00536_P01109,6.5
M00536_P01114,7.0
M00536_P01118,6.55
M00537_P00345,0.0
M00537_P00347,6.8
M00537_P00351,6.55
M00537_P00353,0.0
M00537_P00359,0.0
M00537_P00362,6.14
M00537_P01070,5.92
M00537_P01074,6.83
M00537_P01082,5.94
M00538_P01020,5.87
M00538_P01034,0.0
M00538_P01037,5.42
M00538_P01038,6.41
M00538_P01070,6.28
M00538_P01074,0.0
M00538_P01082,6.88
M00539_P00888,5.44
M00539_P00889,0.0
M00539_P00893,6.15
M00539_P00894,0.0
M00539_P00895,0.0
M00539_P00901,7.62
M00539_P00909,0.0
M00539_P01041,5.84
M00539_P01042,0.0
M00539_P01048,0.0
M00539_P01049,0.0
M00539_P01051,6.5
M00539_P01055,6.04
M00539_P01063,6.85
M00539_P01064,5.34
M00540_P00391,0.0
M00540_P00399,6.41
M00540_P00410,6.64
M00540_P00416,6.64
M00540_P00782,5.98
M00540_P00786,5.84
M00540_P00788,0.0
M00540_P00797,0.0
M00540_P00803,5.59
M00541_P00515,0.0
M00541_P00782,5.86
M00541_P00786,5.76
M00541_P00788,0.0
M00541_P00797,0.0
M00541_P00803,6.91
M00542_P00266,5.38
M00542_P00271,6.21
M00542_P00278,6.58
M00542_P00286,0.0
M00542_P00761,5.96
M00542_P00772,0.0
M00543_P00345,0.0
M00543_P00347,6.56
M00543_P00351,6.82
M00543_P00353,5.88
M00543_P00359,0.0
M00543_P00362,4.46
M00543_P00761,7.34
M00543_P00772,6.02
M00544_P00529,6.73
M00544_P00535,0.0
M00544_P00536,0.0
M00544_P00542,0.0
M00544_P00543,0.0
M00544_P01201,4.75
M00544_P01209,5.35
M00544_P01210,6.24
M00544_P01211,7.56
M00544_P01214,5.6
M00545_P00209,0.0
M00545_P00210,6.59
M00545_P00211,0.0
M00545_P00219,0.0
M00545_P00221,6.59
M00545_P00222,6.98
M00545_P00232,5.72
M00545_P00234,7.99
M00545_P00655,0.0
M00545_P00662,5.91
M00545_P00666,6.71
M00545_P00668,5.23
M00545_P00669,6.84
M00545_P00673,6.74
M00545_P00674,5.36
M00546_P00835,5.27
M00546_P00840,4.75
M00546_P00844,0.0
M00546_P00847,4.54
M00546_P00848,5.15
M00546_P00856,0.0
M00546_P00940,5.76
M00546_P00948,0.0
M00546_P00950,5.84
M00546_P00951,6.29
M00546_P00959,0.0
M00546_P00962,6.28
M00547_P00391,0.0
M00547_P00399,5.63
M00547_P00410,0.0
M00547_P00416,6.19
M00547_P00782,6.28
M00547_P00786,5.42
M00547_P00788,0.0
M00547_P00797,0.0
M00547_P00803,0.0
M00548_P00391,0.0
M00548_P00399,0.0
M00548_P00410,0.0
M00548_P00416,0.0
M00548_P00732,0.0
M00548_P00738,0.0
M00548_P00742,0.0
M00548_P00744,6.48
M00548_P00747,6.6
M00548_P00753,4.81
M00549_P00079,6.96
M00549_P00082,6.25
M00549_P00087,5.47
M00549_P00097,0.0
M00549_P00102,0.0
M00549_P00515,5.65
M00550_P00266,6.18
M00550_P00271,0.0
M00550_P00278,6.52
M00550_P00286,5.11
M00550_P00391,0.0
M00550_P00399,6.72
M00550_P00410,7.2
M00550_P00416,6.81
M00551_P00266,0.0
M00551_P00271,7.14
M00551_P00278,7.27
M00551_P00286,0.0
M00551_P00313,0.0
M00551_P00324,5.51
M00551_P00329,0.0
M00551_P00333,6.85
M00551_P00334,6.51
M00552_P00515,0.0
M00552_P00807,0.0
M00552_P00812,0.0
M00552_P00819,0.0
M00552_P00826,6.16
M00552_P00827,7.01
M00553_P00136,0.0
M00553_P00141,7.25
M00553_P00148,6.59
M00553_P00156,0.0
M00553_P00678,5.93
M00553_P00679,0.0
M00553_P00680,6.24
M00553_P00681,0.0
M00553_P00683,6.23
M00553_P00694,8.07
M00554_P00345,5.59
M00554_P00347,0.0
M00554_P00351,7.33
M00554_P00353,6.26
M00554_P00359,0.0
M00554_P00362,0.0
M00554_P00391,0.0
M00554_P00399,0.0
M00554_P00410,0.0
M00554_P00416,6.52
M00555_P00079,0.0
M00555_P00082,0.0
M00555_P00087,0.0
M00555_P00097,0.0
M00555_P00102,6.04
M00555_P00108,5.59
M00555_P00110,6.25
M00555_P00114,0.0
M00555_P00124,0.0
M00555_P00129,0.0
M00556_P00991,0.0
M00556_P00993,0.0
M00556_P00997,0.0
M00556_P01000,0.0
M00556_P01010,7.22
M00556_P01099,5.96
M00556_P01107,6.32
M00556_P01108,0.0
M00556_P01109,0.0
M00556_P01114,0.0
M00556_P01118,6.88
M00557_P00478,0.0
M00557_P00479,6.36
M00557_P00486,5.85
M00557_P00491,4.74
M00557_P00922,5.73
M00557_P00927,4.99
M00557_P00931,6.01
M00557_P00935,7.44
M00558_P00209,0.0
M00558_P00210,6.5
M00558_P00211,0.0
M00558_P00219,0.0
M00558_P00221,0.0
M00558_P00222,5.41
M00558_P00232,6.63
M00558_P00234,7.81
M00558_P00705,0.0
M00558_P00707,6.47
M00558_P00716,0.0
M00558_P00718,6.13
M00558_P00724,0.0
M00558_P00728,5.5
M00559_P00611,5.23
M00559_P00618,6.52
M00559_P00619,0.0
M00559_P00622,0.0
M00559_P00655,6.91
M00559_P00662,5.8
M00559_P00666,6.16
M00559_P00668,5.92
M00559_P00669,5.87
M00559_P00673,0.0
M00559_P00674,0.0
M00560_P00079,0.0
M00560_P00082,7.27
M00560_P00087,0.0
M00560_P00097,6.38
M00560_P00102,0.0
M00560_P00965,6.39
M00560_P00966,5.6
M00560_P00975,7.01
M00560_P00978,0.0
M00560_P00980,0.0
M00560_P00986,0.0
M00561_P00611,5.47
M00561_P00618,5.32
M00561_P00619,5.84
M00561_P00622,6.81
M00561_P00940,6.15
M00561_P00948,7.21
M00561_P00950,0.0
M00561_P00951,5.52
M00561_P00959,0.0
M00561_P00962,0.0
M00562_P00625,0.0
M00562_P00630,0.0
M00562_P00632,7.06
M00562_P00635,0.0
M00562_P00644,5.2
M00562_P00645,8.41
M00562_P00650,6.15
M00562_P00863,0.0
M00562_P00880,0.0
M00562_P00882,6.59
M00563_P01020,6.8
M00563_P01034,0.0
M00563_P01037,5.16
M00563_P01038,5.32
M00563_P01146,7.67
M00563_P01157,5.53
M00563_P01166,6.08
M00563_P01169,4.73
M00564_P00157,0.0
M00564_P00159,6.05
M00564_P00164,0.0
M00564_P00169,7.06
M00564_P00171,5.56
M00564_P00175,7.33
M00564_P00209,6.16
M00564_P00210,0.0
M00564_P00211,0.0
M00564_P00219,0.0
M00564_P00221,6.3
M00564_P00222,6.96
M00564_P00232,5.72
M00564_P00234,0.0
M00565_P00549,6.75
M00565_P00552,0.0
M00565_P00554,6.53
M00565_P00561,0.0
M00565_P00562,5.58
M00565_P00568,0.0
M00565_P00940,5.76
M00565_P00948,0.0
M00565_P00950,6.05
M00565_P00951,0.0
M00565_P00959,5.71
M00565_P00962,7.36
M00566_P00313,0.0
M00566_P00324,6.11
M00566_P00329,6.69
M00566_P00333,6.09
M00566_P00334,0.0
M00566_P01020,7.01
M00566_P01034,0.0
M00566_P01037,6.33
M00566_P01038,0.0
M00567_P00055,0.0
M00567_P00057,5.88
M00567_P00059,6.83
M00567_P00064,6.6
M00567_P00066,0.0
M00567_P00071,6.9
M00567_P00077,6.68
M00567_P00835,0.0
M00567_P00840,7.13
M00567_P00844,4.94
M00567_P00847,6.07
M00567_P00848,0.0
M00567_P00856,0.0
M00568_P00209,5.75
M00568_P00210,0.0
M00568_P00211,0.0
M00568_P00219,5.01
M00568_P00221,6.77
M00568_P00222,0.0
M00568_P00232,5.42
M00568_P00234,0.0
M00568_P01201,0.0
M00568_P01209,5.54
M00568_P01210,0.0
M00568_P01211,0.0
M00568_P01214,5.72
M00569_P00761,0.0
M00569_P00772,4.74
M00569_P00863,0.0
M00569_P00880,0.0
M00569_P00882,0.0
M00570_P00529,5.39
M00570_P00535,5.7
M00570_P00536,0.0
M00570_P00542,4.84
M00570_P00543,5.69
M00570_P01041,0.0
M00570_P01042,0.0
M00570_P01048,5.41
M00570_P01049,7.47
M00570_P01051,6.25
M00570_P01055,0.0
M00570_P01063,6.81
M00570_P01064,0.0
M00571_P00655,5.93
M00571_P00662,0.0
M00571_P00666,0.0
M00571_P00668,6.52
M00571_P00669,6.16
M00571_P00673,6.38
M00571_P00674,0.0
M00571_P01041,5.79
M00571_P01042,0.0
M00571_P01048,0.0
M00571_P01049,7.23
M00571_P01051,0.0
M00571_P01055,6.29
M00571_P01063,6.11
M00571_P01064,5.74
M00572_P00549,0.0
M00572_P00552,4.62
M00572_P00554,0.0
M00572_P00561,0.0
M00572_P00562,0.0
M00572_P00568,0.0
M00572_P00965,6.47
M00572_P00966,5.28
M00572_P00975,6.49
M00572_P00978,6.78
M00572_P00980,7.61
M00572_P00986,6.18
M00573_P00940,5.97
M00573_P00948,6.52
M00573_P00950,5.58
M00573_P00951,7.26
M00573_P00959,5.89
M00573_P00962,7.54
M00573_P01177,5.82
M00573_P01182,5.65
M00573_P01184,6.4
M00573_P01193,0.0
M00573_P01196,0.0
M00574_P00032,0.0
M00574_P00044,6.79
M00574_P00045,0.0
M00574_P00050,6.52
M00574_P00052,6.66
M00574_P00625,0.0
M00574_P00630,5.62
M00574_P00632,6.82
M00574_P00635,0.0
M00574_P00644,5.64
M00574_P00645,0.0
M00574_P00650,0.0
M00575_P00678,5.56
M00575_P00679,0.0
M00575_P00680,0.0
M00575_P00681,5.91
M00575_P00683,6.46
M00575_P00694,7.1
M00575_P00991,6.51
M00575_P00993,5.88
M00575_P00997,4.7
M00575_P01000,0.0
M00575_P01010,6.65
M00576_P00782,0.0
M00576_P00786,0.0
M00576_P00788,7.27
M00576_P00797,7.12
M00576_P00803,6.1
M00576_P00991,0.0
M00576_P00993,4.39
M00576_P00997,5.53
M00576_P01000,0.0
M00576_P01010,0.0
M00577_P00079,7.49
M00577_P00082,0.0
M00577_P00087,6.31
M00577_P00097,6.51
M00577_P00102,5.52
M00577_P01201,0.0
M00577_P01209,6.13
M00577_P01210,6.15
M00577_P01211,7.6
M00577_P01214,6.48
M00578_P00266,0.0
M00578_P00271,0.0
M00578_P00278,8.17
M00578_P00286,7.1
M00578_P00888,6.07
M00578_P00889,0.0
M00578_P00893,6.54
M00578_P00894,0.0
M00578_P00895,6.71
M00578_P00901,6.37
M00578_P00909,0.0
M00579_P00241,5.33
M00579_P00244,5.33
M00579_P00245,6.24
M00579_P00248,5.29
M00579_P00255,6.98
M00579_P00260,7.76
M00579_P01146,6.75
M00579_P01157,6.1
M00579_P01166,5.94
M00579_P01169,0.0
M00580_P00940,6.19
M00580_P00948,0.0
M00580_P00950,5.55
M00580_P00951,6.82
M00580_P00959,0.0
M00580_P00962,0.0
M00580_P01177,0.0
M00580_P01182,6.82
M00580_P01184,0.0
M00580_P01193,6.08
M00580_P01196,6.14
M00581_P00032,6.94
M00581_P00044,6.25
M00581_P00045,5.74
M00581_P00050,6.04
M00581_P00052,6.59
M00581_P00761,0.0
M00581_P00772,5.6
M00582_P00241,0.0
M00582_P00244,6.38
M00582_P00245,6.32
M00582_P00248,6.09
M00582_P00255,0.0
M00582_P00260,7.2
M00582_P00705,0.0
M00582_P00707,6.16
M00582_P00716,7.05
M00582_P00718,0.0
M00582_P00724,5.75
M00582_P00728,0.0
M00583_P00678,6.36
M00583_P00679,0.0
M00583_P00680,0.0
M00583_P00681,6.15
M00583_P00683,5.87
M00583_P00694,6.37
M00583_P00863,0.0
M00583_P00880,0.0
M00583_P00882,7.46
M00584_P01201,5.36
M00584_P01209,5.26
M00584_P01210,0.0
M00584_P01211,6.92
M00584_P01214,6.42
M00584_P01223,0.0
M00584_P01234,6.51
M00584_P01236,0.0
M00584_P01241,5.76
M00584_P01242,5.2
M00585_P00345,0.0
M00585_P00347,7.19
M00585_P00351,5.76
M00585_P00353,4.86
M00585_P00359,0.0
M00585_P00362,5.83
M00585_P00863,6.09
M00585_P00880,6.69
M00585_P00882,6.88
M00586_P00782,0.0
M00586_P00786,5.57
M00586_P00788,0.0
M00586_P00797,0.0
M00586_P00803,0.0
M00586_P01099,7.0
M00586_P01107,4.75
M00586_P01108,7.29
M00586_P01109,6.98
M00586_P01114,6.82
M00586_P01118,6.95
M00587_P00287,6.01
M00587_P00290,0.0
M00587_P00291,6.71
M00587_P00295,0.0
M00587_P00297,0.0
M00587_P00298,0.0
M00587_P00299,0.0
M00587_P00304,5.75
M00587_P00307,6.32
M00587_P00309,6.43
M00587_P00310,6.53
M00587_P00529,0.0
M00587_P00535,5.92
M00587_P00536,6.76
M00587_P00542,5.79
M00587_P00543,0.0
M00588_P00574,0.0
M00588_P00579,6.74
M00588_P00582,0.0
M00588_P00584,0.0
M00588_P00586,0.0
M00588_P00590,6.55
M00588_P00888,0.0
M00588_P00889,6.09
M00588_P00893,6.13
M00588_P00894,0.0
M00588_P00895,0.0
M00588_P00901,7.27
M00588_P00909,0.0
M00589_P00782,0.0
M00589_P00786,5.78
M00589_P00788,6.46
M00589_P00797,6.73
M00589_P00803,4.58
M00589_P01020,6.88
M00589_P01034,5.64
M00589_P01037,6.57
M00589_P01038,0.0
M00590_P00443,0.0
M00590_P00448,7.28
M00590_P00452,0.0
M00590_P00462,5.73
M00590_P00463,6.46
M00590_P00465,7.32
M00590_P00468,6.43
M00590_P00940,0.0
M00590_P00948,0.0
M00590_P00950,5.99
M00590_P00951,5.55
M00590_P00959,6.5
M00590_P00962,7.23
M00591_P00478,6.67
M00591_P00479,0.0
M00591_P00486,5.41
M00591_P00491,5.83
M00591_P00515,6.23
M00592_P01146,7.27
M00592_P01157,5.68
M00592_P01166,6.37
M00592_P01169,5.69
M00592_P01201,6.37
M00592_P01209,5.27
M00592_P01210,0.0
M00592_P01211,0.0
M00592_P01214,5.59
M00593_P00574,5.97
M00593_P00579,5.05
M00593_P00582,0.0
M00593_P00584,0.0
M00593_P00586,5.68
M00593_P00590,0.0
M00593_P00782,0.0
M00593_P00786,4.9
M00593_P00788,5.57
M00593_P00797,0.0
M00593_P00803,5.91
M00594_P00185,5.45
M00594_P00193,6.02
M00594_P00197,5.88
M00594_P00199,5.94
M00594_P00200,6.8
M00594_P00478,0.0
M00594_P00479,6.07
M00594_P00486,5.34
M00594_P00491,0.0
M00595_P00574,0.0
M00595_P00579,0.0
M00595_P00582,5.94
M00595_P00584,5.67
M00595_P00586,5.43
M00595_P00590,0.0
M00595_P00655,0.0
M00595_P00662,7.0
M00595_P00666,5.5
M00595_P00668,0.0
M00595_P00669,6.72
M00595_P00673,5.72
M00595_P00674,5.28
M00596_P00055,6.63
M00596_P00057,6.24
M00596_P00059,6.27
M00596_P00064,0.0
M00596_P00066,7.28
M00596_P00071,6.81
M00596_P00077,6.61
M00596_P00478,0.0
M00596_P00479,0.0
M00596_P00486,0.0
M00596_P00491,0.0
M00597_P00574,0.0
M00597_P00579,6.54
M00597_P00582,0.0
M00597_P00584,5.71
M00597_P00586,5.87
M00597_P00590,6.14
M00597_P00761,0.0
M00597_P00772,0.0
M00598_P00782,0.0
M00598_P00786,0.0
M00598_P00788,7.62
M00598_P00797,0.0
M00598_P00803,5.97
M00598_P01223,7.03
M00598_P01234,0.0
M00598_P01236,6.15
M00598_P01241,6.68
M00598_P01242,0.0
M00599_P00443,0.0
M00599_P00448,4.83
M00599_P00452,5.98
M00599_P00462,0.0
M00599_P00463,6.74
M00599_P00465,0.0
M00599_P00468,5.97
M00599_P00888,6.65
M00599_P00889,5.24
M00599_P00893,6.23
M00599_P00894,5.66
M00599_P00895,6.53
M00599_P00901,0.0
M00599_P00909,7.79
M00600_P00157,0.0
M00600_P00159,0.0
M00600_P00164,5.61
M00600_P00169,0.0
M00600_P00171,6.42
M00600_P00175,6.15
M00600_P00209,4.69
M00600_P00210,0.0
M00600_P00211,0.0
M00600_P00219,6.35
M00600_P00221,6.91
M00600_P00222,0.0
M00600_P00232,5.41
M00600_P00234,7.73
M00601_P00079,0.0
M00601_P00082,6.19
M00601_P00087,0.0
M00601_P00097,0.0
M00601_P00102,5.57
M00601_P00391,0.0
M00601_P00399,6.39
M00601_P00410,7.08
M00601_P00416,6.58
M00602_P00368,5.85
M00602_P00372,0.0
M00602_P00378,5.97
M00602_P00382,0.0
M00602_P00383,5.46
M00602_P01041,6.68
M00602_P01042,0.0
M00602_P01048,6.03
M00602_P01049,0.0
M00602_P01051,6.06
M00602_P01055,0.0
M00602_P01063,5.3
M00602_P01064,0.0
M00603_P00549,5.81
M00603_P00552,6.2
M00603_P00554,0.0
M00603_P00561,8.25
M00603_P00562,5.52
M00603_P00568,0.0
M00603_P00678,0.0
M00603_P00679,6.8
M00603_P00680,4.55
M00603_P00681,6.64
M00603_P00683,0.0
M00603_P00694,0.0
M00604_P00157,5.36
M00604_P00159,0.0
M00604_P00164,6.56
M00604_P00169,6.15
M00604_P00171,5.63
M00604_P00175,6.12
M00604_P01146,0.0
M00604_P01157,5.64
M00604_P01166,6.97
M00604_P01169,0.0
M00605_P00011,0.0
M00605_P00024,5.69
M00605_P00940,0.0
M00605_P00948,6.48
M00605_P00950,7.14
M00605_P00951,6.68
M00605_P00959,0.0
M00605_P00962,7.35
M00606_P00782,5.61
M00606_P00786,0.0
M00606_P00788,7.06
M00606_P00797,6.18
M00606_P00803,5.72
M00606_P01070,5.6
M00606_P01074,5.97
M00606_P01082,0.0
M00607_P00478,6.14
M00607_P00479,0.0
M00607_P00486,6.29
M00607_P00491,0.0
M00607_P00549,0.0
M00607_P00552,6.19
M00607_P00554,6.28
M00607_P00561,6.89
M00607_P00562,0.0
M00607_P00568,0.0
M00608_P00136,0.0
M00608_P00141,6.74
M00608_P00148,5.66
M00608_P00156,0.0
M00608_P01099,6.94
M00608_P01107,5.68
M00608_P01108,0.0
M00608_P01109,6.18
M00608_P01114,5.3
M00608_P01118,6.6
M00609_P00888,5.91
M00609_P00889,0.0
M00609_P00893,5.58
M00609_P00894,0.0
M00609_P00895,6.91
M00609_P00901,0.0
M00609_P00909,7.23
M00609_P01223,0.0
M00609_P01234,7.28
M00609_P01236,5.98
M00609_P01241,6.8
M00609_P01242,6.44
M00610_P00287,0.0
M00610_P00290,6.62
M00610_P00291,0.0
M00610_P00295,7.8
M00610_P00297,6.35
M00610_P00298,0.0
M00610_P00299,6.26
M00610_P00304,7.0
M00610_P00307,6.08
M00610_P00309,5.5
M00610_P00310,0.0
M00610_P00678,6.06
M00610_P00679,0.0
M00610_P00680,7.43
M00610_P00681,0.0
M00610_P00683,0.0
M00610_P00694,0.0
M00611_P00287,0.0
M00611_P00290,5.79
M00611_P00291,6.25
M00611_P00295,0.0
M00611_P00297,0.0
M00611_P00298,0.0
M00611_P00299,0.0
M00611_P00304,5.6
M00611_P00307,7.09
M00611_P00309,6.71
M00611_P00310,5.7
M00611_P00807,0.0
M00611_P00812,7.7
M00611_P00819,5.71
M00611_P00826,0.0
M00611_P00827,6.41
M00612_P00011,0.0
M00612_P00024,6.25
M00612_P00055,0.0
M00612_P00057,6.4
M00612_P00059,7.06
M00612_P00064,5.77
M00612_P00066,7.72
M00612_P00071,0.0
M00612_P00077,6.66
M00613_P00478,0.0
M00613_P00479,0.0
M00613_P00486,5.96
M00613_P00491,5.76
M00613_P00549,0.0
M00613_P00552,0.0
M00613_P00554,0.0
M00613_P00561,7.01
M00613_P00562,0.0
M00613_P00568,7.01
M00614_P00209,0.0
M00614_P00210,0.0
M00614_P00211,6.37
M00614_P00219,5.76
M00614_P00221,0.0
M00614_P00222,6.38
M00614_P00232,0.0
M00614_P00234,6.82
M00614_P00863,5.75
M00614_P00880,6.56
M00614_P00882,0.0
M00615_P00185,0.0
M00615_P00193,5.94
M00615_P00197,0.0
M00615_P00199,5.84
M00615_P00200,6.73
M00615_P00313,0.0
M00615_P00324,0.0
M00615_P00329,5.54
M00615_P00333,6.21
M00615_P00334,6.37
M00616_P00761,6.2
M00616_P00772,6.29
M00616_P01201,0.0
M00616_P01209,0.0
M00616_P01210,5.96
M00616_P01211,6.33
M00616_P01214,0.0
M00617_P00287,0.0
M00617_P00290,5.46
M00617_P00291,0.0
M00617_P00295,6.39
M00617_P00297,5.48
M00617_P00298,6.55
M00617_P00299,0.0
M00617_P00304,5.25
M00617_P00307,0.0
M00617_P00309,7.18
M00617_P00310,0.0
M00617_P01177,0.0
M00617_P01182,5.79
M00617_P01184,0.0
M00617_P01193,0.0
M00617_P01196,5.93
M00618_P00478,6.37
M00618_P00479,6.85
M00618_P00486,0.0
M00618_P00491,6.05
M00618_P00965,6.29
M00618_P00966,0.0
M00618_P00975,7.14
M00618_P00978,0.0
M00618_P00980,0.0
M00618_P00986,7.95
M00619_P00287,0.0
M00619_P00290,5.99
M00619_P00291,0.0
M00619_P00295,0.0
M00619_P00297,0.0
M00619_P00298,6.48
M00619_P00299,0.0
M00619_P00304,0.0
M00619_P00307,5.75
M00619_P00309,6.35
M00619_P00310,0.0
M00619_P01041,0.0
M00619_P01042,0.0
M00619_P01048,0.0
M00619_P01049,0.0
M00619_P01051,0.0
M00619_P01055,5.81
M00619_P01063,0.0
M00619_P01064,5.82
M00620_P00705,5.75
M00620_P00707,6.32
M00620_P00716,6.4
M00620_P00718,0.0
M00620_P00724,5.67
M00620_P00728,0.0
M00620_P00863,0.0
M00620_P00880,0.0
M00620_P00882,0.0
M00621_P00655,6.38
M00621_P00662,0.0
M00621_P00666,5.71
M00621_P00668,0.0
M00621_P00669,5.85
M00621_P00673,5.48
M00621_P00674,0.0
M00621_P01120,5.88
M00622_P00209,0.0
M00622_P00210,7.06
M00622_P00211,0.0
M00622_P00219,5.51
M00622_P00221,5.53
M00622_P00222,0.0
M00622_P00232,6.42
M00622_P00234,0.0
M00622_P00807,0.0
M00622_P00812,0.0
M00622_P00819,6.01
M00622_P00826,5.95
M00622_P00827,7.81
M00623_P00011,0.0
M00623_P00024,6.7
M00623_P00443,0.0
M00623_P00448,5.5
M00623_P00452,0.0
M00623_P00462,0.0
M00623_P00463,6.64
M00623_P00465,6.01
M00623_P00468,0.0
M00624_P00443,5.54
M00624_P00448,0.0
M00624_P00452,0.0
M00624_P00462,5.89
M00624_P00463,5.4
M00624_P00465,0.0
M00624_P00468,6.25
M00624_P00732,0.0
M00624_P00738,6.76
M00624_P00742,5.56
M00624_P00744,6.32
M00624_P00747,0.0
M00624_P00753,0.0
M00625_P00965,0.0
M00625_P00966,0.0
M00625_P00975,5.81
M00625_P00978,0.0
M00625_P00980,0.0
M00625_P00986,6.63
M00625_P01223,0.0
M00625_P01234,6.84
M00625_P01236,4.8
M00625_P01241,0.0
M00625_P01242,5.12
M00626_P00423,6.91
M00626_P00424,5.95
M00626_P00425,7.48
M00626_P00426,0.0
M00626_P00431,6.58
M00626_P00436,6.21
M00626_P00440,0.0
M00626_P01099,6.93
M00626_P01107,0.0
M00626_P01108,6.92
M00626_P01109,6.87
M00626_P01114,6.59
M00626_P01118,0.0
M00627_P00079,7.49
M00627_P00082,6.48
M00627_P00087,7.03
M00627_P00097,6.0
M00627_P00102,0.0
M00627_P01120,5.76
M00628_P00266,0.0
M00628_P00271,7.04
M00628_P00278,7.77
M00628_P00286,6.69
M00628_P00515,0.0
M00629_P00185,5.73
M00629_P00193,6.81
M00629_P00197,6.95
M00629_P00199,0.0
M00629_P00200,0.0
M00629_P01146,0.0
M00629_P01157,0.0
M00629_P01166,5.38
M00629_P01169,6.07
M00630_P00611,0.0
M00630_P00618,5.96
M00630_P00619,6.36
M00630_P00622,5.39
M00630_P01041,5.99
M00630_P01042,0.0
M00630_P01048,5.98
M00630_P01049,0.0
M00630_P01051,7.03
M00630_P01055,6.56
M00630_P01063,6.32
M00630_P01064,0.0
M00631_P00209,0.0
M00631_P00210,7.98
M00631_P00211,0.0
M00631_P00219,0.0
M00631_P00221,5.75
M00631_P00222,7.01
M00631_P00232,0.0
M00631_P00234,7.04
M00631_P00807,0.0
M00631_P00812,6.72
M00631_P00819,0.0
M00631_P00826,0.0
M00631_P00827,6.26
M00632_P00991,7.67
M00632_P00993,5.63
M00632_P00997,5.7
M00632_P01000,0.0
M00632_P01010,6.59
M00632_P01223,0.0
M00632_P01234,0.0
M00632_P01236,5.71
M00632_P01241,5.66
M00632_P01242,0.0
M00633_P00922,6.07
M00633_P00927,0.0
M00633_P00931,5.89
M00633_P00935,7.89
M00633_P01146,0.0
M00633_P01157,0.0
M00633_P01166,0.0
M00633_P01169,0.0
M00634_P00391,0.0
M00634_P00399,7.42
M00634_P00410,0.0
M00634_P00416,7.43
M00634_P01146,6.89
M00634_P01157,6.55
M00634_P01166,5.02
M00634_P01169,0.0
M00635_P00732,0.0
M00635_P00738,0.0
M00635_P00742,5.29
M00635_P00744,5.89
M00635_P00747,5.9
M00635_P00753,5.92
M00635_P00863,5.41
M00635_P00880,0.0
M00635_P00882,0.0
M00636_P00108,0.0
M00636_P00110,6.81
M00636_P00114,6.56
M00636_P00124,5.51
M00636_P00129,5.65
M00636_P00965,0.0
M00636_P00966,0.0
M00636_P00975,6.75
M00636_P00978,5.91
M00636_P00980,7.3
M00636_P00986,0.0
M00637_P00835,6.28
M00637_P00840,5.69
M00637_P00844,6.13
M00637_P00847,0.0
M00637_P00848,5.78
M00637_P00856,6.68
M00637_P00922,6.07
M00637_P00927,0.0
M00637_P00931,0.0
M00637_P00935,6.96
M00638_P00266,6.64
M00638_P00271,6.61
M00638_P00278,7.02
M00638_P00286,6.29
M00638_P00549,0.0
M00638_P00552,5.96
M00638_P00554,0.0
M00638_P00561,7.16
M00638_P00562,0.0
M00638_P00568,6.72
M00639_P00185,0.0
M00639_P00193,0.0
M00639_P00197,6.13
M00639_P00199,6.56
M00639_P00200,0.0
M00639_P01146,0.0
M00639_P01157,5.47
M00639_P01166,0.0
M00639_P01169,6.72
M00640_P00136,6.98
M00640_P00141,7.9
M00640_P00148,0.0
M00640_P00156,5.87
M00640_P00863,6.31
M00640_P00880,0.0
M00640_P00882,6.43
M00641_P00209,5.74
M00641_P00210,0.0
M00641_P00211,0.0
M00641_P00219,0.0
M00641_P00221,6.11
M00641_P00222,5.35
M00641_P00232,0.0
M00641_P00234,8.24
M00641_P00761,0.0
M00641_P00772,5.08
M00642_P00761,6.3
M00642_P00772,5.74
M00642_P00965,6.89
M00642_P00966,0.0
M00642_P00975,0.0
M00642_P00978,5.77
M00642_P00980,0.0
M00642_P00986,8.01
M00643_P00515,0.0
M00643_P01120,0.0
M00644_P00423,6.26
M00644_P00424,6.03
M00644_P00425,6.36
M00644_P00426,0.0
M00644_P00431,0.0
M00644_P00436,0.0
M00644_P00440,5.87
M00644_P00655,5.34
M00644_P00662,6.14
M00644_P00666,6.26
M00644_P00668,5.17
M00644_P00669,0.0
M00644_P00673,7.0
M00644_P00674,0.0
M00645_P00108,0.0
M00645_P00110,5.82
M00645_P00114,6.97
M00645_P00124,0.0
M00645_P00129,0.0
M00645_P00965,6.05
M00645_P00966,0.0
M00645_P00975,7.04
M00645_P00978,6.94
M00645_P00980,0.0
M00645_P00986,6.78
M00646_P00574,0.0
M00646_P00579,0.0
M00646_P00582,0.0
M00646_P00584,0.0
M00646_P00586,5.48
M00646_P00590,7.35
M00646_P01177,0.0
M00646_P01182,0.0
M00646_P01184,6.31
M00646_P01193,5.78
M00646_P01196,0.0
M00647_P00108,0.0
M00647_P00110,0.0
M00647_P00114,0.0
M00647_P00124,6.53
M00647_P00129,6.49
M00647_P00807,0.0
M00647_P00812,0.0
M00647_P00819,0.0
M00647_P00826,5.96
M00647_P00827,6.16
M00648_P00287,5.65
M00648_P00290,5.72
M00648_P00291,6.44
M00648_P00295,0.0
M00648_P00297,0.0
M00648_P00298,0.0
M00648_P00299,0.0
M00648_P00304,6.33
M00648_P00307,6.54
M00648_P00309,7.22
M00648_P00310,6.84
M00648_P00678,0.0
M00648_P00679,7.53
M00648_P00680,5.49
M00648_P00681,4.98
M00648_P00683,5.47
M00648_P00694,6.03
M00649_P01070,5.98
M00649_P01074,6.58
M00649_P01082,6.2
M00649_P01223,5.42
M00649_P01234,6.48
M00649_P01236,6.17
M00649_P01241,6.23
M00649_P01242,6.05
M00650_P00611,0.0
M00650_P00618,6.8
M00650_P00619,0.0
M00650_P00622,0.0
M00650_P00655,0.0
M00650_P00662,0.0
M00650_P00666,6.55
M00650_P00668,5.69
M00650_P00669,6.53
M00650_P00673,6.57
M00650_P00674,5.13
M00651_P00136,7.3
M00651_P00141,0.0
M00651_P00148,0.0
M00651_P00156,0.0
M00651_P00625,0.0
M00651_P00630,0.0
M00651_P00632,6.91
M00651_P00635,6.85
M00651_P00644,6.12
M00651_P00645,6.74
M00651_P00650,0.0
M00652_P00574,0.0
M00652_P00579,6.37
M00652_P00582,6.33
M00652_P00584,0.0
M00652_P00586,5.75
M00652_P00590,0.0
M00652_P01070,0.0
M00652_P01074,5.44
M00652_P01082,0.0
M00653_P00655,6.06
M00653_P00662,6.65
M00653_P00666,0.0
M00653_P00668,6.12
M00653_P00669,0.0
M00653_P00673,6.04
M00653_P00674,6.15
M00653_P00888,5.98
M00653_P00889,6.43
M00653_P00893,6.56
M00653_P00894,0.0
M00653_P00895,0.0
M00653_P00901,0.0
M00653_P00909,0.0
M00654_P00368,0.0
M00654_P00372,7.01
M00654_P00378,7.1
M00654_P00382,6.34
M00654_P00383,6.19
M00654_P01201,0.0
M00654_P01209,5.37
M00654_P01210,6.78
M00654_P01211,6.53
M00654_P01214,6.29
M00655_P00515,0.0
M00655_P00782,0.0
M00655_P00786,0.0
M00655_P00788,0.0
M00655_P00797,0.0
M00655_P00803,5.96
M00656_P00625,5.66
M00656_P00630,0.0
M00656_P00632,5.78
M00656_P00635,6.43
M00656_P00644,6.47
M00656_P00645,6.95
M00656_P00650,7.41
M00656_P00888,6.63
M00656_P00889,6.04
M00656_P00893,5.65
M00656_P00894,6.53
M00656_P00895,0.0
M00656_P00901,6.36
M00656_P00909,0.0
M00657_P00574,0.0
M00657_P00579,6.28
M00657_P00582,5.39
M00657_P00584,0.0
M00657_P00586,6.13
M00657_P00590,0.0
M00657_P00761,0.0
M00657_P00772,5.79
M00658_P00313,0.0
M00658_P00324,0.0
M00658_P00329,5.39
M00658_P00333,0.0
M00658_P00334,5.74
M00658_P01223,5.23
M00658_P01234,0.0
M00658_P01236,5.93
M00658_P01241,7.14
M00658_P01242,6.58
M00659_P00055,0.0
M00659_P00057,0.0
M00659_P00059,5.93
M00659_P00064,0.0
M00659_P00066,0.0
M00659_P00071,7.17
M00659_P00077,5.75
M00659_P01120,0.0
M00660_P00345,0.0
M00660_P00347,0.0
M00660_P00351,7.25
M00660_P00353,4.82
M00660_P00359,6.69
M00660_P00362,5.77
M00660_P00391,0.0
M00660_P00399,0.0
M00660_P00410,5.66
M00660_P00416,5.58
M00661_P00055,0.0
M00661_P00057,4.34
M00661_P00059,0.0
M00661_P00064,0.0
M00661_P00066,0.0
M00661_P00071,6.62
M00661_P00077,6.18
M00661_P00991,7.83
M00661_P00993,0.0
M00661_P00997,6.46
M00661_P01000,0.0
M00661_P01010,6.6
M00662_P00055,5.71
M00662_P00057,6.6
M00662_P00059,0.0
M00662_P00064,5.48
M00662_P00066,0.0
M00662_P00071,6.11
M00662_P00077,6.9
M00662_P00391,0.0
M00662_P00399,5.36
M00662_P00410,6.73
M00662_P00416,0.0
M00663_P00368,5.59
M00663_P00372,0.0
M00663_P00378,6.17
M00663_P00382,0.0
M00663_P00383,0.0
M00663_P00922,5.49
M00663_P00927,0.0
M00663_P00931,6.6
M00663_P00935,0.0
M00664_P00209,6.31
M00664_P00210,0.0
M00664_P00211,0.0
M00664_P00219,0.0
M00664_P00221,0.0
M00664_P00222,0.0
M00664_P00232,0.0
M00664_P00234,7.71
M00664_P00863,0.0
M00664_P00880,0.0
M00664_P00882,0.0
M00665_P00940,0.0
M00665_P00948,0.0
M00665_P00950,6.82
M00665_P00951,6.45
M00665_P00959,0.0
M00665_P00962,0.0
M00665_P01201,4.98
M00665_P01209,6.47
M00665_P01210,5.63
M00665_P01211,7.92
M00665_P01214,0.0
M00666_P00391,0.0
M00666_P00399,6.08
M00666_P00410,0.0
M00666_P00416,0.0
M00666_P00529,0.0
M00666_P00535,5.74
M00666_P00536,0.0
M00666_P00542,5.83
M00666_P00543,6.28
M00667_P00515,5.95
M00667_P00678,0.0
M00667_P00679,6.8
M00667_P00680,0.0
M00667_P00681,6.35
M00667_P00683,0.0
M00667_P00694,0.0
M00668_P00922,5.54
M00668_P00927,0.0
M00668_P00931,5.39
M00668_P00935,7.06
M00668_P00991,0.0
M00668_P00993,5.9
M00668_P00997,0.0
M00668_P01000,7.16
M00668_P01010,0.0
M00669_P01041,0.0
M00669_P01042,5.78
M00669_P01048,0.0
M00669_P01049,7.13
M00669_P01051,5.57
M00669_P01055,5.9
M00669_P01063,5.78
M00669_P01064,5.97
M00669_P01146,0.0
M00669_P01157,5.1
M00669_P01166,5.65
M00669_P01169,0.0
M00670_P00079,7.14
M00670_P00082,0.0
M00670_P00087,6.08
M00670_P00097,0.0
M00670_P00102,6.25
M00670_P00611,0.0
M00670_P00618,6.59
M00670_P00619,5.85
M00670_P00622,5.89
M00671_P00529,0.0
M00671_P00535,0.0
M00671_P00536,6.18
M00671_P00542,0.0
M00671_P00543,6.99
M00671_P00863,5.24
M00671_P00880,6.24
M00671_P00882,7.35
M00672_P00241,6.59
M00672_P00244,7.31
M00672_P00245,6.66
M00672_P00248,5.02
M00672_P00255,0.0
M00672_P00260,7.51
M00672_P00678,0.0
M00672_P00679,0.0
M00672_P00680,4.6
M00672_P00681,4.95
M00672_P00683,6.64
M00672_P00694,6.6
M00673_P00287,5.84
M00673_P00290,0.0
M00673_P00291,0.0
M00673_P00295,0.0
M00673_P00297,0.0
M00673_P00298,0.0
M00673_P00299,6.93
M00673_P00304,5.3
M00673_P00307,7.6
M00673_P00309,0.0
M00673_P00310,6.07
M00673_P00922,6.61
M00673_P00927,0.0
M00673_P00931,5.84
M00673_P00935,6.55
M00674_P00368,0.0
M00674_P00372,6.98
M00674_P00378,6.08
M00674_P00382,0.0
M00674_P00383,5.18
M00674_P00529,6.1
M00674_P00535,6.09
M00674_P00536,6.48
M00674_P00542,0.0
M00674_P00543,7.35
M00675_P00079,6.94
M00675_P00082,7.62
M00675_P00087,7.04
M00675_P00097,0.0
M00675_P00102,6.55
M00675_P00761,0.0
M00675_P00772,0.0
M00676_P00678,0.0
M00676_P00679,7.12
M00676_P00680,5.57
M00676_P00681,0.0
M00676_P00683,6.48
M00676_P00694,0.0
M00676_P00940,0.0
M00676_P00948,7.31
M00676_P00950,6.63
M00676_P00951,6.38
M00676_P00959,5.72
M00676_P00962,6.66
M00677_P00391,0.0
M00677_P00399,0.0
M00677_P00410,7.56
M00677_P00416,6.78
M00677_P00625,0.0
M00677_P00630,5.75
M00677_P00632,5.88
M00677_P00635,5.69
M00677_P00644,6.38
M00677_P00645,6.06
M00677_P00650,6.83
M00678_P00549,0.0
M00678_P00552,0.0
M00678_P00554,6.28
M00678_P00561,7.79
M00678_P00562,0.0
M00678_P00568,5.51
M00678_P01099,0.0
M00678_P01107,5.93
M00678_P01108,7.02
M00678_P01109,6.73
M00678_P01114,0.0
M00678_P01118,6.98
M00679_P00136,6.5
M00679_P00141,0.0
M00679_P00148,5.14
M00679_P00156,0.0
M00679_P00611,0.0
M00679_P00618,5.63
M00679_P00619,6.81
M00679_P00622,7.46
M00680_P00079,5.4
M00680_P00082,5.7
M00680_P00087,6.16
M00680_P00097,0.0
M00680_P00102,5.13
M00680_P00478,6.41
M00680_P00479,7.11
M00680_P00486,6.73
M00680_P00491,6.16
M00681_P00108,5.33
M00681_P00110,5.71
M00681_P00114,0.0
M00681_P00124,6.88
M00681_P00129,5.81
M00681_P00345,0.0
M00681_P00347,5.62
M00681_P00351,7.03
M00681_P00353,0.0
M00681_P00359,6.67
M00681_P00362,5.82
M00682_P00345,5.62
M00682_P00347,6.29
M00682_P00351,6.12
M00682_P00353,5.27
M00682_P00359,0.0
M00682_P00362,0.0
M00682_P00782,0.0
M00682_P00786,0.0
M00682_P00788,6.59
M00682_P00797,6.43
M00682_P00803,0.0
M00683_P00011,6.12
M00683_P00024,0.0
M00683_P00368,5.63
M00683_P00372,6.53
M00683_P00378,0.0
M00683_P00382,5.49
M00683_P00383,5.84
M00684_P00782,0.0
M00684_P00786,6.45
M00684_P00788,0.0
M00684_P00797,0.0
M00684_P00803,0.0
M00684_P01223,5.45
M00684_P01234,0.0
M00684_P01236,6.28
M00684_P01241,0.0
M00684_P01242,5.77
M00685_P00391,0.0
M00685_P00399,5.59
M00685_P00410,6.1
M00685_P00416,7.4
M00685_P00655,5.24
M00685_P00662,0.0
M00685_P00666,0.0
M00685_P00668,0.0
M00685_P00669,0.0
M00685_P00673,0.0
M00685_P00674,5.74
M00686_P00478,5.74
M00686_P00479,0.0
M00686_P00486,5.75
M00686_P00491,5.6
M00686_P00655,5.9
M00686_P00662,5.22
M00686_P00666,5.1
M00686_P00668,5.03
M00686_P00669,5.77
M00686_P00673,6.86
M00686_P00674,0.0
M00687_P00423,6.79
M00687_P00424,0.0
M00687_P00425,6.23
M00687_P00426,0.0
M00687_P00431,0.0
M00687_P00436,7.56
M00687_P00440,0.0
M00687_P00515,0.0
M00688_P00157,0.0
M00688_P00159,5.74
M00688_P00164,6.28
M00688_P00169,6.02
M00688_P00171,6.85
M00688_P00175,0.0
M00688_P00761,5.94
M00688_P00772,0.0
M00689_P00345,6.69
M00689_P00347,4.96
M00689_P00351,6.38
M00689_P00353,0.0
M00689_P00359,0.0
M00689_P00362,4.99
M00689_P00529,5.43
M00689_P00535,5.54
M00689_P00536,0.0
M00689_P00542,5.54
M00689_P00543,6.17
M00690_P00055,5.64
M00690_P00057,0.0
M00690_P00059,6.32
M00690_P00064,6.59
M00690_P00066,6.79
M00690_P00071,0.0
M00690_P00077,0.0
M00690_P00678,0.0
M00690_P00679,6.79
M00690_P00680,6.08
M00690_P00681,0.0
M00690_P00683,5.12
M00690_P00694,5.3
M00691_P00241,5.24
M00691_P00244,6.63
M00691_P00245,6.62
M00691_P00248,0.0
M00691_P00255,6.98
M00691_P00260,6.91
M00691_P01223,0.0
M00691_P01234,7.32
M00691_P01236,0.0
M00691_P01241,5.82
M00691_P01242,0.0
M00692_P00922,0.0
M00692_P00927,6.13
M00692_P00931,6.57
M00692_P00935,0.0
M00692_P00991,0.0
M00692_P00993,5.52
M00692_P00997,6.13
M00692_P01000,0.0
M00692_P01010,6.38
M00693_P00241,5.78
M00693_P00244,5.06
M00693_P00245,6.16
M00693_P00248,0.0
M00693_P00255,6.29
M00693_P00260,0.0
M00693_P00478,5.23
M00693_P00479,0.0
M00693_P00486,6.16
M00693_P00491,0.0
M00694_P00368,0.0
M00694_P00372,0.0
M00694_P00378,5.58
M00694_P00382,0.0
M00694_P00383,5.31
M00694_P00655,6.0
M00694_P00662,0.0
M00694_P00666,6.11
M00694_P00668,6.55
M00694_P00669,0.0
M00694_P00673,5.57
M00694_P00674,5.5
M00695_P00807,0.0
M00695_P00812,0.0
M00695_P00819,0.0
M00695_P00826,6.68
M00695_P00827,6.96
M00695_P00940,5.9
M00695_P00948,6.18
M00695_P00950,6.5
M00695_P00951,5.7
M00695_P00959,0.0
M00695_P00962,0.0
M00696_P00423,7.06
M00696_P00424,0.0
M00696_P00425,6.69
M00696_P00426,5.28
M00696_P00431,5.93
M00696_P00436,6.57
M00696_P00440,6.4
M00696_P00835,0.0
M00696_P00840,0.0
M00696_P00844,6.82
M00696_P00847,0.0
M00696_P00848,0.0
M00696_P00856,6.32
M00697_P00266,5.92
M00697_P00271,0.0
M00697_P00278,6.99
M00697_P00286,5.68
M00697_P00761,6.43
M00697_P00772,6.63
M00698_P00209,0.0
M00698_P00210,7.51
M00698_P00211,0.0
M00698_P00219,0.0
M00698_P00221,5.8
M00698_P00222,0.0
M00698_P00232,0.0
M00698_P00234,6.91
M00698_P00266,0.0
M00698_P00271,0.0
M00698_P00278,0.0
M00698_P00286,0.0
M00699_P00287,5.18
M00699_P00290,5.15
M00699_P00291,0.0
M00699_P00295,0.0
M00699_P00297,5.9
M00699_P00298,6.27
M00699_P00299,6.09
M00699_P00304,0.0
M00699_P00307,7.3
M00699_P00309,6.16
M00699_P00310,5.77
M00699_P00922,0.0
M00699_P00927,0.0
M00699_P00931,5.52
M00699_P00935,5.64
M00700_P00055,5.77
M00700_P00057,0.0
M00700_P00059,5.44
M00700_P00064,5.8
M00700_P00066,7.67
M00700_P00071,0.0
M00700_P00077,6.54
M00700_P00863,5.65
M00700_P00880,0.0
M00700_P00882,7.16
M00701_P00011,5.74
M00701_P00024,5.34
M00701_P00705,0.0
M00701_P00707,6.14
M00701_P00716,0.0
M00701_P00718,7.31
M00701_P00724,6.42
M00701_P00728,0.0
M00702_P00108,6.35
M00702_P00110,5.15
M00702_P00114,7.45
M00702_P00124,6.72
M00702_P00129,5.65
M00702_P01201,0.0
M00702_P01209,0.0
M00702_P01210,0.0
M00702_P01211,0.0
M00702_P01214,5.3
M00703_P00345,0.0
M00703_P00347,5.86
M00703_P00351,6.36
M00703_P00353,5.97
M00703_P00359,0.0
M00703_P00362,0.0
M00703_P00863,5.11
M00703_P00880,7.55
M00703_P00882,0.0
M00704_P00079,6.85
M00704_P00082,0.0
M00704_P00087,4.96
M00704_P00097,6.78
M00704_P00102,0.0
M00704_P01041,0.0
M00704_P01042,0.0
M00704_P01048,0.0
M00704_P01049,7.29
M00704_P01051,7.29
M00704_P01055,5.76
M00704_P01063,6.57
M00704_P01064,5.79
M00705_P00807,0.0
M00705_P00812,8.26
M00705_P00819,0.0
M00705_P00826,7.0
M00705_P00827,8.14
M00705_P01099,0.0
M00705_P01107,5.35
M00705_P01108,6.97
M00705_P01109,6.97
M00705_P01114,5.58
M00705_P01118,0.0
M00706_P00888,6.36
M00706_P00889,6.42
M00706_P00893,4.31
M00706_P00894,7.08
M00706_P00895,0.0
M00706_P00901,0.0
M00706_P00909,0.0
M00706_P00940,0.0
M00706_P00948,5.36
M00706_P00950,6.38
M00706_P00951,6.74
M00706_P00959,5.64
M00706_P00962,0.0
M00707_P00032,0.0
M00707_P00044,6.11
M00707_P00045,5.96
M00707_P00050,5.35
M00707_P00052,0.0
M00707_P00888,0.0
M00707_P00889,0.0
M00707_P00893,7.29
M00707_P00894,0.0
M00707_P00895,6.74
M00707_P00901,0.0
M00707_P00909,6.63
M00708_P00478,0.0
M00708_P00479,7.35
M00708_P00486,6.29
M00708_P00491,5.82
M00708_P00888,0.0
M00708_P00889,6.39
M00708_P00893,5.33
M00708_P00894,6.45
M00708_P00895,0.0
M00708_P00901,0.0
M00708_P00909,7.34
M00709_P00157,5.36
M00709_P00159,0.0
M00709_P00164,6.87
M00709_P00169,0.0
M00709_P00171,6.17
M00709_P00175,5.44
M00709_P00287,5.87
M00709_P00290,0.0
M00709_P00291,0.0
M00709_P00295,7.86
M00709_P00297,6.84
M00709_P00298,5.87
M00709_P00299,5.19
M00709_P00304,6.04
M00709_P00307,5.94
M00709_P00309,5.96
M00709_P00310,0.0
M00710_P00313,0.0
M00710_P00324,5.09
M00710_P00329,7.22
M00710_P00333,6.73
M00710_P00334,0.0
M00710_P00391,6.09
M00710_P00399,6.25
M00710_P00410,6.54
M00710_P00416,5.83
M00711_P00443,6.16
M00711_P00448,5.63
M00711_P00452,6.17
M00711_P00462,0.0
M00711_P00463,6.88
M00711_P00465,5.9
M00711_P00468,0.0
M00711_P00574,0.0
M00711_P00579,0.0
M00711_P00582,6.26
M00711_P00584,0.0
M00711_P00586,0.0
M00711_P00590,0.0
M00712_P00136,0.0
M00712_P00141,7.47
M00712_P00148,0.0
M00712_P00156,7.04
M00712_P00625,0.0
M00712_P00630,6.63
M00712_P00632,0.0
M00712_P00635,6.99
M00712_P00644,0.0
M00712_P00645,7.29
M00712_P00650,6.15
M00713_P00391,5.45
M00713_P00399,0.0
M00713_P00410,6.64
M00713_P00416,6.36
M00713_P00940,5.97
M00713_P00948,5.74
M00713_P00950,5.66
M00713_P00951,6.44
M00713_P00959,0.0
M00713_P00962,0.0
M00714_P00515,5.02
M00714_P01146,6.93
M00714_P01157,0.0
M00714_P01166,0.0
M00714_P01169,0.0
M00715_P00136,0.0
M00715_P00141,0.0
M00715_P00148,5.91
M00715_P00156,6.96
M00715_P00678,6.42
M00715_P00679,0.0
M00715_P00680,6.18
M00715_P00681,0.0
M00715_P00683,0.0
M00715_P00694,6.4
M00716_P00782,6.2
M00716_P00786,0.0
M00716_P00788,0.0
M00716_P00797,6.79
M00716_P00803,0.0
M00716_P00922,0.0
M00716_P00927,5.24
M00716_P00931,0.0
M00716_P00935,6.9
M00717_P00266,6.5
M00717_P00271,0.0
M00717_P00278,7.03
M00717_P00286,6.74
M00717_P01146,0.0
M00717_P01157,6.39
M00717_P01166,7.19
M00717_P01169,6.01
M00718_P00705,6.95
M00718_P00707,6.54
M00718_P00716,0.0
M00718_P00718,6.89
M00718_P00724,6.56
M00718_P00728,0.0
M00718_P01099,0.0
M00718_P01107,5.32
M00718_P01108,0.0
M00718_P01109,6.75
M00718_P01114,6.39
M00718_P01118,6.05
M00719_P00157,5.04
M00719_P00159,0.0
M00719_P00164,0.0
M00719_P00169,0.0
M00719_P00171,5.49
M00719_P00175,0.0
M00719_P00940,5.9
M00719_P00948,5.91
M00719_P00950,6.11
M00719_P00951,0.0
M00719_P00959,0.0
M00719_P00962,6.62
M00720_P00345,5.73
M00720_P00347,0.0
M00720_P00351,5.38
M00720_P00353,5.82
M00720_P00359,0.0
M00720_P00362,6.48
M00720_P00368,0.0
M00720_P00372,0.0
M00720_P00378,0.0
M00720_P00382,4.75
M00720_P00383,5.35
M00721_P00055,0.0
M00721_P00057,5.93
M00721_P00059,7.04
M00721_P00064,6.56
M00721_P00066,0.0
M00721_P00071,6.5
M00721_P00077,5.75
M00721_P00443,6.68
M00721_P00448,6.73
M00721_P00452,0.0
M00721_P00462,6.66
M00721_P00463,6.61
M00721_P00465,0.0
M00721_P00468,7.23
M00722_P00888,0.0
M00722_P00889,5.43
M00722_P00893,0.0
M00722_P00894,5.93
M00722_P00895,5.66
M00722_P00901,7.39
M00722_P00909,0.0
M00722_P00965,6.51
M00722_P00966,5.37
M00722_P00975,7.37
M00722_P00978,6.17
M00722_P00980,5.69
M00722_P00986,7.18
M00723_P00287,6.32
M00723_P00290,5.67
M00723_P00291,0.0
M00723_P00295,0.0
M00723_P00297,0.0
M00723_P00298,0.0
M00723_P00299,0.0
M00723_P00304,6.15
M00723_P00307,0.0
M00723_P00309,5.6
M00723_P00310,0.0
M00723_P00549,6.23
M00723_P00552,5.88
M00723_P00554,5.87
M00723_P00561,6.9
M00723_P00562,5.57
M00723_P00568,0.0
M00724_P00241,6.59
M00724_P00244,0.0
M00724_P00245,0.0
M00724_P00248,5.73
M00724_P00255,0.0
M00724_P00260,0.0
M00724_P00965,0.0
M00724_P00966,0.0
M00724_P00975,6.76
M00724_P00978,0.0
M00724_P00980,6.67
M00724_P00986,5.99
M00725_P00108,0.0
M00725_P00110,0.0
M00725_P00114,5.8
M00725_P00124,5.54
M00725_P00129,5.14
M00725_P00529,5.77
M00725_P00535,5.09
M00725_P00536,6.46
M00725_P00542,6.01
M00725_P00543,0.0
M00726_P00625,0.0
M00726_P00630,0.0
M00726_P00632,5.55
M00726_P00635,5.96
M00726_P00644,5.93
M00726_P00645,7.46
M00726_P00650,0.0
M00726_P00940,0.0
M00726_P00948,6.3
M00726_P00950,6.05
M00726_P00951,0.0
M00726_P00959,0.0
M00726_P00962,7.77
M00727_P00209,0.0
M00727_P00210,0.0
M00727_P00211,6.34
M00727_P00219,0.0
M00727_P00221,8.02
M00727_P00222,0.0
M00727_P00232,6.19
M00727_P00234,6.29
M00727_P00625,0.0
M00727_P00630,0.0
M00727_P00632,5.61
M00727_P00635,0.0
M00727_P00644,6.67
M00727_P00645,6.71
M00727_P00650,0.0
M00728_P00574,0.0
M00728_P00579,0.0
M00728_P00582,5.82
M00728_P00584,5.5
M00728_P00586,5.26
M00728_P00590,0.0
M00728_P00835,0.0
M00728_P00840,5.17
M00728_P00844,0.0
M00728_P00847,0.0
M00728_P00848,0.0
M00728_P00856,7.4
M00729_P00368,6.58
M00729_P00372,7.51
M00729_P00378,5.18
M00729_P00382,0.0
M00729_P00383,5.79
M00729_P00705,0.0
M00729_P00707,5.76
M00729_P00716,6.36
M00729_P00718,6.45
M00729_P00724,7.17
M00729_P00728,0.0
M00730_P00991,0.0
M00730_P00993,6.65
M00730_P00997,6.02
M00730_P01000,0.0
M00730_P01010,6.82
M00730_P01041,0.0
M00730_P01042,4.38
M00730_P01048,5.53
M00730_P01049,0.0
M00730_P01051,6.5
M00730_P01055,0.0
M00730_P01063,5.72
M00730_P01064,0.0
M00731_P00032,0.0
M00731_P00044,0.0
M00731_P00045,6.49
M00731_P00050,4.66
M00731_P00052,0.0
M00731_P00529,7.83
M00731_P00535,0.0
M00731_P00536,0.0
M00731_P00542,0.0
M00731_P00543,6.14
M00732_P00732,5.54
M00732_P00738,5.29
M00732_P00742,6.05
M00732_P00744,0.0
M00732_P00747,7.18
M00732_P00753,0.0
M00732_P00835,0.0
M00732_P00840,0.0
M00732_P00844,0.0
M00732_P00847,6.36
M00732_P00848,6.21
M00732_P00856,7.13
M00733_P00625,0.0
M00733_P00630,6.61
M00733_P00632,0.0
M00733_P00635,0.0
M00733_P00644,0.0
M00733_P00645,6.63
M00733_P00650,6.17
M00733_P00922,0.0
M00733_P00927,0.0
M00733_P00931,0.0
M00733_P00935,7.57
M00734_P00965,0.0
M00734_P00966,0.0
M00734_P00975,7.23
M00734_P00978,6.6
M00734_P00980,0.0
M00734_P00986,6.73
M00734_P01120,5.18
M00735_P00136,6.39
M00735_P00141,7.26
M00735_P00148,6.3
M00735_P00156,0.0
M00735_P01041,0.0
M00735_P01042,0.0
M00735_P01048,0.0
M00735_P01049,0.0
M00735_P01051,6.39
M00735_P01055,0.0
M00735_P01063,5.62
M00735_P01064,0.0
M00736_P00108,0.0
M00736_P00110,5.42
M00736_P00114,6.69
M00736_P00124,6.57
M00736_P00129,0.0
M00736_P01177,6.51
M00736_P01182,4.43
M00736_P01184,0.0
M00736_P01193,6.29
M00736_P01196,6.42
M00737_P00241,0.0
M00737_P00244,6.05
M00737_P00245,6.0
M00737_P00248,5.76
M00737_P00255,7.97
M00737_P00260,0.0
M00737_P00655,5.95
M00737_P00662,0.0
M00737_P00666,6.49
M00737_P00668,5.51
M00737_P00669,0.0
M00737_P00673,7.19
M00737_P00674,6.25
M00738_P00625,0.0
M00738_P00630,7.06
M00738_P00632,5.66
M00738_P00635,6.59
M00738_P00644,5.17
M00738_P00645,6.48
M00738_P00650,0.0
M00738_P01223,0.0
M00738_P01234,6.81
M00738_P01236,5.24
M00738_P01241,0.0
M00738_P01242,6.03
M00739_P00136,7.1
M00739_P00141,7.31
M00739_P00148,6.9
M00739_P00156,0.0
M00739_P00157,0.0
M00739_P00159,0.0
M00739_P00164,0.0
M00739_P00169,6.49
M00739_P00171,6.47
M00739_P00175,0.0
M00740_P00611,0.0
M00740_P00618,0.0
M00740_P00619,6.37
M00740_P00622,0.0
M00740_P00732,7.35
M00740_P00738,6.57
M00740_P00742,5.49
M00740_P00744,0.0
M00740_P00747,0.0
M00740_P00753,0.0
M00741_P00157,0.0
M00741_P00159,0.0
M00741_P00164,5.82
M00741_P00169,0.0
M00741_P00171,6.27
M00741_P00175,6.49
M00741_P00241,6.17
M00741_P00244,4.99
M00741_P00245,7.53
M00741_P00248,0.0
M00741_P00255,6.16
M00741_P00260,0.0
M00742_P00705,5.71
M00742_P00707,6.22
M00742_P00716,6.86
M00742_P00718,0.0
M00742_P00724,0.0
M00742_P00728,0.0
M00742_P00761,6.39
M00742_P00772,5.94
M00743_P00032,0.0
M00743_P00044,0.0
M00743_P00045,6.31
M00743_P00050,5.45
M00743_P00052,5.18
M00743_P00157,0.0
M00743_P00159,0.0
M00743_P00164,0.0
M00743_P00169,0.0
M00743_P00171,0.0
M00743_P00175,0.0
M00744_P00136,0.0
M00744_P00141,0.0
M00744_P00148,0.0
M00744_P00156,0.0
M00744_P00922,0.0
M00744_P00927,6.54
M00744_P00931,6.14
M00744_P00935,6.29
M00745_P00011,6.34
M00745_P00024,0.0
M00745_P00625,5.68
M00745_P00630,6.13
M00745_P00632,6.57
M00745_P00635,0.0
M00745_P00644,0.0
M00745_P00645,7.15
M00745_P00650,6.18
M00746_P00136,0.0
M00746_P00141,6.73
M00746_P00148,6.39
M00746_P00156,6.42
M00746_P00625,0.0
M00746_P00630,5.56
M00746_P00632,6.26
M00746_P00635,5.23
M00746_P00644,0.0
M00746_P00645,6.23
M00746_P00650,6.11
M00747_P00863,5.4
M00747_P00880,5.76
M00747_P00882,0.0
M00747_P00940,6.16
M00747_P00948,5.69
M00747_P00950,0.0
M00747_P00951,0.0
M00747_P00959,0.0
M00747_P00962,6.33
M00748_P00209,0.0
M00748_P00210,7.15
M00748_P00211,0.0
M00748_P00219,6.24
M00748_P00221,0.0
M00748_P00222,0.0
M00748_P00232,6.68
M00748_P00234,8.04
M00748_P00266,6.69
M00748_P00271,5.47
M00748_P00278,7.79
M00748_P00286,6.77
M00749_P00443,0.0
M00749_P00448,0.0
M00749_P00452,0.0
M00749_P00462,0.0
M00749_P00463,0.0
M00749_P00465,0.0
M00749_P00468,6.35
M00749_P00835,0.0
M00749_P00840,6.23
M00749_P00844,0.0
M00749_P00847,6.55
M00749_P00848,0.0
M00749_P00856,6.27
M00750_P00266,6.07
M00750_P00271,5.88
M00750_P00278,6.7
M00750_P00286,0.0
M00750_P00732,0.0
M00750_P00738,6.65
M00750_P00742,5.92
M00750_P00744,6.38
M00750_P00747,7.76
M00750_P00753,0.0
M00751_P00515,6.29
M00751_P00807,0.0
M00751_P00812,7.09
M00751_P00819,6.45
M00751_P00826,6.82
M00751_P00827,6.69
M00752_P00423,0.0
M00752_P00424,5.95
M00752_P00425,6.49
M00752_P00426,0.0
M00752_P00431,6.71
M00752_P00436,0.0
M00752_P00440,0.0
M00752_P00611,0.0
M00752_P00618,6.41
M00752_P00619,6.39
M00752_P00622,6.32
M00753_P00991,0.0
M00753_P00993,5.89
M00753_P00997,0.0
M00753_P01000,6.42
M00753_P01010,6.01
M00753_P01041,0.0
M00753_P01042,5.53
M00753_P01048,0.0
M00753_P01049,6.58
M00753_P01051,6.32
M00753_P01055,6.02
M00753_P01063,0.0
M00753_P01064,6.38
M00754_P00157,6.0
M00754_P00159,0.0
M00754_P00164,0.0
M00754_P00169,0.0
M00754_P00171,6.79
M00754_P00175,6.34
M00754_P00241,6.13
M00754_P00244,0.0
M00754_P00245,6.49
M00754_P00248,5.64
M00754_P00255,6.77
M00754_P00260,6.9
M00755_P00549,0.0
M00755_P00552,5.76
M00755_P00554,6.53
M00755_P00561,0.0
M00755_P00562,5.59
M00755_P00568,6.21
M00755_P00655,7.6
M00755_P00662,6.55
M00755_P00666,6.62
M00755_P00668,5.93
M00755_P00669,6.89
M00755_P00673,6.86
M00755_P00674,0.0
M00756_P00549,0.0
M00756_P00552,0.0
M00756_P00554,0.0
M00756_P00561,7.97
M00756_P00562,6.56
M00756_P00568,0.0
M00756_P00761,6.51
M00756_P00772,5.66
M00757_P00991,0.0
M00757_P00993,0.0
M00757_P00997,0.0
M00757_P01000,0.0
M00757_P01010,6.05
M00757_P01070,0.0
M00757_P01074,0.0
M00757_P01082,0.0
M00758_P00529,5.32
M00758_P00535,0.0
M00758_P00536,4.99
M00758_P00542,0.0
M00758_P00543,0.0
M00758_P01020,0.0
M00758_P01034,5.32
M00758_P01037,0.0
M00758_P01038,5.4
M00759_P00529,6.1
M00759_P00535,5.79
M00759_P00536,6.56
M00759_P00542,0.0
M00759_P00543,0.0
M00759_P00782,0.0
M00759_P00786,0.0
M00759_P00788,6.39
M00759_P00797,0.0
M00759_P00803,0.0
M00760_P00478,0.0
M00760_P00479,6.39
M00760_P00486,7.6
M00760_P00491,5.26
M00760_P00529,0.0
M00760_P00535,6.35
M00760_P00536,5.72
M00760_P00542,5.9
M00760_P00543,6.38
M00761_P00391,0.0
M00761_P00399,5.29
M00761_P00410,0.0
M00761_P00416,0.0
M00761_P00940,6.5
M00761_P00948,0.0
M00761_P00950,6.94
M00761_P00951,0.0
M00761_P00959,6.79
M00761_P00962,0.0
M00762_P00443,0.0
M00762_P00448,0.0
M00762_P00452,6.4
M00762_P00462,6.73
M00762_P00463,7.24
M00762_P00465,6.51
M00762_P00468,7.11
M00762_P00678,0.0
M00762_P00679,6.19
M00762_P00680,5.52
M00762_P00681,5.58
M00762_P00683,0.0
M00762_P00694,0.0
M00763_P00313,0.0
M00763_P00324,5.64
M00763_P00329,4.82
M00763_P00333,0.0
M00763_P00334,0.0
M00763_P00940,0.0
M00763_P00948,0.0
M00763_P00950,5.81
M00763_P00951,0.0
M00763_P00959,5.75
M00763_P00962,6.24
M00764_P00922,0.0
M00764_P00927,6.41
M00764_P00931,6.02
M00764_P00935,5.82
M00764_P01120,5.79
M00765_P00345,6.21
M00765_P00347,0.0
M00765_P00351,0.0
M00765_P00353,5.3
M00765_P00359,6.41
M00765_P00362,0.0
M00765_P01177,6.65
M00765_P01182,4.62
M00765_P01184,0.0
M00765_P01193,6.49
M00765_P01196,5.68
M00766_P00108,0.0
M00766_P00110,0.0
M00766_P00114,7.0
M00766_P00124,7.13
M00766_P00129,5.71
M00766_P01146,6.18
M00766_P01157,6.11
M00766_P01166,6.56
M00766_P01169,7.39
M00767_P00807,0.0
M00767_P00812,8.11
M00767_P00819,0.0
M00767_P00826,6.87
M00767_P00827,7.23
M00767_P01120,0.0
M00768_P00391,0.0
M00768_P00399,5.94
M00768_P00410,6.85
M00768_P00416,0.0
M00768_P00443,0.0
M00768_P00448,6.37
M00768_P00452,0.0
M00768_P00462,7.37
M00768_P00463,6.86
M00768_P00465,6.99
M00768_P00468,6.65
M00769_P00705,0.0
M00769_P00707,6.59
M00769_P00716,7.03
M00769_P00718,0.0
M00769_P00724,5.18
M00769_P00728,6.61
M00769_P01177,0.0
M00769_P01182,5.59
M00769_P01184,6.14
M00769_P01193,5.95
M00769_P01196,6.81
M00770_P00108,0.0
M00770_P00110,5.26
M00770_P00114,0.0
M00770_P00124,0.0
M00770_P00129,5.63
M00770_P00761,0.0
M00770_P00772,6.64
M00771_P00655,0.0
M00771_P00662,0.0
M00771_P00666,6.45
M00771_P00668,6.96
M00771_P00669,6.15
M00771_P00673,5.71
M00771_P00674,6.43
M00771_P00965,0.0
M00771_P00966,6.88
M00771_P00975,7.1
M00771_P00978,6.52
M00771_P00980,0.0
M00771_P00986,0.0
M00772_P00055,0.0
M00772_P00057,5.43
M00772_P00059,6.04
M00772_P00064,0.0
M00772_P00066,0.0
M00772_P00071,6.23
M00772_P00077,0.0
M00772_P00888,0.0
M00772_P00889,0.0
M00772_P00893,5.7
M00772_P00894,6.18
M00772_P00895,6.66
M00772_P00901,6.01
M00772_P00909,6.08
M00773_P00888,7.06
M00773_P00889,5.34
M00773_P00893,5.17
M00773_P00894,5.84
M00773_P00895,5.9
M00773_P00901,0.0
M00773_P00909,6.09
M00773_P01146,0.0
M00773_P01157,5.59
M00773_P01166,0.0
M00773_P01169,0.0
M00774_P00157,0.0
M00774_P00159,5.83
M00774_P00164,0.0
M00774_P00169,6.42
M00774_P00171,0.0
M00774_P00175,5.73
M00774_P00423,6.98
M00774_P00424,5.81
M00774_P00425,0.0
M00774_P00426,0.0
M00774_P00431,5.86
M00774_P00436,5.82
M00774_P00440,5.8
M00775_P00266,0.0
M00775_P00271,6.28
M00775_P00278,7.54
M00775_P00286,0.0
M00775_P01099,4.64
M00775_P01107,0.0
M00775_P01108,6.27
M00775_P01109,6.06
M00775_P01114,6.13
M00775_P01118,6.33
M00776_P00940,5.54
M00776_P00948,7.02
M00776_P00950,5.65
M00776_P00951,7.16
M00776_P00959,0.0
M00776_P00962,7.08
M00776_P01099,0.0
M00776_P01107,4.5
M00776_P01108,0.0
M00776_P01109,0.0
M00776_P01114,0.0
M00776_P01118,6.61
M00777_P00549,5.17
M00777_P00552,5.73
M00777_P00554,0.0
M00777_P00561,0.0
M00777_P00562,5.69
M00777_P00568,5.9
M00777_P00732,6.19
M00777_P00738,0.0
M00777_P00742,0.0
M00777_P00744,6.0
M00777_P00747,7.3
M00777_P00753,4.91
M00778_P00157,0.0
M00778_P00159,6.29
M00778_P00164,5.5
M00778_P00169,0.0
M00778_P00171,0.0
M00778_P00175,6.27
M00778_P00443,6.09
M00778_P00448,5.33
M00778_P00452,0.0
M00778_P00462,0.0
M00778_P00463,7.64
M00778_P00465,0.0
M00778_P00468,6.85
M00779_P00611,5.29
M00779_P00618,0.0
M00779_P00619,6.67
M00779_P00622,6.75
M00779_P00732,5.71
M00779_P00738,6.16
M00779_P00742,0.0
M00779_P00744,0.0
M00779_P00747,7.55
M00779_P00753,6.77
M00780_P00965,5.91
M00780_P00966,0.0
M00780_P00975,6.36
M00780_P00978,0.0
M00780_P00980,0.0
M00780_P00986,7.58
M00780_P01120,0.0
M00781_P00032,6.84
M00781_P00044,0.0
M00781_P00045,5.62
M00781_P00050,6.26
M00781_P00052,5.25
M00781_P00574,0.0
M00781_P00579,0.0
M00781_P00582,6.67
M00781_P00584,6.03
M00781_P00586,0.0
M00781_P00590,6.27
M00782_P00478,0.0
M00782_P00479,6.86
M00782_P00486,0.0
M00782_P00491,0.0
M00782_P00705,0.0
M00782_P00707,0.0
M00782_P00716,5.84
M00782_P00718,5.96
M00782_P00724,0.0
M00782_P00728,0.0
M00783_P00241,0.0
M00783_P00244,6.46
M00783_P00245,6.9
M00783_P00248,0.0
M00783_P00255,7.7
M00783_P00260,6.29
M00783_P01201,5.93
M00783_P01209,5.72
M00783_P01210,0.0
M00783_P01211,6.58
M00783_P01214,5.78
M00784_P00549,0.0
M00784_P00552,4.5
M00784_P00554,0.0
M00784_P00561,7.62
M00784_P00562,6.87
M00784_P00568,5.22
M00784_P00782,6.17
M00784_P00786,6.26
M00784_P00788,0.0
M00784_P00797,6.1
M00784_P00803,0.0
M00785_P00782,6.55
M00785_P00786,5.82
M00785_P00788,7.75
M00785_P00797,6.17
M00785_P00803,0.0
M00785_P00863,5.73
M00785_P00880,5.97
M00785_P00882,0.0
M00786_P00157,0.0
M00786_P00159,6.01
M00786_P00164,0.0
M00786_P00169,6.64
M00786_P00171,5.53
M00786_P00175,0.0
M00786_P00761,7.61
M00786_P00772,5.48
M00787_P00108,0.0
M00787_P00110,6.92
M00787_P00114,0.0
M00787_P00124,0.0
M00787_P00129,0.0
M00787_P00529,5.69
M00787_P00535,5.59
M00787_P00536,0.0
M00787_P00542,0.0
M00787_P00543,7.0
M00788_P00185,6.01
M00788_P00193,0.0
M00788_P00197,0.0
M00788_P00199,5.66
M00788_P00200,6.92
M00788_P01177,0.0
M00788_P01182,0.0
M00788_P01184,0.0
M00788_P01193,6.46
M00788_P01196,6.75
M00789_P00157,0.0
M00789_P00159,6.71
M00789_P00164,0.0
M00789_P00169,0.0
M00789_P00171,5.05
M00789_P00175,0.0
M00789_P01070,5.77
M00789_P01074,5.69
M00789_P01082,0.0
M00790_P00391,0.0
M00790_P00399,5.8
M00790_P00410,0.0
M00790_P00416,0.0
M00790_P01223,0.0
M00790_P01234,6.92
M00790_P01236,0.0
M00790_P01241,0.0
M00790_P01242,6.35
M00791_P00266,0.0
M00791_P00271,0.0
M00791_P00278,6.88
M00791_P00286,0.0
M00791_P00922,6.93
M00791_P00927,5.89
M00791_P00931,5.37
M00791_P00935,5.67
M00792_P00368,5.23
M00792_P00372,7.6
M00792_P00378,0.0
M00792_P00382,0.0
M00792_P00383,0.0
M00792_P00761,6.97
M00792_P00772,5.96
M00793_P00287,0.0
M00793_P00290,0.0
M00793_P00291,5.05
M00793_P00295,7.04
M00793_P00297,0.0
M00793_P00298,5.82
M00793_P00299,0.0
M00793_P00304,6.38
M00793_P00307,5.96
M00793_P00309,0.0
M00793_P00310,5.57
M00793_P01070,6.08
M00793_P01074,7.26
M00793_P01082,0.0
M00794_P00032,6.95
M00794_P00044,6.94
M00794_P00045,0.0
M00794_P00050,0.0
M00794_P00052,6.33
M00794_P00655,0.0
M00794_P00662,0.0
M00794_P00666,0.0
M00794_P00668,6.56
M00794_P00669,0.0
M00794_P00673,0.0
M00794_P00674,6.08
M00795_P00732,6.72
M00795_P00738,5.27
M00795_P00742,6.51
M00795_P00744,6.26
M00795_P00747,0.0
M00795_P00753,6.25
M00795_P00991,0.0
M00795_P00993,5.39
M00795_P00997,0.0
M00795_P01000,5.86
M00795_P01010,5.97
M00796_P00011,6.2
M00796_P00024,6.36
M00796_P01201,6.1
M00796_P01209,5.83
M00796_P01210,0.0
M00796_P01211,0.0
M00796_P01214,6.14
M00797_P00443,0.0
M00797_P00448,0.0
M00797_P00452,5.93
M00797_P00462,4.83
M00797_P00463,6.28
M00797_P00465,7.57
M00797_P00468,6.82
M00797_P01201,5.83
M00797_P01209,6.07
M00797_P01210,5.66
M00797_P01211,6.68
M00797_P01214,5.82
M00798_P00157,0.0
M00798_P00159,5.94
M00798_P00164,5.62
M00798_P00169,0.0
M00798_P00171,7.62
M00798_P00175,0.0
M00798_P00940,5.26
M00798_P00948,0.0
M00798_P00950,0.0
M00798_P00951,6.13
M00798_P00959,6.48
M00798_P00962,0.0
M00799_P00529,0.0
M00799_P00535,5.91
M00799_P00536,5.5
M00799_P00542,5.83
M00799_P00543,6.76
M00799_P00611,6.56
M00799_P00618,0.0
M00799_P00619,0.0
M00799_P00622,5.72
M00800_P00185,0.0
M00800_P00193,5.13
M00800_P00197,0.0
M00800_P00199,6.4
M00800_P00200,5.41
M00800_P00443,0.0
M00800_P00448,6.02
M00800_P00452,0.0
M00800_P00462,5.89
M00800_P00463,6.52
M00800_P00465,0.0
M00800_P00468,5.78
M00801_P00863,6.12
M00801_P00880,6.2
M00801_P00882,0.0
M00801_P01070,0.0
M00801_P01074,6.86
M00801_P01082,4.92
M00802_P00655,5.57
M00802_P00662,6.32
M00802_P00666,0.0
M00802_P00668,0.0
M00802_P00669,5.67
M00802_P00673,6.19
M00802_P00674,6.01
M00802_P01020,6.24
M00802_P01034,6.52
M00802_P01037,4.93
M00802_P01038,5.62
M00803_P00574,0.0
M00803_P00579,0.0
M00803_P00582,5.95
M00803_P00584,0.0
M00803_P00586,0.0
M00803_P00590,6.88
M00803_P00611,6.61
M00803_P00618,0.0
M00803_P00619,5.53
M00803_P00622,6.21
M00804_P01120,5.72
M00804_P01201,0.0
M00804_P01209,5.81
M00804_P01210,6.57
M00804_P01211,6.78
M00804_P01214,6.39
M00805_P00209,0.0
M00805_P00210,6.8
M00805_P00211,0.0
M00805_P00219,5.66
M00805_P00221,0.0
M00805_P00222,0.0
M00805_P00232,0.0
M00805_P00234,0.0
M00805_P01120,6.22
M00806_P00391,0.0
M00806_P00399,6.48
M00806_P00410,0.0
M00806_P00416,7.02
M00806_P00529,0.0
M00806_P00535,6.63
M00806_P00536,6.42
M00806_P00542,0.0
M00806_P00543,6.28
M00807_P00611,0.0
M00807_P00618,0.0
M00807_P00619,0.0
M00807_P00622,6.18
M00807_P01177,6.31
M00807_P01182,6.01
M00807_P01184,6.45
M00807_P01193,0.0
M00807_P01196,6.38
M00808_P00678,0.0
M00808_P00679,6.23
M00808_P00680,0.0
M00808_P00681,5.08
M00808_P00683,6.31
M00808_P00694,5.76
M00808_P01020,0.0
M00808_P01034,5.58
M00808_P01037,0.0
M00808_P01038,0.0
M00809_P00287,0.0
M00809_P00290,5.59
M00809_P00291,5.73
M00809_P00295,0.0
M00809_P00297,0.0
M00809_P00298,6.95
M00809_P00299,5.13
M00809_P00304,5.7
M00809_P00307,7.2
M00809_P00309,0.0
M00809_P00310,6.36
M00809_P00705,0.0
M00809_P00707,5.23
M00809_P00716,0.0
M00809_P00718,7.62
M00809_P00724,5.69
M00809_P00728,0.0
M00810_P00266,0.0
M00810_P00271,0.0
M00810_P00278,7.58
M00810_P00286,7.04
M00810_P00922,6.6
M00810_P00927,6.22
M00810_P00931,4.76
M00810_P00935,0.0
M00811_P00209,0.0
M00811_P00210,0.0
M00811_P00211,5.77
M00811_P00219,0.0
M00811_P00221,6.86
M00811_P00222,5.57
M00811_P00232,6.06
M00811_P00234,6.86
M00811_P00313,0.0
M00811_P00324,6.18
M00811_P00329,5.63
M00811_P00333,6.18
M00811_P00334,6.56
M00812_P00079,7.06
M00812_P00082,5.53
M00812_P00087,6.8
M00812_P00097,6.42
M00812_P00102,5.76
M00812_P01020,0.0
M00812_P01034,0.0
M00812_P01037,5.69
M00812_P01038,6.04
M00813_P00209,0.0
M00813_P00210,6.65
M00813_P00211,0.0
M00813_P00219,0.0
M00813_P00221,6.34
M00813_P00222,6.66
M00813_P00232,6.16
M00813_P00234,0.0
M00813_P00807,0.0
M00813_P00812,0.0
M00813_P00819,6.5
M00813_P00826,6.57
M00813_P00827,0.0
M00814_P00835,0.0
M00814_P00840,0.0
M00814_P00844,0.0
M00814_P00847,5.32
M00814_P00848,6.68
M00814_P00856,0.0
M00814_P00922,0.0
M00814_P00927,7.12
M00814_P00931,0.0
M00814_P00935,6.03
M00815_P00678,0.0
M00815_P00679,6.88
M00815_P00680,0.0
M00815_P00681,6.3
M00815_P00683,0.0
M00815_P00694,6.85
M00815_P01146,6.79
M00815_P01157,0.0
M00815_P01166,0.0
M00815_P01169,4.91
M00816_P00732,5.96
M00816_P00738,5.6
M00816_P00742,5.71
M00816_P00744,6.41
M00816_P00747,0.0
M00816_P00753,0.0
M00816_P01177,5.75
M00816_P01182,5.58
M00816_P01184,0.0
M00816_P01193,0.0
M00816_P01196,5.55
M00817_P00136,7.01
M00817_P00141,6.76
M00817_P00148,0.0
M00817_P00156,6.56
M00817_P00965,6.63
M00817_P00966,0.0
M00817_P00975,7.18
M00817_P00978,6.92
M00817_P00980,0.0
M00817_P00986,0.0
M00818_P00055,0.0
M00818_P00057,0.0
M00818_P00059,0.0
M00818_P00064,6.48
M00818_P00066,7.15
M00818_P00071,5.61
M00818_P00077,6.21
M00818_P00478,5.36
M00818_P00479,0.0
M00818_P00486,0.0
M00818_P00491,6.29
M00819_P00478,6.55
M00819_P00479,0.0
M00819_P00486,0.0
M00819_P00491,5.55
M00819_P00888,0.0
M00819_P00889,5.41
M00819_P00893,5.91
M00819_P00894,6.72
M00819_P00895,5.57
M00819_P00901,7.29
M00819_P00909,6.65
M00820_P00807,0.0
M00820_P00812,7.32
M00820_P00819,6.41
M00820_P00826,6.34
M00820_P00827,0.0
M00820_P00940,5.59
M00820_P00948,6.19
M00820_P00950,0.0
M00820_P00951,6.55
M00820_P00959,0.0
M00820_P00962,7.04
M00821_P00185,5.55
M00821_P00193,7.18
M00821_P00197,5.47
M00821_P00199,0.0
M00821_P00200,0.0
M00821_P00940,0.0
M00821_P00948,0.0
M00821_P00950,7.14
M00821_P00951,0.0
M00821_P00959,5.34
M00821_P00962,7.32
M00822_P00055,0.0
M00822_P00057,6.6
M00822_P00059,5.99
M00822_P00064,5.14
M00822_P00066,8.13
M00822_P00071,7.45
M00822_P00077,6.98
M00822_P00888,6.3
M00822_P00889,6.21
M00822_P00893,6.63
M00822_P00894,0.0
M00822_P00895,6.86
M00822_P00901,6.71
M00822_P00909,6.57
M00823_P00345,0.0
M00823_P00347,6.6
M00823_P00351,6.0
M00823_P00353,0.0
M00823_P00359,6.96
M00823_P00362,7.25
M00823_P00888,0.0
M00823_P00889,5.79
M00823_P00893,5.02
M00823_P00894,6.75
M00823_P00895,0.0
M00823_P00901,7.61
M00823_P00909,0.0
M00824_P01070,5.74
M00824_P01074,5.77
M00824_P01082,5.34
M00824_P01223,0.0
M00824_P01234,7.19
M00824_P01236,6.76
M00824_P01241,0.0
M00824_P01242,0.0
M00825_P00055,5.03
M00825_P00057,0.0
M00825_P00059,0.0
M00825_P00064,0.0
M00825_P00066,7.72
M00825_P00071,0.0
M00825_P00077,6.97
M00825_P00515,0.0
M00826_P00136,6.53
M00826_P00141,7.38
M00826_P00148,6.64
M00826_P00156,0.0
M00826_P00574,0.0
M00826_P00579,6.22
M00826_P00582,0.0
M00826_P00584,5.29
M00826_P00586,6.4
M00826_P00590,6.34
M00827_P00345,0.0
M00827_P00347,6.06
M00827_P00351,5.84
M00827_P00353,0.0
M00827_P00359,0.0
M00827_P00362,5.14
M00827_P00391,6.61
M00827_P00399,5.75
M00827_P00410,5.36
M00827_P00416,5.5
M00828_P01020,0.0
M00828_P01034,0.0
M00828_P01037,5.83
M00828_P01038,0.0
M00828_P01177,0.0
M00828_P01182,0.0
M00828_P01184,6.02
M00828_P01193,5.88
M00828_P01196,7.03
M00829_P00266,0.0
M00829_P00271,6.97
M00829_P00278,0.0
M00829_P00286,0.0
M00829_P01041,0.0
M00829_P01042,5.88
M00829_P01048,0.0
M00829_P01049,0.0
M00829_P01051,5.31
M00829_P01055,5.63
M00829_P01063,0.0
M00829_P01064,0.0
M00830_P00079,0.0
M00830_P00082,5.76
M00830_P00087,0.0
M00830_P00097,0.0
M00830_P00102,6.45
M00830_P00345,0.0
M00830_P00347,0.0
M00830_P00351,5.97
M00830_P00353,0.0
M00830_P00359,6.48
M00830_P00362,0.0
M00831_P00443,6.84
M00831_P00448,0.0
M00831_P00452,5.14
M00831_P00462,5.96
M00831_P00463,5.47
M00831_P00465,0.0
M00831_P00468,0.0
M00831_P00888,0.0
M00831_P00889,5.95
M00831_P00893,0.0
M00831_P00894,6.88
M00831_P00895,6.39
M00831_P00901,6.86
M00831_P00909,0.0
M00832_P00529,0.0
M00832_P00535,5.83
M00832_P00536,6.5
M00832_P00542,0.0
M00832_P00543,7.62
M00832_P01201,6.16
M00832_P01209,6.26
M00832_P01210,0.0
M00832_P01211,0.0
M00832_P01214,5.58
M00833_P00443,5.69
M00833_P00448,5.37
M00833_P00452,5.45
M00833_P00462,5.57
M00833_P00463,0.0
M00833_P00465,6.67
M00833_P00468,6.32
M00833_P00940,5.31
M00833_P00948,6.31
M00833_P00950,6.4
M00833_P00951,0.0
M00833_P00959,5.66
M00833_P00962,5.93
M00834_P00209,6.86
M00834_P00210,0.0
M00834_P00211,0.0
M00834_P00219,5.14
M00834_P00221,5.65
M00834_P00222,0.0
M00834_P00232,5.5
M00834_P00234,7.57
M00834_P00705,6.28
M00834_P00707,5.55
M00834_P00716,0.0
M00834_P00718,0.0
M00834_P00724,5.44
M00834_P00728,0.0
M00835_P00209,0.0
M00835_P00210,7.26
M00835_P00211,0.0
M00835_P00219,5.47
M00835_P00221,7.07
M00835_P00222,6.43
M00835_P00232,5.91
M00835_P00234,7.81
M00835_P01070,5.18
M00835_P01074,0.0
M00835_P01082,6.42
M00836_P00241,0.0
M00836_P00244,6.01
M00836_P00245,6.35
M00836_P00248,0.0
M00836_P00255,7.11
M00836_P00260,6.74
M00836_P00391,0.0
M00836_P00399,0.0
M00836_P00410,6.13
M00836_P00416,6.84
M00837_P00391,0.0
M00837_P00399,7.2
M00837_P00410,6.05
M00837_P00416,6.06
M00837_P01146,6.28
M00837_P01157,5.73
M00837_P01166,0.0
M00837_P01169,5.13
M00838_P00241,5.95
M00838_P00244,6.46
M00838_P00245,6.28
M00838_P00248,0.0
M00838_P00255,0.0
M00838_P00260,6.97
M00838_P00965,0.0
M00838_P00966,5.75
M00838_P00975,6.58
M00838_P00978,0.0
M00838_P00980,6.38
M00838_P00986,0.0
M00839_P00678,0.0
M00839_P00679,6.81
M00839_P00680,0.0
M00839_P00681,0.0
M00839_P00683,5.51
M00839_P00694,6.84
M00839_P01041,0.0
M00839_P01042,0.0
M00839_P01048,0.0
M00839_P01049,6.74
M00839_P01051,6.07
M00839_P01055,6.84
M00839_P01063,0.0
M00839_P01064,0.0
M00840_P00108,5.78
M00840_P00110,5.98
M00840_P00114,7.68
M00840_P00124,6.46
M00840_P00129,6.06
M00840_P01070,6.2
M00840_P01074,5.95
M00840_P01082,5.22
M00841_P00655,5.53
M00841_P00662,0.0
M00841_P00666,0.0
M00841_P00668,6.71
M00841_P00669,5.68
M00841_P00673,7.13
M00841_P00674,6.21
M00841_P00863,0.0
M00841_P00880,6.67
M00841_P00882,0.0
M00842_P00611,0.0
M00842_P00618,0.0
M00842_P00619,6.54
M00842_P00622,0.0
M00842_P01146,7.37
M00842_P01157,0.0
M00842_P01166,6.65
M00842_P01169,0.0
M00843_P00529,0.0
M00843_P00535,5.89
M00843_P00536,5.83
M00843_P00542,5.99
M00843_P00543,6.97
M00843_P00991,7.74
M00843_P00993,4.58
M00843_P00997,0.0
M00843_P01000,6.0
M00843_P01010,6.28
M00844_P00761,6.45
M00844_P00772,0.0
M00844_P01201,6.23
M00844_P01209,6.03
M00844_P01210,5.82
M00844_P01211,0.0
M00844_P01214,5.99
M00845_P00108,6.43
M00845_P00110,6.43
M00845_P00114,6.92
M00845_P00124,6.34
M00845_P00129,7.01
M00845_P00922,5.54
M00845_P00927,6.63
M00845_P00931,5.71
M00845_P00935,6.63
M00846_P00345,5.64
M00846_P00347,7.09
M00846_P00351,6.36
M00846_P00353,6.6
M00846_P00359,6.17
M00846_P00362,6.31
M00846_P00705,5.95
M00846_P00707,0.0
M00846_P00716,0.0
M00846_P00718,0.0
M00846_P00724,0.0
M00846_P00728,6.98
M00847_P00478,5.77
M00847_P00479,7.17
M00847_P00486,0.0
M00847_P00491,6.06
M00847_P00529,0.0
M00847_P00535,0.0
M00847_P00536,0.0
M00847_P00542,0.0
M00847_P00543,6.26
M00848_P00807,5.67
M00848_P00812,8.03
M00848_P00819,0.0
M00848_P00826,0.0
M00848_P00827,7.16
M00848_P00940,5.79
M00848_P00948,5.93
M00848_P00950,6.54
M00848_P00951,6.64
M00848_P00959,0.0
M00848_P00962,7.1
M00849_P00079,7.14
M00849_P00082,0.0
M00849_P00087,6.7
M00849_P00097,6.26
M00849_P00102,0.0
M00849_P01120,6.45
M00850_P00761,7.76
M00850_P00772,0.0
M00850_P01041,0.0
M00850_P01042,0.0
M00850_P01048,5.75
M00850_P01049,7.93
M00850_P01051,0.0
M00850_P01055,5.63
M00850_P01063,0.0
M00850_P01064,5.73
M00851_P00266,7.0
M00851_P00271,4.82
M00851_P00278,7.92
M00851_P00286,6.42
M00851_P00761,6.26
M00851_P00772,6.04
M00852_P00313,0.0
M00852_P00324,0.0
M00852_P00329,6.66
M00852_P00333,0.0
M00852_P00334,0.0
M00852_P00705,5.72
M00852_P00707,6.19
M00852_P00716,6.05
M00852_P00718,7.95
M00852_P00724,0.0
M00852_P00728,5.64
M00853_P00515,5.67
M00853_P01070,6.28
M00853_P01074,6.44
M00853_P01082,6.96
M00854_P00136,6.71
M00854_P00141,8.02
M00854_P00148,0.0
M00854_P00156,6.8
M00854_P01099,6.29
M00854_P01107,0.0
M00854_P01108,6.34
M00854_P01109,4.95
M00854_P01114,7.09
M00854_P01118,0.0
M00855_P00136,6.85
M00855_P00141,7.61
M00855_P00148,7.11
M00855_P00156,0.0
M00855_P00625,0.0
M00855_P00630,6.2
M00855_P00632,5.44
M00855_P00635,0.0
M00855_P00644,6.42
M00855_P00645,0.0
M00855_P00650,5.95
M00856_P00079,0.0
M00856_P00082,5.33
M00856_P00087,6.92
M00856_P00097,6.68
M00856_P00102,5.6
M00856_P00678,5.88
M00856_P00679,0.0
M00856_P00680,0.0
M00856_P00681,6.0
M00856_P00683,0.0
M00856_P00694,6.26
M00857_P01146,7.44
M00857_P01157,4.96
M00857_P01166,6.25
M00857_P01169,6.97
M00857_P01201,0.0
M00857_P01209,0.0
M00857_P01210,0.0
M00857_P01211,0.0
M00857_P01214,0.0
M00858_P00705,0.0
M00858_P00707,6.25
M00858_P00716,0.0
M00858_P00718,0.0
M00858_P00724,0.0
M00858_P00728,6.29
M00858_P01099,0.0
M00858_P01107,0.0
M00858_P01108,6.37
M00858_P01109,0.0
M00858_P01114,6.7
M00858_P01118,0.0
M00859_P00011,0.0
M00859_P00024,0.0
M00859_P00368,0.0
M00859_P00372,0.0
M00859_P00378,6.23
M00859_P00382,5.42
M00859_P00383,0.0
M00860_P00209,6.67
M00860_P00210,0.0
M00860_P00211,0.0
M00860_P00219,6.06
M00860_P00221,0.0
M00860_P00222,5.98
M00860_P00232,5.42
M00860_P00234,0.0
M00860_P00991,7.01
M00860_P00993,0.0
M00860_P00997,6.39
M00860_P01000,5.82
M00860_P01010,0.0
M00861_P00011,0.0
M00861_P00024,0.0
M00861_P00032,0.0
M00861_P00044,7.54
M00861_P00045,0.0
M00861_P00050,0.0
M00861_P00052,6.55
M00862_P00185,0.0
M00862_P00193,5.91
M00862_P00197,5.38
M00862_P00199,6.12
M00862_P00200,5.54
M00862_P00732,0.0
M00862_P00738,4.84
M00862_P00742,0.0
M00862_P00744,6.25
M00862_P00747,0.0
M00862_P00753,5.87
M00863_P00108,0.0
M00863_P00110,5.21
M00863_P00114,7.44
M00863_P00124,0.0
M00863_P00129,5.61
M00863_P00782,0.0
M00863_P00786,0.0
M00863_P00788,0.0
M00863_P00797,6.41
M00863_P00803,0.0
M00864_P00136,6.69
M00864_P00141,0.0
M00864_P00148,6.6
M00864_P00156,0.0
M00864_P01223,0.0
M00864_P01234,0.0
M00864_P01236,0.0
M00864_P01241,5.79
M00864_P01242,6.18
M00865_P00529,0.0
M00865_P00535,0.0
M00865_P00536,5.36
M00865_P00542,6.12
M00865_P00543,6.62
M00865_P00625,6.6
M00865_P00630,0.0
M00865_P00632,6.62
M00865_P00635,5.68
M00865_P00644,0.0
M00865_P00645,0.0
M00865_P00650,6.77
M00866_P00209,0.0
M00866_P00210,7.64
M00866_P00211,0.0
M00866_P00219,5.65
M00866_P00221,6.15
M00866_P00222,0.0
M00866_P00232,0.0
M00866_P00234,8.42
M00866_P00625,0.0
M00866_P00630,4.73
M00866_P00632,6.11
M00866_P00635,0.0
M00866_P00644,0.0
M00866_P00645,6.84
M00866_P00650,0.0
M00867_P00108,0.0
M00867_P00110,6.34
M00867_P00114,6.81
M00867_P00124,6.96
M00867_P00129,5.92
M00867_P00888,5.63
M00867_P00889,0.0
M00867_P00893,5.38
M00867_P00894,5.94
M00867_P00895,6.81
M00867_P00901,0.0
M00867_P00909,0.0
M00868_P01020,0.0
M00868_P01034,5.1
M00868_P01037,0.0
M00868_P01038,6.33
M00868_P01099,0.0
M00868_P01107,6.71
M00868_P01108,0.0
M00868_P01109,6.9
M00868_P01114,5.52
M00868_P01118,0.0
M00869_P00574,0.0
M00869_P00579,6.7
M00869_P00582,6.81
M00869_P00584,6.49
M00869_P00586,5.69
M00869_P00590,6.78
M00869_P01223,0.0
M00869_P01234,0.0
M00869_P01236,6.04
M00869_P01241,6.76
M00869_P01242,5.54
M00870_P00678,0.0
M00870_P00679,7.58
M00870_P00680,7.16
M00870_P00681,5.96
M00870_P00683,0.0
M00870_P00694,0.0
M00870_P01041,0.0
M00870_P01042,6.44
M00870_P01048,0.0
M00870_P01049,6.31
M00870_P01051,0.0
M00870_P01055,0.0
M00870_P01063,5.21
M00870_P01064,5.79
M00871_P00136,6.57
M00871_P00141,6.58
M00871_P00148,5.71
M00871_P00156,6.79
M00871_P00345,0.0
M00871_P00347,0.0
M00871_P00351,0.0
M00871_P00353,0.0
M00871_P00359,6.91
M00871_P00362,0.0
M00872_P00185,0.0
M00872_P00193,0.0
M00872_P00197,6.2
M00872_P00199,0.0
M00872_P00200,6.55
M00872_P00991,7.19
M00872_P00993,0.0
M00872_P00997,5.52
M00872_P01000,6.4
M00872_P01010,5.94
M00873_P00574,0.0
M00873_P00579,0.0
M00873_P00582,0.0
M00873_P00584,6.17
M00873_P00586,6.14
M00873_P00590,6.95
M00873_P00732,5.87
M00873_P00738,5.77
M00873_P00742,0.0
M00873_P00744,6.27
M00873_P00747,7.44
M00873_P00753,6.86
M00874_P00391,0.0
M00874_P00399,0.0
M00874_P00410,0.0
M00874_P00416,6.62
M00874_P00478,5.45
M00874_P00479,0.0
M00874_P00486,6.11
M00874_P00491,0.0
M00875_P00391,0.0
M00875_P00399,0.0
M00875_P00410,6.76
M00875_P00416,0.0
M00875_P00940,6.27
M00875_P00948,0.0
M00875_P00950,6.66
M00875_P00951,5.99
M00875_P00959,6.3
M00875_P00962,0.0
M00876_P00032,6.37
M00876_P00044,5.93
M00876_P00045,6.93
M00876_P00050,0.0
M00876_P00052,0.0
M00876_P01146,0.0
M00876_P01157,5.76
M00876_P01166,0.0
M00876_P01169,6.69
M00877_P00345,0.0
M00877_P00347,0.0
M00877_P00351,6.73
M00877_P00353,6.38
M00877_P00359,0.0
M00877_P00362,0.0
M00877_P00888,0.0
M00877_P00889,6.34
M00877_P00893,5.82
M00877_P00894,6.1
M00877_P00895,0.0
M00877_P00901,6.62
M00877_P00909,0.0
M00878_P00655,5.79
M00878_P00662,0.0
M00878_P00666,0.0
M00878_P00668,5.43
M00878_P00669,6.09
M00878_P00673,0.0
M00878_P00674,0.0
M00878_P01223,4.96
M00878_P01234,0.0
M00878_P01236,0.0
M00878_P01241,6.36
M00878_P01242,6.33
M00879_P00391,0.0
M00879_P00399,0.0
M00879_P00410,0.0
M00879_P00416,5.94
M00879_P00835,0.0
M00879_P00840,6.5
M00879_P00844,5.48
M00879_P00847,5.33
M00879_P00848,6.39
M00879_P00856,6.83
M00880_P00391,5.34
M00880_P00399,0.0
M00880_P00410,6.03
M00880_P00416,0.0
M00880_P00835,0.0
M00880_P00840,0.0
M00880_P00844,6.12
M00880_P00847,5.29
M00880_P00848,0.0
M00880_P00856,0.0
M00881_P00011,0.0
M00881_P00024,7.27
M00881_P00863,0.0
M00881_P00880,5.71
M00881_P00882,0.0
M00882_P00209,0.0
M00882_P00210,7.19
M00882_P00211,0.0
M00882_P00219,5.86
M00882_P00221,6.02
M00882_P00222,6.45
M00882_P00232,0.0
M00882_P00234,6.99
M00882_P00655,0.0
M00882_P00662,6.24
M00882_P00666,6.74
M00882_P00668,0.0
M00882_P00669,6.63
M00882_P00673,7.6
M00882_P00674,5.29
M00883_P00611,6.28
M00883_P00618,6.37
M00883_P00619,0.0
M00883_P00622,6.25
M00883_P00922,5.82
M00883_P00927,0.0
M00883_P00931,5.3
M00883_P00935,6.58
M00884_P00108,5.89
M00884_P00110,0.0
M00884_P00114,6.73
M00884_P00124,0.0
M00884_P00129,6.0
M00884_P00782,0.0
M00884_P00786,0.0
M00884_P00788,6.97
M00884_P00797,0.0
M00884_P00803,7.47
M00885_P00011,6.27
M00885_P00024,5.31
M00885_P00443,0.0
M00885_P00448,0.0
M00885_P00452,0.0
M00885_P00462,6.2
M00885_P00463,0.0
M00885_P00465,0.0
M00885_P00468,0.0
M00886_P00079,0.0
M00886_P00082,0.0
M00886_P00087,7.3
M00886_P00097,5.42
M00886_P00102,5.3
M00886_P00678,6.12
M00886_P00679,0.0
M00886_P00680,6.16
M00886_P00681,0.0
M00886_P00683,0.0
M00886_P00694,0.0
M00887_P01041,0.0
M00887_P01042,4.95
M00887_P01048,6.6
M00887_P01049,7.2
M00887_P01051,0.0
M00887_P01055,5.73
M00887_P01063,0.0
M00887_P01064,6.67
M00887_P01201,0.0
M00887_P01209,5.94
M00887_P01210,0.0
M00887_P01211,6.74
M00887_P01214,6.05
M00888_P00705,0.0
M00888_P00707,6.17
M00888_P00716,0.0
M00888_P00718,6.87
M00888_P00724,6.76
M00888_P00728,6.73
M00888_P01177,5.43
M00888_P01182,0.0
M00888_P01184,0.0
M00888_P01193,6.06
M00888_P01196,0.0
M00889_P00888,0.0
M00889_P00889,0.0
M00889_P00893,5.93
M00889_P00894,6.95
M00889_P00895,6.34
M00889_P00901,6.35
M00889_P00909,5.94
M00889_P01041,0.0
M00889_P01042,0.0
M00889_P01048,0.0
M00889_P01049,0.0
M00889_P01051,6.71
M00889_P01055,0.0
M00889_P01063,7.21
M00889_P01064,0.0
M00890_P00136,7.47
M00890_P00141,6.66
M00890_P00148,5.36
M00890_P00156,6.39
M00890_P00443,0.0
M00890_P00448,0.0
M00890_P00452,6.36
M00890_P00462,0.0
M00890_P00463,6.4
M00890_P00465,5.85
M00890_P00468,5.39
M00891_P00345,0.0
M00891_P00347,0.0
M00891_P00351,5.81
M00891_P00353,6.34
M00891_P00359,6.95
M00891_P00362,0.0
M00891_P00835,6.96
M00891_P00840,0.0
M00891_P00844,5.27
M00891_P00847,5.89
M00891_P00848,0.0
M00891_P00856,6.05
M00892_P00655,6.72
M00892_P00662,6.0
M00892_P00666,6.39
M00892_P00668,6.56
M00892_P00669,7.18
M00892_P00673,6.03
M00892_P00674,0.0
M00892_P00991,0.0
M00892_P00993,0.0
M00892_P00997,0.0
M00892_P01000,6.3
M00892_P01010,0.0
M00893_P00515,0.0
M00893_P01177,5.17
M00893_P01182,5.05
M00893_P01184,0.0
M00893_P01193,0.0
M00893_P01196,6.76
M00894_P00079,0.0
M00894_P00082,5.78
M00894_P00087,5.97
M00894_P00097,6.57
M00894_P00102,0.0
M00894_P00423,7.61
M00894_P00424,6.43
M00894_P00425,0.0
M00894_P00426,6.71
M00894_P00431,5.98
M00894_P00436,0.0
M00894_P00440,5.91
M00895_P00185,0.0
M00895_P00193,0.0
M00895_P00197,0.0
M00895_P00199,6.93
M00895_P00200,5.89
M00895_P00782,0.0
M00895_P00786,0.0
M00895_P00788,0.0
M00895_P00797,6.67
M00895_P00803,6.3
M00896_P00515,5.27
M00896_P01120,0.0
M00897_P00011,5.45
M00897_P00024,0.0
M00897_P00185,0.0
M00897_P00193,6.22
M00897_P00197,5.51
M00897_P00199,6.69
M00897_P00200,6.12
M00898_P00011,0.0
M00898_P00024,6.05
M00898_P01146,7.63
M00898_P01157,0.0
M00898_P01166,5.89
M00898_P01169,0.0
M00899_P00574,5.38
M00899_P00579,0.0
M00899_P00582,6.24
M00899_P00584,0.0
M00899_P00586,5.66
M00899_P00590,6.62
M00899_P00888,0.0
M00899_P00889,7.17
M00899_P00893,0.0
M00899_P00894,5.47
M00899_P00895,6.15
M00899_P00901,7.31
M00899_P00909,0.0
M00900_P00266,0.0
M00900_P00271,0.0
M00900_P00278,6.63
M00900_P00286,0.0
M00900_P00625,0.0
M00900_P00630,0.0
M00900_P00632,5.97
M00900_P00635,5.31
M00900_P00644,0.0
M00900_P00645,0.0
M00900_P00650,5.82
M00901_P00185,0.0
M00901_P00193,6.21
M00901_P00197,6.46
M00901_P00199,0.0
M00901_P00200,5.76
M00901_P01201,6.45
M00901_P01209,3.8
M00901_P01210,0.0
M00901_P01211,0.0
M00901_P01214,0.0
M00902_P00549,5.96
M00902_P00552,5.43
M00902_P00554,0.0
M00902_P00561,0.0
M00902_P00562,0.0
M00902_P00568,5.13
M00902_P00732,6.22
M00902_P00738,0.0
M00902_P00742,0.0
M00902_P00744,5.68
M00902_P00747,7.25
M00902_P00753,5.83
M00903_P00423,7.08
M00903_P00424,0.0
M00903_P00425,6.64
M00903_P00426,0.0
M00903_P00431,0.0
M00903_P00436,0.0
M00903_P00440,6.1
M00903_P01201,5.92
M00903_P01209,0.0
M00903_P01210,0.0
M00903_P01211,0.0
M00903_P01214,5.75
M00904_P00761,0.0
M00904_P00772,5.86
M00904_P00807,0.0
M00904_P00812,7.63
M00904_P00819,5.57
M00904_P00826,6.48
M00904_P00827,0.0
M00905_P00079,0.0
M00905_P00082,0.0
M00905_P00087,6.07
M00905_P00097,6.43
M00905_P00102,6.09
M00905_P00835,5.61
M00905_P00840,0.0
M00905_P00844,5.79
M00905_P00847,6.01
M00905_P00848,5.68
M00905_P00856,0.0
M00906_P00266,6.67
M00906_P00271,0.0
M00906_P00278,7.3
M00906_P00286,6.59
M00906_P00611,4.75
M00906_P00618,6.04
M00906_P00619,0.0
M00906_P00622,5.16
M00907_P00940,0.0
M00907_P00948,6.49
M00907_P00950,0.0
M00907_P00951,6.78
M00907_P00959,0.0
M00907_P00962,7.45
M00907_P01146,0.0
M00907_P01157,5.95
M00907_P01166,6.82
M00907_P01169,5.71
M00908_P00368,6.23
M00908_P00372,0.0
M00908_P00378,0.0
M00908_P00382,0.0
M00908_P00383,5.97
M00908_P00863,5.01
M00908_P00880,6.34
M00908_P00882,7.24
M00909_P00011,0.0
M00909_P00024,0.0
M00909_P00423,6.81
M00909_P00424,0.0
M00909_P00425,0.0
M00909_P00426,0.0
M00909_P00431,6.01
M00909_P00436,6.47
M00909_P00440,6.31
M00910_P00611,0.0
M00910_P00618,0.0
M00910_P00619,0.0
M00910_P00622,0.0
M00910_P00655,0.0
M00910_P00662,6.28
M00910_P00666,0.0
M00910_P00668,0.0
M00910_P00669,6.97
M00910_P00673,6.47
M00910_P00674,6.03
M00911_P00055,0.0
M00911_P00057,5.27
M00911_P00059,6.22
M00911_P00064,0.0
M00911_P00066,7.08
M00911_P00071,5.77
M00911_P00077,0.0
M00911_P00940,6.58
M00911_P00948,0.0
M00911_P00950,6.0
M00911_P00951,6.69
M00911_P00959,5.43
M00911_P00962,6.84
M00912_P00368,6.13
M00912_P00372,7.11
M00912_P00378,5.41
M00912_P00382,5.97
M00912_P00383,0.0
M00912_P00549,5.18
M00912_P00552,6.13
M00912_P00554,6.23
M00912_P00561,7.15
M00912_P00562,5.31
M00912_P00568,0.0
M00913_P00529,6.04
M00913_P00535,0.0
M00913_P00536,5.74
M00913_P00542,6.48
M00913_P00543,0.0
M00913_P01201,5.18
M00913_P01209,6.77
M00913_P01210,5.79
M00913_P01211,0.0
M00913_P01214,5.9
M00914_P00611,0.0
M00914_P00618,6.36
M00914_P00619,6.08
M00914_P00622,5.15
M00914_P00940,6.35
M00914_P00948,5.74
M00914_P00950,6.88
M00914_P00951,6.76
M00914_P00959,6.5
M00914_P00962,6.35
M00915_P00287,0.0
M00915_P00290,5.4
M00915_P00291,0.0
M00915_P00295,7.38
M00915_P00297,0.0
M00915_P00298,6.03
M00915_P00299,5.47
M00915_P00304,0.0
M00915_P00307,0.0
M00915_P00309,6.02
M00915_P00310,5.63
M00915_P00391,0.0
M00915_P00399,0.0
M00915_P00410,0.0
M00915_P00416,6.9
M00916_P00108,4.14
M00916_P00110,6.27
M00916_P00114,7.5
M00916_P00124,5.92
M00916_P00129,0.0
M00916_P00655,0.0
M00916_P00662,5.78
M00916_P00666,6.3
M00916_P00668,0.0
M00916_P00669,0.0
M00916_P00673,6.24
M00916_P00674,0.0
M00917_P00515,0.0
M00917_P00549,0.0
M00917_P00552,0.0
M00917_P00554,0.0
M00917_P00561,7.85
M00917_P00562,6.21
M00917_P00568,0.0
M00918_P00011,6.15
M00918_P00024,5.72
M00918_P00625,6.05
M00918_P00630,6.29
M00918_P00632,6.97
M00918_P00635,6.53
M00918_P00644,7.25
M00918_P00645,0.0
M00918_P00650,6.59
M00919_P00515,4.95
M00919_P00940,5.31
M00919_P00948,0.0
M00919_P00950,0.0
M00919_P00951,6.6
M00919_P00959,0.0
M00919_P00962,6.52
M00920_P00611,6.41
M00920_P00618,6.34
M00920_P00619,0.0
M00920_P00622,0.0
M00920_P00761,6.24
M00920_P00772,5.48
M00921_P00313,0.0
M00921_P00324,7.12
M00921_P00329,6.24
M00921_P00333,5.89
M00921_P00334,0.0
M00921_P01223,5.14
M00921_P01234,6.04
M00921_P01236,5.43
M00921_P01241,0.0
M00921_P01242,5.18
M00922_P00011,0.0
M00922_P00024,6.78
M00922_P00241,5.19
M00922_P00244,0.0
M00922_P00245,6.32
M00922_P00248,7.2
M00922_P00255,0.0
M00922_P00260,6.33
M00923_P00368,4.44
M00923_P00372,7.34
M00923_P00378,6.4
M00923_P00382,5.82
M00923_P00383,6.69
M00923_P00922,7.54
M00923_P00927,5.93
M00923_P00931,5.63
M00923_P00935,0.0
M00924_P00011,6.05
M00924_P00024,6.13
M00924_P00549,6.63
M00924_P00552,0.0
M00924_P00554,6.68
M00924_P00561,7.77
M00924_P00562,6.26
M00924_P00568,0.0
M00925_P01201,5.84
M00925_P01209,6.19
M00925_P01210,5.21
M00925_P01211,6.27
M00925_P01214,0.0
M00925_P01223,5.46
M00925_P01234,6.72
M00925_P01236,5.76
M00925_P01241,6.7
M00925_P01242,6.02
M00926_P00345,6.44
M00926_P00347,6.02
M00926_P00351,6.23
M00926_P00353,0.0
M00926_P00359,6.51
M00926_P00362,6.18
M00926_P00888,0.0
M00926_P00889,5.16
M00926_P00893,5.58
M00926_P00894,0.0
M00926_P00895,0.0
M00926_P00901,0.0
M00926_P00909,6.54
M00927_P00079,7.27
M00927_P00082,0.0
M00927_P00087,0.0
M00927_P00097,0.0
M00927_P00102,0.0
M00927_P00807,0.0
M00927_P00812,0.0
M00927_P00819,0.0
M00927_P00826,6.62
M00927_P00827,7.66
M00928_P00055,0.0
M00928_P00057,5.67
M00928_P00059,5.92
M00928_P00064,5.67
M00928_P00066,6.81
M00928_P00071,0.0
M00928_P00077,5.8
M00928_P00136,6.76
M00928_P00141,7.62
M00928_P00148,6.01
M00928_P00156,0.0
M00929_P00611,0.0
M00929_P00618,0.0
M00929_P00619,5.72
M00929_P00622,0.0
M00929_P01146,7.47
M00929_P01157,6.41
M00929_P01166,0.0
M00929_P01169,5.48
M00930_P00157,6.17
M00930_P00159,0.0
M00930_P00164,0.0
M00930_P00169,0.0
M00930_P00171,6.92
M00930_P00175,0.0
M00930_P00965,6.33
M00930_P00966,0.0
M00930_P00975,6.48
M00930_P00978,0.0
M00930_P00980,0.0
M00930_P00986,0.0
M00931_P00655,6.22
M00931_P00662,5.81
M00931_P00666,0.0
M00931_P00668,0.0
M00931_P00669,5.78
M00931_P00673,6.64
M00931_P00674,0.0
M00931_P01041,0.0
M00931_P01042,6.0
M00931_P01048,6.35
M00931_P01049,6.74
M00931_P01051,6.52
M00931_P01055,0.0
M00931_P01063,5.58
M00931_P01064,0.0
M00932_P00705,0.0
M00932_P00707,6.62
M00932_P00716,7.7
M00932_P00718,7.53
M00932_P00724,0.0
M00932_P00728,0.0
M00932_P01120,4.63
M00933_P00423,0.0
M00933_P00424,6.54
M00933_P00425,5.36
M00933_P00426,4.77
M00933_P00431,5.91
M00933_P00436,5.6
M00933_P00440,0.0
M00933_P00478,5.14
M00933_P00479,0.0
M00933_P00486,5.78
M00933_P00491,6.59
M00934_P00529,0.0
M00934_P00535,5.54
M00934_P00536,0.0
M00934_P00542,5.35
M00934_P00543,0.0
M00934_P01146,0.0
M00934_P01157,5.43
M00934_P01166,0.0
M00934_P01169,5.78
M00935_P00368,5.39
M00935_P00372,0.0
M00935_P00378,6.07
M00935_P00382,0.0
M00935_P00383,6.89
M00935_P00443,0.0
M00935_P00448,6.28
M00935_P00452,6.32
M00935_P00462,6.53
M00935_P00463,6.94
M00935_P00465,5.7
M00935_P00468,6.25
M00936_P00209,5.69
M00936_P00210,0.0
M00936_P00211,0.0
M00936_P00219,5.24
M00936_P00221,5.6
M00936_P00222,6.47
M00936_P00232,0.0
M00936_P00234,8.56
M00936_P00991,6.67
M00936_P00993,6.0
M00936_P00997,0.0
M00936_P01000,6.55
M00936_P01010,0.0
M00937_P00157,6.56
M00937_P00159,0.0
M00937_P00164,6.33
M00937_P00169,5.42
M00937_P00171,7.08
M00937_P00175,0.0
M00937_P00287,0.0
M00937_P00290,5.9
M00937_P00291,5.34
M00937_P00295,0.0
M00937_P00297,5.37
M00937_P00298,5.16
M00937_P00299,0.0
M00937_P00304,6.22
M00937_P00307,6.42
M00937_P00309,7.18
M00937_P00310,5.92
M00938_P00529,5.2
M00938_P00535,6.39
M00938_P00536,5.81
M00938_P00542,0.0
M00938_P00543,6.46
M00938_P00705,0.0
M00938_P00707,0.0
M00938_P00716,6.16
M00938_P00718,0.0
M00938_P00724,0.0
M00938_P00728,0.0
M00939_P00345,6.24
M00939_P00347,0.0
M00939_P00351,0.0
M00939_P00353,5.92
M00939_P00359,6.55
M00939_P00362,5.81
M00939_P00761,0.0
M00939_P00772,5.75
M00940_P00185,5.68
M00940_P00193,5.79
M00940_P00197,0.0
M00940_P00199,6.51
M00940_P00200,0.0
M00940_P00423,0.0
M00940_P00424,6.53
M00940_P00425,6.67
M00940_P00426,5.51
M00940_P00431,5.74
M00940_P00436,0.0
M00940_P00440,6.28
M00941_P00515,4.9
M00941_P01120,0.0
M00942_P00345,0.0
M00942_P00347,6.44
M00942_P00351,7.32
M00942_P00353,6.5
M00942_P00359,0.0
M00942_P00362,5.7
M00942_P00549,0.0
M00942_P00552,0.0
M00942_P00554,0.0
M00942_P00561,6.28
M00942_P00562,5.21
M00942_P00568,6.19
M00943_P00391,0.0
M00943_P00399,6.44
M00943_P00410,0.0
M00943_P00416,0.0
M00943_P01177,6.03
M00943_P01182,0.0
M00943_P01184,6.67
M00943_P01193,6.6
M00943_P01196,0.0
M00944_P00079,0.0
M00944_P00082,0.0
M00944_P00087,5.63
M00944_P00097,5.82
M00944_P00102,6.03
M00944_P00835,6.39
M00944_P00840,4.61
M00944_P00844,5.85
M00944_P00847,0.0
M00944_P00848,6.2
M00944_P00856,5.93
M00945_P00287,0.0
M00945_P00290,6.04
M00945_P00291,5.86
M00945_P00295,0.0
M00945_P00297,5.3
M00945_P00298,5.43
M00945_P00299,0.0
M00945_P00304,0.0
M00945_P00307,6.61
M00945_P00309,5.46
M00945_P00310,0.0
M00945_P00423,7.97
M00945_P00424,0.0
M00945_P00425,0.0
M00945_P00426,5.15
M00945_P00431,0.0
M00945_P00436,0.0
M00945_P00440,6.56
M00946_P00732,6.4
M00946_P00738,0.0
M00946_P00742,0.0
M00946_P00744,5.97
M00946_P00747,7.24
M00946_P00753,6.87
M00946_P00940,0.0
M00946_P00948,5.53
M00946_P00950,6.69
M00946_P00951,6.72
M00946_P00959,0.0
M00946_P00962,6.83
M00947_P00157,0.0
M00947_P00159,0.0
M00947_P00164,0.0
M00947_P00169,5.03
M00947_P00171,0.0
M00947_P00175,5.8
M00947_P00782,0.0
M00947_P00786,4.39
M00947_P00788,0.0
M00947_P00797,5.66
M00947_P00803,0.0
M00948_P00011,0.0
M00948_P00024,5.39
M00948_P00185,0.0
M00948_P00193,6.98
M00948_P00197,5.45
M00948_P00199,0.0
M00948_P00200,0.0
M00949_P00209,0.0
M00949_P00210,8.0
M00949_P00211,0.0
M00949_P00219,0.0
M00949_P00221,6.62
M00949_P00222,0.0
M00949_P00232,0.0
M00949_P00234,7.31
M00949_P00345,5.58
M00949_P00347,6.49
M00949_P00351,6.23
M00949_P00353,6.31
M00949_P00359,6.05
M00949_P00362,4.88
M00950_P01041,0.0
M00950_P01042,6.16
M00950_P01048,5.53
M00950_P01049,0.0
M00950_P01051,5.97
M00950_P01055,6.26
M00950_P01063,6.05
M00950_P01064,6.79
M00950_P01120,0.0
M00951_P00965,0.0
M00951_P00966,6.06
M00951_P00975,7.32
M00951_P00978,6.63
M00951_P00980,0.0
M00951_P00986,6.85
M00951_P00991,8.07
M00951_P00993,5.7
M00951_P00997,6.36
M00951_P01000,0.0
M00951_P01010,6.52
M00952_P00032,6.6
M00952_P00044,7.09
M00952_P00045,6.64
M00952_P00050,6.99
M00952_P00052,0.0
M00952_P00136,0.0
M00952_P00141,6.73
M00952_P00148,5.34
M00952_P00156,6.65
M00953_P00136,7.9
M00953_P00141,0.0
M00953_P00148,6.78
M00953_P00156,0.0
M00953_P00209,0.0
M00953_P00210,0.0
M00953_P00211,5.3
M00953_P00219,0.0
M00953_P00221,6.94
M00953_P00222,6.19
M00953_P00232,5.89
M00953_P00234,0.0
M00954_P00055,6.59
M00954_P00057,0.0
M00954_P00059,5.79
M00954_P00064,5.85
M00954_P00066,0.0
M00954_P00071,6.12
M00954_P00077,0.0
M00954_P00782,0.0
M00954_P00786,5.84
M00954_P00788,0.0
M00954_P00797,7.38
M00954_P00803,5.35
M00955_P00705,0.0
M00955_P00707,0.0
M00955_P00716,6.46
M00955_P00718,0.0
M00955_P00724,6.22
M00955_P00728,6.72
M00955_P00940,5.89
M00955_P00948,7.03
M00955_P00950,6.21
M00955_P00951,5.54
M00955_P00959,0.0
M00955_P00962,6.38
M00956_P00032,5.9
M00956_P00044,5.74
M00956_P00045,0.0
M00956_P00050,5.74
M00956_P00052,0.0
M00956_P00807,6.45
M00956_P00812,7.13
M00956_P00819,0.0
M00956_P00826,5.87
M00956_P00827,7.45
M00957_P00287,0.0
M00957_P00290,6.42
M00957_P00291,5.41
M00957_P00295,6.97
M00957_P00297,0.0
M00957_P00298,5.04
M00957_P00299,4.75
M00957_P00304,5.59
M00957_P00307,5.91
M00957_P00309,5.23
M00957_P00310,0.0
M00957_P00611,0.0
M00957_P00618,0.0
M00957_P00619,0.0
M00957_P00622,0.0
M00958_P00443,0.0
M00958_P00448,0.0
M00958_P00452,6.14
M00958_P00462,0.0
M00958_P00463,6.2
M00958_P00465,6.92
M00958_P00468,5.83
M00958_P00478,6.02
M00958_P00479,6.59
M00958_P00486,6.29
M00958_P00491,6.14
M00959_P00055,0.0
M00959_P00057,6.8
M00959_P00059,6.25
M00959_P00064,0.0
M00959_P00066,7.58
M00959_P00071,6.1
M00959_P00077,6.71
M00959_P01041,0.0
M00959_P01042,7.34
M00959_P01048,6.34
M00959_P01049,7.82
M00959_P01051,5.1
M00959_P01055,0.0
M00959_P01063,6.69
M00959_P01064,5.91
M00960_P00478,6.16
M00960_P00479,7.13
M00960_P00486,0.0
M00960_P00491,0.0
M00960_P01070,6.16
M00960_P01074,0.0
M00960_P01082,0.0
M00961_P00782,5.95
M00961_P00786,5.49
M00961_P00788,7.65
M00961_P00797,6.1
M00961_P00803,6.04
M00961_P00922,0.0
M00961_P00927,6.07
M00961_P00931,4.92
M00961_P00935,0.0
M00962_P00443,0.0
M00962_P00448,5.39
M00962_P00452,6.27
M00962_P00462,0.0
M00962_P00463,0.0
M00962_P00465,6.44
M00962_P00468,6.11
M00962_P00655,0.0
M00962_P00662,5.26
M00962_P00666,6.86
M00962_P00668,5.5
M00962_P00669,6.23
M00962_P00673,0.0
M00962_P00674,0.0
M00963_P00313,0.0
M00963_P00324,6.63
M00963_P00329,5.6
M00963_P00333,6.58
M00963_P00334,0.0
M00963_P01099,0.0
M00963_P01107,0.0
M00963_P01108,6.64
M00963_P01109,5.81
M00963_P01114,0.0
M00963_P01118,6.07
M00964_P00888,0.0
M00964_P00889,6.08
M00964_P00893,5.19
M00964_P00894,5.35
M00964_P00895,6.12
M00964_P00901,0.0
M00964_P00909,6.55
M00964_P01041,0.0
M00964_P01042,0.0
M00964_P01048,0.0
M00964_P01049,0.0
M00964_P01051,6.32
M00964_P01055,0.0
M00964_P01063,5.8
M00964_P01064,6.01
M00965_P00625,0.0
M00965_P00630,6.25
M00965_P00632,6.44
M00965_P00635,0.0
M00965_P00644,7.39
M00965_P00645,0.0
M00965_P00650,0.0
M00965_P01201,0.0
M00965_P01209,0.0
M00965_P01210,0.0
M00965_P01211,6.91
M00965_P01214,6.26
M00966_P00807,6.07
M00966_P00812,0.0
M00966_P00819,7.65
M00966_P00826,6.07
M00966_P00827,0.0
M00966_P00888,5.68
M00966_P00889,5.9
M00966_P00893,0.0
M00966_P00894,0.0
M00966_P00895,0.0
M00966_P00901,8.21
M00966_P00909,0.0
M00967_P00443,6.14
M00967_P00448,5.51
M00967_P00452,6.74
M00967_P00462,0.0
M00967_P00463,5.88
M00967_P00465,6.76
M00967_P00468,5.52
M00967_P00625,0.0
M00967_P00630,6.47
M00967_P00632,7.25
M00967_P00635,0.0
M00967_P00644,6.04
M00967_P00645,6.85
M00967_P00650,6.46
M00968_P00529,5.37
M00968_P00535,0.0
M00968_P00536,5.77
M00968_P00542,6.32
M00968_P00543,0.0
M00968_P01020,0.0
M00968_P01034,6.48
M00968_P01037,5.85
M00968_P01038,6.96
M00969_P00079,6.04
M00969_P00082,0.0
M00969_P00087,0.0
M00969_P00097,6.48
M00969_P00102,5.49
M00969_P00443,0.0
M00969_P00448,0.0
M00969_P00452,0.0
M00969_P00462,0.0
M00969_P00463,5.97
M00969_P00465,0.0
M00969_P00468,6.65
M00970_P00368,5.04
M00970_P00372,6.63
M00970_P00378,5.55
M00970_P00382,7.32
M00970_P00383,7.03
M00970_P00965,0.0
M00970_P00966,0.0
M00970_P00975,0.0
M00970_P00978,0.0
M00970_P00980,6.4
M00970_P00986,6.49
M00971_P00391,0.0
M00971_P00399,6.12
M00971_P00410,0.0
M00971_P00416,0.0
M00971_P01120,5.78
M00972_P00079,0.0
M00972_P00082,6.33
M00972_P00087,5.91
M00972_P00097,5.81
M00972_P00102,0.0
M00972_P00888,0.0
M00972_P00889,5.43
M00972_P00893,5.95
M00972_P00894,0.0
M00972_P00895,6.91
M00972_P00901,0.0
M00972_P00909,6.9
M00973_P00625,0.0
M00973_P00630,6.1
M00973_P00632,6.52
M00973_P00635,6.75
M00973_P00644,0.0
M00973_P00645,5.91
M00973_P00650,0.0
M00973_P00940,6.28
M00973_P00948,5.46
M00973_P00950,6.33
M00973_P00951,0.0
M00973_P00959,6.23
M00973_P00962,0.0
M00974_P00287,0.0
M00974_P00290,7.18
M00974_P00291,5.67
M00974_P00295,7.66
M00974_P00297,0.0
M00974_P00298,6.42
M00974_P00299,6.86
M00974_P00304,6.95
M00974_P00307,5.85
M00974_P00309,0.0
M00974_P00310,0.0
M00974_P00423,7.43
M00974_P00424,0.0
M00974_P00425,5.54
M00974_P00426,0.0
M00974_P00431,5.17
M00974_P00436,6.14
M00974_P00440,0.0
M00975_P01146,6.89
M00975_P01157,0.0
M00975_P01166,6.61
M00975_P01169,5.81
M00975_P01223,6.69
M00975_P01234,0.0
M00975_P01236,0.0
M00975_P01241,0.0
M00975_P01242,4.8
M00976_P01146,0.0
M00976_P01157,0.0
M00976_P01166,6.6
M00976_P01169,5.95
M00976_P01177,6.18
M00976_P01182,0.0
M00976_P01184,5.95
M00976_P01193,5.4
M00976_P01196,0.0
M00977_P00313,0.0
M00977_P00324,6.55
M00977_P00329,5.54
M00977_P00333,6.73
M00977_P00334,6.31
M00977_P00940,5.63
M00977_P00948,5.17
M00977_P00950,7.27
M00977_P00951,5.98
M00977_P00959,0.0
M00977_P00962,6.46
M00978_P00287,6.45
M00978_P00290,6.54
M00978_P00291,5.16
M00978_P00295,6.78
M00978_P00297,5.69
M00978_P00298,0.0
M00978_P00299,5.33
M00978_P00304,6.42
M00978_P00307,6.05
M00978_P00309,0.0
M00978_P00310,7.14
M00978_P00835,6.11
M00978_P00840,5.83
M00978_P00844,5.89
M00978_P00847,0.0
M00978_P00848,0.0
M00978_P00856,0.0
M00979_P00079,7.18
M00979_P00082,6.37
M00979_P00087,6.69
M00979_P00097,7.51
M00979_P00102,5.91
M00979_P00391,0.0
M00979_P00399,5.8
M00979_P00410,5.73
M00979_P00416,5.54
M00980_P00032,0.0
M00980_P00044,7.35
M00980_P00045,5.12
M00980_P00050,0.0
M00980_P00052,5.77
M00980_P00888,0.0
M00980_P00889,4.7
M00980_P00893,5.47
M00980_P00894,6.15
M00980_P00895,0.0
M00980_P00901,0.0
M00980_P00909,0.0
M00981_P00549,0.0
M00981_P00552,5.88
M00981_P00554,0.0
M00981_P00561,7.1
M00981_P00562,5.78
M00981_P00568,6.98
M00981_P01041,0.0
M00981_P01042,0.0
M00981_P01048,5.68
M00981_P01049,8.28
M00981_P01051,0.0
M00981_P01055,6.84
M00981_P01063,0.0
M00981_P01064,6.76
M00982_P00549,0.0
M00982_P00552,4.86
M00982_P00554,7.94
M00982_P00561,0.0
M00982_P00562,6.78
M00982_P00568,6.06
M00982_P01201,0.0
M00982_P01209,6.13
M00982_P01210,6.11
M00982_P01211,0.0
M00982_P01214,6.06
M00983_P00032,6.19
M00983_P00044,6.85
M00983_P00045,0.0
M00983_P00050,0.0
M00983_P00052,0.0
M00983_P00079,7.56
M00983_P00082,0.0
M00983_P00087,0.0
M00983_P00097,0.0
M00983_P00102,6.46
M00984_P00185,5.82
M00984_P00193,0.0
M00984_P00197,5.58
M00984_P00199,6.75
M00984_P00200,0.0
M00984_P00888,6.88
M00984_P00889,0.0
M00984_P00893,0.0
M00984_P00894,6.27
M00984_P00895,5.67
M00984_P00901,7.15
M00984_P00909,5.64
M00985_P00611,6.3
M00985_P00618,0.0
M00985_P00619,0.0
M00985_P00622,0.0
M00985_P01201,6.05
M00985_P01209,6.07
M00985_P01210,6.15
M00985_P01211,7.56
M00985_P01214,5.97
M00986_P00157,5.44
M00986_P00159,0.0
M00986_P00164,0.0
M00986_P00169,6.04
M00986_P00171,0.0
M00986_P00175,6.17
M00986_P00965,0.0
M00986_P00966,6.39
M00986_P00975,7.03
M00986_P00978,0.0
M00986_P00980,0.0
M00986_P00986,0.0
M00987_P00209,0.0
M00987_P00210,7.16
M00987_P00211,0.0
M00987_P00219,0.0
M00987_P00221,0.0
M00987_P00222,5.38
M00987_P00232,5.46
M00987_P00234,0.0
M00987_P00529,6.73
M00987_P00535,6.77
M00987_P00536,6.23
M00987_P00542,0.0
M00987_P00543,0.0
M00988_P00807,6.66
M00988_P00812,7.13
M00988_P00819,5.86
M00988_P00826,6.28
M00988_P00827,6.77
M00988_P01041,6.32
M00988_P01042,0.0
M00988_P01048,6.57
M00988_P01049,7.25
M00988_P01051,6.56
M00988_P01055,5.49
M00988_P01063,0.0
M00988_P01064,0.0
M00989_P00287,0.0
M00989_P00290,4.71
M00989_P00291,6.0
M00989_P00295,7.05
M00989_P00297,6.92
M00989_P00298,0.0
M00989_P00299,6.58
M00989_P00304,0.0
M00989_P00307,5.7
M00989_P00309,6.59
M00989_P00310,0.0
M00989_P01201,4.99
M00989_P01209,0.0
M00989_P01210,5.58
M00989_P01211,0.0
M00989_P01214,0.0
M00990_P00368,5.49
M00990_P00372,6.22
M00990_P00378,4.91
M00990_P00382,0.0
M00990_P00383,5.5
M00990_P01120,0.0
M00991_P00515,6.09
M00991_P00625,6.45
M00991_P00630,5.7
M00991_P00632,6.34
M00991_P00635,0.0
M00991_P00644,0.0
M00991_P00645,6.23
M00991_P00650,6.14
M00992_P00209,5.57
M00992_P00210,0.0
M00992_P00211,0.0
M00992_P00219,0.0
M00992_P00221,6.73
M00992_P00222,0.0
M00992_P00232,7.06
M00992_P00234,7.25
M00992_P00313,0.0
M00992_P00324,6.72
M00992_P00329,7.01
M00992_P00333,6.65
M00992_P00334,6.95
M00993_P00940,5.21
M00993_P00948,4.98
M00993_P00950,6.64
M00993_P00951,5.38
M00993_P00959,0.0
M00993_P00962,6.85
M00993_P01146,0.0
M00993_P01157,6.75
M00993_P01166,0.0
M00993_P01169,5.59
M00994_P00287,0.0
M00994_P00290,5.62
M00994_P00291,0.0
M00994_P00295,6.84
M00994_P00297,6.17
M00994_P00298,0.0
M00994_P00299,6.21
M00994_P00304,5.34
M00994_P00307,0.0
M00994_P00309,5.76
M00994_P00310,0.0
M00994_P01020,7.6
M00994_P01034,5.25
M00994_P01037,6.68
M00994_P01038,5.94
M00995_P00940,5.87
M00995_P00948,6.69
M00995_P00950,0.0
M00995_P00951,6.22
M00995_P00959,5.14
M00995_P00962,0.0
M00995_P01041,0.0
M00995_P01042,0.0
M00995_P01048,5.5
M00995_P01049,0.0
M00995_P01051,6.69
M00995_P01055,6.55
M00995_P01063,5.62
M00995_P01064,5.05
M00996_P00241,0.0
M00996_P00244,5.12
M00996_P00245,7.37
M00996_P00248,0.0
M00996_P00255,7.57
M00996_P00260,0.0
M00996_P00574,0.0
M00996_P00579,0.0
M00996_P00582,7.16
M00996_P00584,6.48
M00996_P00586,0.0
M00996_P00590,0.0
M00997_P00391,0.0
M00997_P00399,0.0
M00997_P00410,6.71
M00997_P00416,0.0
M00997_P00611,0.0
M00997_P00618,5.88
M00997_P00619,5.51
M00997_P00622,6.78
M00998_P00136,7.76
M00998_P00141,0.0
M00998_P00148,0.0
M00998_P00156,0.0
M00998_P01041,0.0
M00998_P01042,6.52
M00998_P01048,5.99
M00998_P01049,7.7
M00998_P01051,6.96
M00998_P01055,4.74
M00998_P01063,6.1
M00998_P01064,5.83
M00999_P00011,6.07
M00999_P00024,7.09
M00999_P00732,6.24
M00999_P00738,0.0
M00999_P00742,6.68
M00999_P00744,0.0
M00999_P00747,7.56
M00999_P00753,5.13
M01000_P00391,0.0
M01000_P00399,7.13
M01000_P00410,0.0
M01000_P00416,7.04
M01000_P01177,6.73
M01000_P01182,6.13
M01000_P01184,0.0
M01000_P01193,0.0
M01000_P01196,6.49
M01001_P00157,6.7
M01001_P00159,0.0
M01001_P00164,5.3
M01001_P00169,6.17
M01001_P00171,5.48
M01001_P00175,6.65
M01001_P00423,0.0
M01001_P00424,5.17
M01001_P00425,7.3
M01001_P00426,0.0
M01001_P00431,5.54
M01001_P00436,0.0
M01001_P00440,5.19
M01002_P00079,0.0
M01002_P00082,0.0
M01002_P00087,6.13
M01002_P00097,6.74
M01002_P00102,6.11
M01002_P00655,6.07
M01002_P00662,4.92
M01002_P00666,6.14
M01002_P00668,0.0
M01002_P00669,0.0
M01002_P00673,5.86
M01002_P00674,5.46
M01003_P00266,7.1
M01003_P00271,6.83
M01003_P00278,6.78
M01003_P00286,0.0
M01003_P00705,4.76
M01003_P00707,6.38
M01003_P00716,7.22
M01003_P00718,7.92
M01003_P00724,4.92
M01003_P00728,0.0
M01004_P00574,0.0
M01004_P00579,0.0
M01004_P00582,0.0
M01004_P00584,7.01
M01004_P00586,0.0
M01004_P00590,6.41
M01004_P00922,5.64
M01004_P00927,5.55
M01004_P00931,0.0
M01004_P00935,7.09
M01005_P00782,0.0
M01005_P00786,0.0
M01005_P00788,7.35
M01005_P00797,0.0
M01005_P00803,5.19
M01005_P00965,5.63
M01005_P00966,6.34
M01005_P00975,7.39
M01005_P00978,0.0
M01005_P00980,0.0
M01005_P00986,0.0
M01006_P00266,0.0
M01006_P00271,0.0
M01006_P00278,0.0
M01006_P00286,0.0
M01006_P00761,5.89
M01006_P00772,6.45
M01007_P00032,0.0
M01007_P00044,7.67
M01007_P00045,0.0
M01007_P00050,5.46
M01007_P00052,7.21
M01007_P00478,0.0
M01007_P00479,7.38
M01007_P00486,7.29
M01007_P00491,6.72
M01008_P00108,5.66
M01008_P00110,0.0
M01008_P00114,7.62
M01008_P00124,7.2
M01008_P00129,6.28
M01008_P00157,5.34
M01008_P00159,0.0
M01008_P00164,0.0
M01008_P00169,0.0
M01008_P00171,6.23
M01008_P00175,6.27
M01009_P00266,0.0
M01009_P00271,6.34
M01009_P00278,0.0
M01009_P00286,0.0
M01009_P00625,0.0
M01009_P00630,6.05
M01009_P00632,6.39
M01009_P00635,5.57
M01009_P00644,0.0
M01009_P00645,6.37
M01009_P00650,0.0
M01010_P00136,7.03
M01010_P00141,7.34
M01010_P00148,0.0
M01010_P00156,7.44
M01010_P00922,0.0
M01010_P00927,6.05
M01010_P00931,0.0
M01010_P00935,6.83
M01011_P00032,6.6
M01011_P00044,6.72
M01011_P00045,5.43
M01011_P00050,0.0
M01011_P00052,0.0
M01011_P01177,6.12
M01011_P01182,5.94
M01011_P01184,6.02
M01011_P01193,6.75
M01011_P01196,6.01
M01012_P00705,0.0
M01012_P00707,6.27
M01012_P00716,7.16
M01012_P00718,5.67
M01012_P00724,5.8
M01012_P00728,0.0
M01012_P00991,7.04
M01012_P00993,5.81
M01012_P00997,6.58
M01012_P01000,0.0
M01012_P01010,0.0
M01013_P00157,0.0
M01013_P00159,6.06
M01013_P00164,6.79
M01013_P00169,0.0
M01013_P00171,5.14
M01013_P00175,5.96
M01013_P00574,6.13
M01013_P00579,0.0
M01013_P00582,0.0
M01013_P00584,6.8
M01013_P00586,6.05
M01013_P00590,0.0
M01014_P00678,0.0
M01014_P00679,0.0
M01014_P00680,5.83
M01014_P00681,0.0
M01014_P00683,5.69
M01014_P00694,5.71
M01014_P01177,0.0
M01014_P01182,0.0
M01014_P01184,6.92
M01014_P01193,0.0
M01014_P01196,6.63
M01015_P00478,6.15
M01015_P00479,5.98
M01015_P00486,6.63
M01015_P00491,6.87
M01015_P01099,0.0
M01015_P01107,0.0
M01015_P01108,6.66
M01015_P01109,0.0
M01015_P01114,5.47
M01015_P01118,7.19
M01016_P00079,0.0
M01016_P00082,6.14
M01016_P00087,5.78
M01016_P00097,7.51
M01016_P00102,5.42
M01016_P00157,0.0
M01016_P00159,0.0
M01016_P00164,0.0
M01016_P00169,6.2
M01016_P00171,0.0
M01016_P00175,5.87
M01017_P00079,7.32
M01017_P00082,6.43
M01017_P00087,0.0
M01017_P00097,7.03
M01017_P00102,0.0
M01017_P00241,0.0
M01017_P00244,5.0
M01017_P00245,6.7
M01017_P00248,0.0
M01017_P00255,0.0
M01017_P00260,6.27
M01018_P00136,7.92
M01018_P00141,5.77
M01018_P00148,5.25
M01018_P00156,6.23
M01018_P00705,0.0
M01018_P00707,5.96
M01018_P00716,0.0
M01018_P00718,6.82
M01018_P00724,6.78
M01018_P00728,0.0
M01019_P00157,0.0
M01019_P00159,5.46
M01019_P00164,0.0
M01019_P00169,7.05
M01019_P00171,7.68
M01019_P00175,0.0
M01019_P00313,0.0
M01019_P00324,5.91
M01019_P00329,0.0
M01019_P00333,7.06
M01019_P00334,6.28
M01020_P00266,6.36
M01020_P00271,0.0
M01020_P00278,7.09
M01020_P00286,6.8
M01020_P01070,5.52
M01020_P01074,0.0
M01020_P01082,0.0
M01021_P00185,0.0
M01021_P00193,6.33
M01021_P00197,0.0
M01021_P00199,0.0
M01021_P00200,6.29
M01021_P00782,0.0
M01021_P00786,6.3
M01021_P00788,0.0
M01021_P00797,6.12
M01021_P00803,0.0
M01022_P00782,6.13
M01022_P00786,0.0
M01022_P00788,7.62
M01022_P00797,6.7
M01022_P00803,0.0
M01022_P00835,6.57
M01022_P00840,0.0
M01022_P00844,6.39
M01022_P00847,6.06
M01022_P00848,4.98
M01022_P00856,0.0
M01023_P00136,0.0
M01023_P00141,0.0
M01023_P00148,0.0
M01023_P00156,6.41
M01023_P01099,6.99
M01023_P01107,5.28
M01023_P01108,5.78
M01023_P01109,0.0
M01023_P01114,0.0
M01023_P01118,6.8
M01024_P00287,6.21
M01024_P00290,5.9
M01024_P00291,5.81
M01024_P00295,8.09
M01024_P00297,5.55
M01024_P00298,5.37
M01024_P00299,0.0
M01024_P00304,0.0
M01024_P00307,5.46
M01024_P00309,0.0
M01024_P00310,7.59
M01024_P00625,0.0
M01024_P00630,6.24
M01024_P00632,5.96
M01024_P00635,5.33
M01024_P00644,7.57
M01024_P00645,0.0
M01024_P00650,0.0
M01025_P00287,0.0
M01025_P00290,0.0
M01025_P00291,4.63
M01025_P00295,0.0
M01025_P00297,6.21
M01025_P00298,6.48
M01025_P00299,5.84
M01025_P00304,6.12
M01025_P00307,6.44
M01025_P00309,0.0
M01025_P00310,0.0
M01025_P00761,6.1
M01025_P00772,6.05
M01026_P00732,5.65
M01026_P00738,6.18
M01026_P00742,6.57
M01026_P00744,0.0
M01026_P00747,0.0
M01026_P00753,0.0
M01026_P00782,0.0
M01026_P00786,6.09
M01026_P00788,0.0
M01026_P00797,6.14
M01026_P00803,0.0
M01027_P00443,0.0
M01027_P00448,6.2
M01027_P00452,5.42
M01027_P00462,6.72
M01027_P00463,0.0
M01027_P00465,6.43
M01027_P00468,5.31
M01027_P00965,6.21
M01027_P00966,0.0
M01027_P00975,6.8
M01027_P00978,7.02
M01027_P00980,0.0
M01027_P00986,7.48
M01028_P01099,0.0
M01028_P01107,0.0
M01028_P01108,7.17
M01028_P01109,6.27
M01028_P01114,0.0
M01028_P01118,0.0
M01028_P01146,0.0
M01028_P01157,0.0
M01028_P01166,5.86
M01028_P01169,0.0
M01029_P00574,0.0
M01029_P00579,4.87
M01029_P00582,0.0
M01029_P00584,6.4
M01029_P00586,6.45
M01029_P00590,6.55
M01029_P01099,5.84
M01029_P01107,5.92
M01029_P01108,7.33
M01029_P01109,0.0
M01029_P01114,0.0
M01029_P01118,6.77
M01030_P00368,6.82
M01030_P00372,6.15
M01030_P00378,0.0
M01030_P00382,5.33
M01030_P00383,6.39
M01030_P00965,0.0
M01030_P00966,0.0
M01030_P00975,6.88
M01030_P00978,0.0
M01030_P00980,7.08
M01030_P00986,7.46
M01031_P00625,0.0
M01031_P00630,5.66
M01031_P00632,0.0
M01031_P00635,6.67
M01031_P00644,5.49
M01031_P00645,7.22
M01031_P00650,0.0
M01031_P00888,0.0
M01031_P00889,5.82
M01031_P00893,4.4
M01031_P00894,6.08
M01031_P00895,6.26
M01031_P00901,0.0
M01031_P00909,0.0
M01032_P00391,0.0
M01032_P00399,0.0
M01032_P00410,6.75
M01032_P00416,7.49
M01032_P00940,5.34
M01032_P00948,7.1
M01032_P00950,6.36
M01032_P00951,0.0
M01032_P00959,0.0
M01032_P00962,0.0
M01033_P00136,0.0
M01033_P00141,0.0
M01033_P00148,6.37
M01033_P00156,6.89
M01033_P00678,0.0
M01033_P00679,7.26
M01033_P00680,0.0
M01033_P00681,6.79
M01033_P00683,7.29
M01033_P00694,6.53
M01034_P00835,0.0
M01034_P00840,4.9
M01034_P00844,0.0
M01034_P00847,5.42
M01034_P00848,6.24
M01034_P00856,6.64
M01034_P00965,6.78
M01034_P00966,0.0
M01034_P00975,5.8
M01034_P00978,7.54
M01034_P00980,6.34
M01034_P00986,0.0
M01035_P00185,0.0
M01035_P00193,0.0
M01035_P00197,0.0
M01035_P00199,5.15
M01035_P00200,6.13
M01035_P00761,5.24
M01035_P00772,0.0
M01036_P00313,5.82
M01036_P00324,6.21
M01036_P00329,5.6
M01036_P00333,0.0
M01036_P00334,0.0
M01036_P00345,0.0
M01036_P00347,6.04
M01036_P00351,0.0
M01036_P00353,0.0
M01036_P00359,0.0
M01036_P00362,5.46
M01037_P00136,0.0
M01037_P00141,7.62
M01037_P00148,7.04
M01037_P00156,6.03
M01037_P00705,0.0
M01037_P00707,6.17
M01037_P00716,0.0
M01037_P00718,6.76
M01037_P00724,0.0
M01037_P00728,0.0
M01038_P00313,6.52
M01038_P00324,0.0
M01038_P00329,5.12
M01038_P00333,6.41
M01038_P00334,6.98
M01038_P01070,6.38
M01038_P01074,6.99
M01038_P01082,6.42
M01039_P00529,6.35
M01039_P00535,5.61
M01039_P00536,5.37
M01039_P00542,5.89
M01039_P00543,0.0
M01039_P01223,0.0
M01039_P01234,0.0
M01039_P01236,0.0
M01039_P01241,5.2
M01039_P01242,5.62
M01040_P00625,0.0
M01040_P00630,5.45
M01040_P00632,0.0
M01040_P00635,6.57
M01040_P00644,5.56
M01040_P00645,6.6
M01040_P00650,6.31
M01040_P00940,0.0
M01040_P00948,6.79
M01040_P00950,7.18
M01040_P00951,0.0
M01040_P00959,6.19
M01040_P00962,7.07
M01041_P00443,7.07
M01041_P00448,5.01
M01041_P00452,5.86
M01041_P00462,6.22
M01041_P00463,6.7
M01041_P00465,0.0
M01041_P00468,0.0
M01041_P00888,0.0
M01041_P00889,0.0
M01041_P00893,5.66
M01041_P00894,0.0
M01041_P00895,0.0
M01041_P00901,7.44
M01041_P00909,0.0
M01042_P01020,0.0
M01042_P01034,0.0
M01042_P01037,6.22
M01042_P01038,0.0
M01042_P01146,0.0
M01042_P01157,0.0
M01042_P01166,0.0
M01042_P01169,0.0
M01043_P00185,5.7
M01043_P00193,0.0
M01043_P00197,6.49
M01043_P00199,5.42
M01043_P00200,0.0
M01043_P00705,5.57
M01043_P00707,0.0
M01043_P00716,5.9
M01043_P00718,0.0
M01043_P00724,0.0
M01043_P00728,7.01
M01044_P00940,5.78
M01044_P00948,7.32
M01044_P00950,5.46
M01044_P00951,0.0
M01044_P00959,0.0
M01044_P00962,7.03
M01044_P00991,0.0
M01044_P00993,6.36
M01044_P00997,5.91
M01044_P01000,0.0
M01044_P01010,6.82
M01045_P00157,5.64
M01045_P00159,0.0
M01045_P00164,6.27
M01045_P00169,6.24
M01045_P00171,0.0
M01045_P00175,5.78
M01045_P00965,6.92
M01045_P00966,5.51
M01045_P00975,0.0
M01045_P00978,7.39
M01045_P00980,0.0
M01045_P00986,0.0
M01046_P00478,6.19
M01046_P00479,6.47
M01046_P00486,6.55
M01046_P00491,0.0
M01046_P00922,6.66
M01046_P00927,5.99
M01046_P00931,6.68
M01046_P00935,5.96
M01047_P00423,6.08
M01047_P00424,5.26
M01047_P00425,0.0
M01047_P00426,0.0
M01047_P00431,5.02
M01047_P00436,5.75
M01047_P00440,6.32
M01047_P00655,7.33
M01047_P00662,6.03
M01047_P00666,7.1
M01047_P00668,0.0
M01047_P00669,6.84
M01047_P00673,6.99
M01047_P00674,6.17
M01048_P00940,5.66
M01048_P00948,0.0
M01048_P00950,5.99
M01048_P00951,0.0
M01048_P00959,0.0
M01048_P00962,6.47
M01048_P01020,6.29
M01048_P01034,5.35
M01048_P01037,0.0
M01048_P01038,6.86
M01049_P00287,0.0
M01049_P00290,0.0
M01049_P00291,5.45
M01049_P00295,0.0
M01049_P00297,5.27
M01049_P00298,5.75
M01049_P00299,5.34
M01049_P00304,5.03
M01049_P00307,6.17
M01049_P00309,0.0
M01049_P00310,6.0
M01049_P00478,0.0
M01049_P00479,7.95
M01049_P00486,0.0
M01049_P00491,5.35
M01050_P00991,0.0
M01050_P00993,4.58
M01050_P00997,5.57
M01050_P01000,5.83
M01050_P01010,5.98
M01050_P01020,7.62
M01050_P01034,0.0
M01050_P01037,7.54
M01050_P01038,0.0
